Unity Editor version:    6000.3.2f1 (a9779f353c9b)
Branch:                  6000.3/staging
Build type:              Release
Batch mode:              YES
macOS version:           Version 15.3.1 (Build 24D70)
Darwin version:          24.3.0
Architecture:            arm64
Running under Rosetta:   NO
Available memory:        8192 MB
Date:                    2026-07-15T15:11:40Z
[Licensing::Module] Trying to connect to existing licensing client channel...
[Licensing::IpcConnector] Channel LicenseClient-oriolcortes doesn't exist
[Licensing::IpcConnector] Successfully connected to: "LicenseClient-oriolcortes-6000.3.2" at "2026-07-15T15:11:40.045081Z"

COMMAND LINE ARGUMENTS:
/Applications/Unity/Hub/Editor/6000.3.2f1/Unity.app/Contents/MacOS/Unity
-adb2
-batchMode
-noUpm
-name
AssetImportWorker0
-projectPath
/Users/oriolcortes/Desktop/Fork/GameJam
-logFile
Logs/AssetImportWorker0.log
-srvPort
49346
-licensingIpc
LicenseClient-oriolcortes
-job-worker-count
3
-background-job-worker-count
8
-gc-helper-count
1
-name AssetImport
Successfully changed project path to: /Users/oriolcortes/Desktop/Fork/GameJam
/Users/oriolcortes/Desktop/Fork/GameJam
[UnityMemory] Configuration Parameters - Can be set up in boot.config
    "memorysetup-allocator-temp-initial-block-size-main=262144"
    "memorysetup-allocator-temp-initial-block-size-worker=262144"
    "memorysetup-temp-allocator-size-background-worker=32768"
    "memorysetup-temp-allocator-size-job-worker=262144"
    "memorysetup-temp-allocator-size-preload-manager=33554432"
    "memorysetup-temp-allocator-size-nav-mesh-worker=65536"
    "memorysetup-temp-allocator-size-audio-worker=65536"
    "memorysetup-temp-allocator-size-cloud-worker=32768"
    "memorysetup-bucket-allocator-granularity=16"
    "memorysetup-bucket-allocator-bucket-count=8"
    "memorysetup-bucket-allocator-block-size=33554432"
    "memorysetup-bucket-allocator-block-count=8"
    "memorysetup-main-allocator-block-size=16777216"
    "memorysetup-thread-allocator-block-size=16777216"
    "memorysetup-gfx-main-allocator-block-size=16777216"
    "memorysetup-gfx-thread-allocator-block-size=16777216"
    "memorysetup-cache-allocator-block-size=4194304"
    "memorysetup-typetree-allocator-block-size=2097152"
    "memorysetup-profiler-bucket-allocator-granularity=16"
    "memorysetup-profiler-bucket-allocator-bucket-count=8"
    "memorysetup-profiler-bucket-allocator-block-size=33554432"
    "memorysetup-profiler-bucket-allocator-block-count=8"
    "memorysetup-profiler-allocator-block-size=16777216"
    "memorysetup-profiler-editor-allocator-block-size=1048576"
    "memorysetup-temp-allocator-size-main=16777216"
    "memorysetup-job-temp-allocator-block-size=2097152"
    "memorysetup-job-temp-allocator-block-size-background=1048576"
    "memorysetup-job-temp-allocator-reduction-small-platforms=262144"
    "memorysetup-temp-allocator-size-gi-baking-worker=262144"
    "memorysetup-temp-allocator-size-gi-baking-worker=262144"
    "memorysetup-temp-allocator-size-gi-baking-worker=262144"
    "memorysetup-temp-allocator-size-gi-baking-worker=262144"
    "memorysetup-temp-allocator-size-gi-baking-worker=262144"
    "memorysetup-temp-allocator-size-gfx=262144"
Player connection [8253704256]  Target information:

Player connection [8253704256]  * "[IP] 192.168.1.43 [Port] 0 [Flags] 2 [Guid] 1030534696 [EditorId] 1030534696 [Version] 1048832 [Id] OSXEditor(0,MacBook-Air-de-Oriol.local) [Debug] 1 [PackageName] OSXEditor [ProjectName] Editor" 

Player connection [8253704256] Host joined multi-casting on [225.0.0.222:54997]...
Player connection [8253704256] Host joined alternative multi-casting on [225.0.0.222:34997]...
JobSystem: Creating JobQueue using job-worker-count value 3
Input System module state changed to: Initialized.
[Physics::Module] Initialized fallback backend.
[Physics::Module] Id: 0xdecafbad
Library Redirect Path: Library/
[Physics::Module] Selected backend.
[Physics::Module] Name: PhysX
[Physics::Module] Id: 0xf2b8ea05
[Physics::Module] SDK Version: 4.1.2
[Physics::Module] Integration Version: 1.0.0
[Physics::Module] Threading Mode: Multi-Threaded
Refreshing native plugins compatible for Editor in 10.99 ms, found 2 plugins.
Preloading 0 native plugins for Editor in 0.00 ms.
Initialize engine version: 6000.3.2f1 (a9779f353c9b)
[Subsystems] Discovering subsystems at path /Applications/Unity/Hub/Editor/6000.3.2f1/Unity.app/Contents/Resources/UnitySubsystems
[Subsystems] Discovering subsystems at path /Users/oriolcortes/Desktop/Fork/GameJam/Assets
GfxDevice: creating device client; kGfxThreadingModeNonThreaded
 preferred device: Apple M1 (high power)
Metal devices available: 1
0: Apple M1 (high power)
Using device Apple M1 (high power)
Initializing Metal device caps: Apple M1
Mac GPU Family: 2
Apple GPU Family: 7
MSL Version: 3.0
Has Float MSAA: 1
Has Float Filtering: 1
ReadWrite Texture Tier: 2
Initialize mono
Mono path[0] = '/Applications/Unity/Hub/Editor/6000.3.2f1/Unity.app/Contents/Resources/Scripting/Managed'
Mono path[1] = '/Applications/Unity/Hub/Editor/6000.3.2f1/Unity.app/Contents/Resources/Scripting/MonoBleedingEdge/lib/mono/unityjit-macos'
Mono config path = '/Applications/Unity/Hub/Editor/6000.3.2f1/Unity.app/Contents/Resources/Scripting/MonoBleedingEdge/etc'
Using monoOptions --debugger-agent=transport=dt_socket,embedding=1,server=y,suspend=n,address=127.0.0.1:56485
[Licensing::Client] Handshaking with LicensingClient:
  Version:                 1.17.4+4293ba1
  Session Id:              cdfc6342cbfc432790da5339d343bbcb
  Correlation Id:          00d9a047538eedf1d67ab122a2e1938e
  External correlation Id: 175757160070606800
  Machine Id:              CurnaBNGMbKDr6YEVeG4Vk0Uyn0=
[Licensing::Module] Successfully connected to LicensingClient on channel: "LicenseClient-oriolcortes-6000.3.2" (connect: 0.00s, validation: 0.01s, handshake: 1.60s)
[Licensing::IpcConnector] Successfully connected to: "LicenseClient-oriolcortes-6000.3.2-notifications" at "2026-07-15T15:11:41.654476Z"
[Licensing::Module] Licensing Background thread has ended after 1.61s
Begin MonoManager ReloadAssembly
Registering precompiled unity dll's ...
Register platform support module: /Applications/Unity/Hub/Editor/6000.3.2f1/Unity.app/Contents/PlaybackEngines/MacStandaloneSupport/UnityEditor.OSXStandalone.Extensions.dll
Registered in 0.001229 seconds.
- Loaded All Assemblies, in  0.643 seconds
Native extension for OSXStandalone target not found
Mono: successfully reloaded assembly
- Finished resetting the current domain, in  0.956 seconds
Domain Reload Profiling: 1599ms
	BeginReloadAssembly (185ms)
		ExecutionOrderSort (0ms)
		DisableScriptedObjects (0ms)
		BackupInstance (0ms)
		ReleaseScriptingObjects (0ms)
		CreateAndSetChildDomain (1ms)
	RebuildCommonClasses (59ms)
	RebuildNativeTypeToScriptingClass (21ms)
	initialDomainReloadingComplete (66ms)
	LoadAllAssembliesAndSetupDomain (312ms)
		LoadAssemblies (183ms)
		RebuildTransferFunctionScriptingTraits (0ms)
		AnalyzeDomain (308ms)
			TypeCache.Refresh (305ms)
				TypeCache.ScanAssembly (279ms)
			BuildScriptInfoCaches (0ms)
			ResolveRequiredComponents (1ms)
	FinalizeReload (956ms)
		ReleaseScriptCaches (0ms)
		RebuildScriptCaches (0ms)
		SetupLoadedEditorAssemblies (859ms)
			LogAssemblyErrors (0ms)
			InitializePlatformSupportModulesInManaged (74ms)
			SetLoadedEditorAssemblies (8ms)
			BeforeProcessingInitializeOnLoad (207ms)
			ProcessInitializeOnLoadAttributes (388ms)
			ProcessInitializeOnLoadMethodAttributes (182ms)
			AfterProcessingInitializeOnLoad (0ms)
			EditorAssembliesLoaded (0ms)
		ExecutionOrderSort2 (0ms)
		AwakeInstancesAfterBackupRestoration (0ms)
[CoreBusinessMetrics] Unexpected thread when updating session info.
========================================================================
Worker process is ready to serve import requests
Import Worker Mode flag is 0x00
Begin MonoManager ReloadAssembly
[Licensing::Client] Successfully resolved entitlement details
[Licensing::Module] License group:
  Id: 1375310763763-UnityPersXXXX
  Product: Unity Personal
  Type: Assigned
  Expiration: Unlimited
- Loaded All Assemblies, in  1.240 seconds
Refreshing native plugins compatible for Editor in 2.34 ms, found 2 plugins.
Native extension for OSXStandalone target not found
Package Manager log level set to [2]
[Package Manager] Failed to launch server process. Reason: Unity was launched with the -noUpm command-line argument
[Package Manager] Unable to send message (not connected to server process).
[Package Manager] Cannot connect to Unity Package Manager local server
Mono: successfully reloaded assembly
- Finished resetting the current domain, in  1.905 seconds
Domain Reload Profiling: 3139ms
	BeginReloadAssembly (244ms)
		ExecutionOrderSort (0ms)
		DisableScriptedObjects (7ms)
		BackupInstance (0ms)
		ReleaseScriptingObjects (0ms)
		CreateAndSetChildDomain (71ms)
	RebuildCommonClasses (85ms)
	RebuildNativeTypeToScriptingClass (31ms)
	initialDomainReloadingComplete (60ms)
	LoadAllAssembliesAndSetupDomain (814ms)
		LoadAssemblies (477ms)
		RebuildTransferFunctionScriptingTraits (0ms)
		AnalyzeDomain (440ms)
			TypeCache.Refresh (339ms)
				TypeCache.ScanAssembly (306ms)
			BuildScriptInfoCaches (77ms)
			ResolveRequiredComponents (19ms)
	FinalizeReload (1906ms)
		ReleaseScriptCaches (0ms)
		RebuildScriptCaches (0ms)
		SetupLoadedEditorAssemblies (1549ms)
			LogAssemblyErrors (0ms)
			InitializePlatformSupportModulesInManaged (3ms)
			SetLoadedEditorAssemblies (12ms)
			BeforeProcessingInitializeOnLoad (411ms)
			ProcessInitializeOnLoadAttributes (899ms)
			ProcessInitializeOnLoadMethodAttributes (222ms)
			AfterProcessingInitializeOnLoad (2ms)
			EditorAssembliesLoaded (0ms)
		ExecutionOrderSort2 (0ms)
		AwakeInstancesAfterBackupRestoration (5ms)
WARNING: Shader Unsupported: 'Universal Render Pipeline/VR/SpatialMapping/Wireframe' - All subshaders removed
WARNING: Shader Did you use #pragma only_renderers and omit this platform?
WARNING: Shader If subshaders removal was intentional, you may have forgotten turning Fallback off?
WARNING: Shader Unsupported: 'Universal Render Pipeline/VR/SpatialMapping/Wireframe' - All subshaders removed
WARNING: Shader Did you use #pragma only_renderers and omit this platform?
WARNING: Shader If subshaders removal was intentional, you may have forgotten turning Fallback off?
Launching external process: /Applications/Unity/Hub/Editor/6000.3.2f1/Unity.app/Contents/Helpers/UnityShaderCompiler
Launched and connected shader compiler UnityShaderCompiler after 0.08 seconds
Refreshing native plugins compatible for Editor in 0.98 ms, found 2 plugins.
Preloading 0 native plugins for Editor in 0.00 ms.
Unloading 17 Unused Serialized files (Serialized files now loaded: 0)
Unloading 6904 unused Assets / (4.1 MB). Loaded Objects now: 7718.
Memory consumption went from 145.4 MB to 141.3 MB.
Total: 25.507500 ms (FindLiveObjects: 4.934459 ms CreateObjectMapping: 0.829625 ms MarkObjects: 15.172583 ms  DeleteObjects: 4.570125 ms)

========================================================================
Received Import Request.
  Time since last request: 4217.009280 seconds.
  path: Assets/Scenes/GameCurse/Parte 2/Escena 19.unity
  artifactKey: Guid(3aa71b42b215943f18390091b718cb55) Importer(815301076,1909f56bfc062723c751e8b465ee728b)
Start importing Assets/Scenes/GameCurse/Parte 2/Escena 19.unity using Guid(3aa71b42b215943f18390091b718cb55) Importer(815301076,1909f56bfc062723c751e8b465ee728b) (PreviewImporter) -> (artifact id: 'd5100d46d0db1d6b24829da6da76fe1f') in 0.013243583 seconds
Number of updated asset objects reloaded before import = 0Number of asset objects unloaded after import = 0

========================================================================
Received Import Request.
  Time since last request: 70.690759 seconds.
  path: Assets/Scenes/GameCurse/Parte 2/Escena 19.unity
  artifactKey: Guid(3aa71b42b215943f18390091b718cb55) Importer(2089858483,b0f066a214c2f5e87bad3c948f4d605d)
Start importing Assets/Scenes/GameCurse/Parte 2/Escena 19.unity using Guid(3aa71b42b215943f18390091b718cb55) Importer(2089858483,b0f066a214c2f5e87bad3c948f4d605d) (ScriptedImporter) -> (artifact id: '1eb3f4faec4c0b241480603fb1730697') in 0.057385875 seconds
Number of updated asset objects reloaded before import = 0Number of asset objects unloaded after import = 1

========================================================================
Received Import Request.
  Time since last request: 0.951321 seconds.
  path: Assets/Scenes/GameCurse/Parte 2/Escena 20.unity
  artifactKey: Guid(7b48a9425836f4220b2745f5687f494d) Importer(815301076,1909f56bfc062723c751e8b465ee728b)
Start importing Assets/Scenes/GameCurse/Parte 2/Escena 20.unity using Guid(7b48a9425836f4220b2745f5687f494d) Importer(815301076,1909f56bfc062723c751e8b465ee728b) (PreviewImporter) -> (artifact id: 'f0310a8270b453ffd0bd9a33d7dd8262') in 0.000467708 seconds
Number of updated asset objects reloaded before import = 0Number of asset objects unloaded after import = 0

========================================================================
Received Import Request.
  Time since last request: 15.797918 seconds.
  path: Assets/Scenes/GameCurse/Parte 2/Escena 19.unity
  artifactKey: Guid(3aa71b42b215943f18390091b718cb55) Importer(815301076,1909f56bfc062723c751e8b465ee728b)
Start importing Assets/Scenes/GameCurse/Parte 2/Escena 19.unity using Guid(3aa71b42b215943f18390091b718cb55) Importer(815301076,1909f56bfc062723c751e8b465ee728b) (PreviewImporter) -> (artifact id: 'fc70854f1dedb60a9710018c743682e1') in 0.001417791 seconds
Number of updated asset objects reloaded before import = 0Number of asset objects unloaded after import = 0

========================================================================
Received Import Request.
  Time since last request: 20.638177 seconds.
  path: Assets/Scenes/GameCurse/Parte 2/Escena 22.unity
  artifactKey: Guid(59a7c245b88ac46388eda87d297577f8) Importer(815301076,1909f56bfc062723c751e8b465ee728b)
Start importing Assets/Scenes/GameCurse/Parte 2/Escena 22.unity using Guid(59a7c245b88ac46388eda87d297577f8) Importer(815301076,1909f56bfc062723c751e8b465ee728b) (PreviewImporter) -> (artifact id: '8f8806a5c3c7b14982a116a255737e2d') in 0.001181459 seconds
Number of updated asset objects reloaded before import = 0Number of asset objects unloaded after import = 0

========================================================================
Received Import Request.
  Time since last request: 16.394891 seconds.
  path: Assets/Scenes/GameCurse/Parte 2/Escena 21.unity
  artifactKey: Guid(e1e2e6acf30d74322857f50cc1079fba) Importer(2089858483,b0f066a214c2f5e87bad3c948f4d605d)
Start importing Assets/Scenes/GameCurse/Parte 2/Escena 21.unity using Guid(e1e2e6acf30d74322857f50cc1079fba) Importer(2089858483,b0f066a214c2f5e87bad3c948f4d605d) (ScriptedImporter) -> (artifact id: '4e934825b0245d296f6b4765d87b8e78') in 0.008937209 seconds
Number of updated asset objects reloaded before import = 0Number of asset objects unloaded after import = 1

========================================================================
Received Import Request.
  Time since last request: 178.149678 seconds.
  path: Assets/Scenes/GameCurse/Parte 2/Escena 24.unity
  artifactKey: Guid(6b4a5bd25ef2142e0a6641c8ef5813b0) Importer(815301076,1909f56bfc062723c751e8b465ee728b)
Start importing Assets/Scenes/GameCurse/Parte 2/Escena 24.unity using Guid(6b4a5bd25ef2142e0a6641c8ef5813b0) Importer(815301076,1909f56bfc062723c751e8b465ee728b) (PreviewImporter) -> (artifact id: '6b128e22c38c24b2dddd7575e6b39bd7') in 0.0027885 seconds
Number of updated asset objects reloaded before import = 0Number of asset objects unloaded after import = 0

========================================================================
Received Import Request.
  Time since last request: 390.741086 seconds.
  path: Assets/Scenes/GameCurse/Parte 3/Escena 24.unity
  artifactKey: Guid(30f7be3a2cd37436686c5e55fdee4273) Importer(815301076,1909f56bfc062723c751e8b465ee728b)
Start importing Assets/Scenes/GameCurse/Parte 3/Escena 24.unity using Guid(30f7be3a2cd37436686c5e55fdee4273) Importer(815301076,1909f56bfc062723c751e8b465ee728b) (PreviewImporter) -> (artifact id: '388f83a906751c7aac347749cfbed1f3') in 0.004312041 seconds
Number of updated asset objects reloaded before import = 0Number of asset objects unloaded after import = 0

========================================================================
Received Import Request.
  Time since last request: 0.826475 seconds.
  path: Assets/Scenes/GameCurse/Parte 3/Escena 24.unity
  artifactKey: Guid(30f7be3a2cd37436686c5e55fdee4273) Importer(2089858483,b0f066a214c2f5e87bad3c948f4d605d)
Start importing Assets/Scenes/GameCurse/Parte 3/Escena 24.unity using Guid(30f7be3a2cd37436686c5e55fdee4273) Importer(2089858483,b0f066a214c2f5e87bad3c948f4d605d) (ScriptedImporter) -> (artifact id: 'c5994c1c15822996bdcc27e1bc927974') in 0.010200417 seconds
Number of updated asset objects reloaded before import = 0Number of asset objects unloaded after import = 1

========================================================================
Received Import Request.
  Time since last request: 667.721990 seconds.
  path: Assets/Scenes/GameCurse/Parte 2/Escena 24.unity
  artifactKey: Guid(6b4a5bd25ef2142e0a6641c8ef5813b0) Importer(2089858483,b0f066a214c2f5e87bad3c948f4d605d)
Start importing Assets/Scenes/GameCurse/Parte 2/Escena 24.unity using Guid(6b4a5bd25ef2142e0a6641c8ef5813b0) Importer(2089858483,b0f066a214c2f5e87bad3c948f4d605d) (ScriptedImporter) -> (artifact id: 'facbd1159134337824c363fc22cce68a') in 0.012024042 seconds
Number of updated asset objects reloaded before import = 0Number of asset objects unloaded after import = 1

========================================================================
Received Import Request.
  Time since last request: 0.328932 seconds.
  path: Assets/Scenes/GameCurse/Parte 3/Escena 25.unity
  artifactKey: Guid(b4f31994c6a6248acbc2be3bc55a61e8) Importer(815301076,1909f56bfc062723c751e8b465ee728b)
Start importing Assets/Scenes/GameCurse/Parte 3/Escena 25.unity using Guid(b4f31994c6a6248acbc2be3bc55a61e8) Importer(815301076,1909f56bfc062723c751e8b465ee728b) (PreviewImporter) -> (artifact id: '4bb3fc1d188ca8e0eaa1f36159642d02') in 0.0010935 seconds
Number of updated asset objects reloaded before import = 0Number of asset objects unloaded after import = 0

========================================================================
Received Import Request.
  Time since last request: 0.949658 seconds.
  path: Assets/Scenes/GameCurse/Parte 3/Escena 25.unity
  artifactKey: Guid(b4f31994c6a6248acbc2be3bc55a61e8) Importer(2089858483,b0f066a214c2f5e87bad3c948f4d605d)
Start importing Assets/Scenes/GameCurse/Parte 3/Escena 25.unity using Guid(b4f31994c6a6248acbc2be3bc55a61e8) Importer(2089858483,b0f066a214c2f5e87bad3c948f4d605d) (ScriptedImporter) -> (artifact id: 'f6d826b909a9b9be8b9c25ff4bfa2115') in 0.003044042 seconds
Number of updated asset objects reloaded before import = 0Number of asset objects unloaded after import = 1

========================================================================
Received Import Request.
  Time since last request: 20.702891 seconds.
  path: Assets/Scenes/GameCurse/Parte 3/Escena 25.unity
  artifactKey: Guid(b4f31994c6a6248acbc2be3bc55a61e8) Importer(2089858483,b0f066a214c2f5e87bad3c948f4d605d)
Start importing Assets/Scenes/GameCurse/Parte 3/Escena 25.unity using Guid(b4f31994c6a6248acbc2be3bc55a61e8) Importer(2089858483,b0f066a214c2f5e87bad3c948f4d605d) (ScriptedImporter) -> (artifact id: '8309ae1686635c49bf5c505f271bcb8b') in 0.010100917 seconds
Number of updated asset objects reloaded before import = 0Number of asset objects unloaded after import = 1

========================================================================
Received Import Request.
  Time since last request: 13.964493 seconds.
  path: Assets/Scenes/GameCurse/Parte 3/Escena 25.unity
  artifactKey: Guid(b4f31994c6a6248acbc2be3bc55a61e8) Importer(815301076,1909f56bfc062723c751e8b465ee728b)
Start importing Assets/Scenes/GameCurse/Parte 3/Escena 25.unity using Guid(b4f31994c6a6248acbc2be3bc55a61e8) Importer(815301076,1909f56bfc062723c751e8b465ee728b) (PreviewImporter) -> (artifact id: '5be2a9ae66801b7a19bb7fc8c9d72f7d') in 0.000606875 seconds
Number of updated asset objects reloaded before import = 0Number of asset objects unloaded after import = 0

========================================================================
Received Import Request.
  Time since last request: 1.853708 seconds.
  path: Assets/Scenes/GameCurse/Parte 3/Escena 26.unity
  artifactKey: Guid(b4f31994c6a6248acbc2be3bc55a61e8) Importer(815301076,1909f56bfc062723c751e8b465ee728b)
Start importing Assets/Scenes/GameCurse/Parte 3/Escena 26.unity using Guid(b4f31994c6a6248acbc2be3bc55a61e8) Importer(815301076,1909f56bfc062723c751e8b465ee728b) (PreviewImporter) -> (artifact id: '95678e973c430264a3bf0f541f1a8e68') in 0.000566833 seconds
Number of updated asset objects reloaded before import = 0Number of asset objects unloaded after import = 0

========================================================================
Received Import Request.
  Time since last request: 0.947810 seconds.
  path: Assets/Scenes/GameCurse/Parte 3/Escena 26.unity
  artifactKey: Guid(b4f31994c6a6248acbc2be3bc55a61e8) Importer(2089858483,b0f066a214c2f5e87bad3c948f4d605d)
Start importing Assets/Scenes/GameCurse/Parte 3/Escena 26.unity using Guid(b4f31994c6a6248acbc2be3bc55a61e8) Importer(2089858483,b0f066a214c2f5e87bad3c948f4d605d) (ScriptedImporter) -> (artifact id: 'ccd3d036eab55766ae4c4eb2216c1eaa') in 0.004187459 seconds
Number of updated asset objects reloaded before import = 0Number of asset objects unloaded after import = 1

========================================================================
Received Import Request.
  Time since last request: 2.011867 seconds.
  path: Assets/Scenes/GameCurse/Parte 3/Escena 25.unity
  artifactKey: Guid(30f7be3a2cd37436686c5e55fdee4273) Importer(815301076,1909f56bfc062723c751e8b465ee728b)
Start importing Assets/Scenes/GameCurse/Parte 3/Escena 25.unity using Guid(30f7be3a2cd37436686c5e55fdee4273) Importer(815301076,1909f56bfc062723c751e8b465ee728b) (PreviewImporter) -> (artifact id: '580e4605765205b2e9d270577fca8c22') in 0.00058675 seconds
Number of updated asset objects reloaded before import = 0Number of asset objects unloaded after import = 0

========================================================================
Received Import Request.
  Time since last request: 0.949194 seconds.
  path: Assets/Scenes/GameCurse/Parte 3/Escena 25.unity
  artifactKey: Guid(30f7be3a2cd37436686c5e55fdee4273) Importer(2089858483,b0f066a214c2f5e87bad3c948f4d605d)
Start importing Assets/Scenes/GameCurse/Parte 3/Escena 25.unity using Guid(30f7be3a2cd37436686c5e55fdee4273) Importer(2089858483,b0f066a214c2f5e87bad3c948f4d605d) (ScriptedImporter) -> (artifact id: '6a61e762c909c33ba419c9a99fc2e37c') in 0.002965208 seconds
Number of updated asset objects reloaded before import = 0Number of asset objects unloaded after import = 1

========================================================================
Received Import Request.
  Time since last request: 4.726340 seconds.
  path: Assets/Scenes/GameCurse/Parte 3/Escena 27.unity
  artifactKey: Guid(b4f31994c6a6248acbc2be3bc55a61e8) Importer(815301076,1909f56bfc062723c751e8b465ee728b)
Start importing Assets/Scenes/GameCurse/Parte 3/Escena 27.unity using Guid(b4f31994c6a6248acbc2be3bc55a61e8) Importer(815301076,1909f56bfc062723c751e8b465ee728b) (PreviewImporter) -> (artifact id: '958cd08b395fdebcc43fa9e3e519e5e3') in 0.000530166 seconds
Number of updated asset objects reloaded before import = 0Number of asset objects unloaded after import = 0

========================================================================
Received Import Request.
  Time since last request: 0.951392 seconds.
  path: Assets/Scenes/GameCurse/Parte 3/Escena 27.unity
  artifactKey: Guid(b4f31994c6a6248acbc2be3bc55a61e8) Importer(2089858483,b0f066a214c2f5e87bad3c948f4d605d)
Start importing Assets/Scenes/GameCurse/Parte 3/Escena 27.unity using Guid(b4f31994c6a6248acbc2be3bc55a61e8) Importer(2089858483,b0f066a214c2f5e87bad3c948f4d605d) (ScriptedImporter) -> (artifact id: 'c7fd8dfcbdf49af2f7fa9f7fb3be5963') in 0.004812 seconds
Number of updated asset objects reloaded before import = 0Number of asset objects unloaded after import = 1

========================================================================
Received Import Request.
  Time since last request: 1.635533 seconds.
  path: Assets/Scenes/GameCurse/Parte 3/Escena 26.unity
  artifactKey: Guid(30f7be3a2cd37436686c5e55fdee4273) Importer(815301076,1909f56bfc062723c751e8b465ee728b)
Start importing Assets/Scenes/GameCurse/Parte 3/Escena 26.unity using Guid(30f7be3a2cd37436686c5e55fdee4273) Importer(815301076,1909f56bfc062723c751e8b465ee728b) (PreviewImporter) -> (artifact id: '52a2e6726af1b9038179a9dcd4c02e07') in 0.000526083 seconds
Number of updated asset objects reloaded before import = 0Number of asset objects unloaded after import = 0

========================================================================
Received Import Request.
  Time since last request: 0.949236 seconds.
  path: Assets/Scenes/GameCurse/Parte 3/Escena 26.unity
  artifactKey: Guid(30f7be3a2cd37436686c5e55fdee4273) Importer(2089858483,b0f066a214c2f5e87bad3c948f4d605d)
Start importing Assets/Scenes/GameCurse/Parte 3/Escena 26.unity using Guid(30f7be3a2cd37436686c5e55fdee4273) Importer(2089858483,b0f066a214c2f5e87bad3c948f4d605d) (ScriptedImporter) -> (artifact id: 'c35d9258f54fc0f0d543fa3787dd8722') in 0.00255775 seconds
Number of updated asset objects reloaded before import = 0Number of asset objects unloaded after import = 1

========================================================================
Received Import Request.
  Time since last request: 28.506780 seconds.
  path: Assets/Scenes/GameCurse/Parte 2/Escena 24.unity
  artifactKey: Guid(6b4a5bd25ef2142e0a6641c8ef5813b0) Importer(815301076,1909f56bfc062723c751e8b465ee728b)
Start importing Assets/Scenes/GameCurse/Parte 2/Escena 24.unity using Guid(6b4a5bd25ef2142e0a6641c8ef5813b0) Importer(815301076,1909f56bfc062723c751e8b465ee728b) (PreviewImporter) -> (artifact id: '1b316710e35040a098997facf5ac4f48') in 0.002834834 seconds
Number of updated asset objects reloaded before import = 0Number of asset objects unloaded after import = 0

========================================================================
Received Import Request.
  Time since last request: 59.245425 seconds.
  path: Assets/Scenes/GameCurse/Parte 2/Escena 24.unity
  artifactKey: Guid(6b4a5bd25ef2142e0a6641c8ef5813b0) Importer(2089858483,b0f066a214c2f5e87bad3c948f4d605d)
Start importing Assets/Scenes/GameCurse/Parte 2/Escena 24.unity using Guid(6b4a5bd25ef2142e0a6641c8ef5813b0) Importer(2089858483,b0f066a214c2f5e87bad3c948f4d605d) (ScriptedImporter) -> (artifact id: '1b8e79b90f00e4e8089499bab3fab691') in 0.008668125 seconds
Number of updated asset objects reloaded before import = 0Number of asset objects unloaded after import = 1

========================================================================
Received Import Request.
  Time since last request: 3.087749 seconds.
  path: Assets/Scenes/GameCurse/Parte 2/Escena 24.unity
  artifactKey: Guid(6b4a5bd25ef2142e0a6641c8ef5813b0) Importer(815301076,1909f56bfc062723c751e8b465ee728b)
Start importing Assets/Scenes/GameCurse/Parte 2/Escena 24.unity using Guid(6b4a5bd25ef2142e0a6641c8ef5813b0) Importer(815301076,1909f56bfc062723c751e8b465ee728b) (PreviewImporter) -> (artifact id: '2d266a0ca9021e70c6509aba93074e4b') in 0.000684917 seconds
Number of updated asset objects reloaded before import = 0Number of asset objects unloaded after import = 0

========================================================================
Received Import Request.
  Time since last request: 38.733289 seconds.
  path: Assets/Scenes/GameCurse/Parte 3/Escena 26.unity
  artifactKey: Guid(30f7be3a2cd37436686c5e55fdee4273) Importer(2089858483,b0f066a214c2f5e87bad3c948f4d605d)
Start importing Assets/Scenes/GameCurse/Parte 3/Escena 26.unity using Guid(30f7be3a2cd37436686c5e55fdee4273) Importer(2089858483,b0f066a214c2f5e87bad3c948f4d605d) (ScriptedImporter) -> (artifact id: 'a5e910764343a58d4fb6b3c627a05529') in 0.0114305 seconds
Number of updated asset objects reloaded before import = 0Number of asset objects unloaded after import = 1

========================================================================
Received Import Request.
  Time since last request: 12.352418 seconds.
  path: Assets/Scenes/GameCurse/Parte 3/Escena 26.unity
  artifactKey: Guid(30f7be3a2cd37436686c5e55fdee4273) Importer(2089858483,b0f066a214c2f5e87bad3c948f4d605d)
Start importing Assets/Scenes/GameCurse/Parte 3/Escena 26.unity using Guid(30f7be3a2cd37436686c5e55fdee4273) Importer(2089858483,b0f066a214c2f5e87bad3c948f4d605d) (ScriptedImporter) -> (artifact id: '742389cca226880b182f92038b91e68b') in 0.002666542 seconds
Number of updated asset objects reloaded before import = 0Number of asset objects unloaded after import = 1

========================================================================
Received Import Request.
  Time since last request: 66.781593 seconds.
  path: Assets/Scenes/GameCurse/Parte 3/Escena 27.unity
  artifactKey: Guid(b4f31994c6a6248acbc2be3bc55a61e8) Importer(2089858483,b0f066a214c2f5e87bad3c948f4d605d)
Start importing Assets/Scenes/GameCurse/Parte 3/Escena 27.unity using Guid(b4f31994c6a6248acbc2be3bc55a61e8) Importer(2089858483,b0f066a214c2f5e87bad3c948f4d605d) (ScriptedImporter) -> (artifact id: '42def02bc3176c77d92380f070ec1759') in 0.007132792 seconds
Number of updated asset objects reloaded before import = 0Number of asset objects unloaded after import = 1

========================================================================
Received Import Request.
  Time since last request: 6.860996 seconds.
  path: Assets/Scenes/GameCurse/Parte 3/Escena 27.unity
  artifactKey: Guid(b4f31994c6a6248acbc2be3bc55a61e8) Importer(2089858483,b0f066a214c2f5e87bad3c948f4d605d)
Start importing Assets/Scenes/GameCurse/Parte 3/Escena 27.unity using Guid(b4f31994c6a6248acbc2be3bc55a61e8) Importer(2089858483,b0f066a214c2f5e87bad3c948f4d605d) (ScriptedImporter) -> (artifact id: '039aceb1db05bd1c37cb70ff03129e5f') in 0.0027455 seconds
Number of updated asset objects reloaded before import = 0Number of asset objects unloaded after import = 1

========================================================================
Received Import Request.
  Time since last request: 5.402599 seconds.
  path: Assets/Scenes/GameCurse/Parte 3/Escena 27.unity
  artifactKey: Guid(b4f31994c6a6248acbc2be3bc55a61e8) Importer(815301076,1909f56bfc062723c751e8b465ee728b)
Start importing Assets/Scenes/GameCurse/Parte 3/Escena 27.unity using Guid(b4f31994c6a6248acbc2be3bc55a61e8) Importer(815301076,1909f56bfc062723c751e8b465ee728b) (PreviewImporter) -> (artifact id: '42d54834f61d6f40285773a5b1878026') in 0.001969875 seconds
Number of updated asset objects reloaded before import = 0Number of asset objects unloaded after import = 0

========================================================================
Received Import Request.
  Time since last request: 1.008863 seconds.
  path: Assets/Scenes/GameCurse/Parte 3/Escena 28.unity
  artifactKey: Guid(b12463ed181e64d6cbbbf823c51f0741) Importer(815301076,1909f56bfc062723c751e8b465ee728b)
Start importing Assets/Scenes/GameCurse/Parte 3/Escena 28.unity using Guid(b12463ed181e64d6cbbbf823c51f0741) Importer(815301076,1909f56bfc062723c751e8b465ee728b) (PreviewImporter) -> (artifact id: 'a557a3395a12990ddeada162ecc299c5') in 0.000751458 seconds
Number of updated asset objects reloaded before import = 0Number of asset objects unloaded after import = 0

========================================================================
Received Import Request.
  Time since last request: 0.943454 seconds.
  path: Assets/Scenes/GameCurse/Parte 3/Escena 28.unity
  artifactKey: Guid(b12463ed181e64d6cbbbf823c51f0741) Importer(2089858483,b0f066a214c2f5e87bad3c948f4d605d)
Start importing Assets/Scenes/GameCurse/Parte 3/Escena 28.unity using Guid(b12463ed181e64d6cbbbf823c51f0741) Importer(2089858483,b0f066a214c2f5e87bad3c948f4d605d) (ScriptedImporter) -> (artifact id: '73fb43b3a570ee55789ecca1e10f7a5d') in 0.007261208 seconds
Number of updated asset objects reloaded before import = 0Number of asset objects unloaded after import = 1

========================================================================
Received Import Request.
  Time since last request: 65.186569 seconds.
  path: Assets/Scenes/GameCurse/Parte 3/Escena 27.unity
  artifactKey: Guid(b4f31994c6a6248acbc2be3bc55a61e8) Importer(2089858483,b0f066a214c2f5e87bad3c948f4d605d)
Start importing Assets/Scenes/GameCurse/Parte 3/Escena 27.unity using Guid(b4f31994c6a6248acbc2be3bc55a61e8) Importer(2089858483,b0f066a214c2f5e87bad3c948f4d605d) (ScriptedImporter) -> (artifact id: '43e3e2e2dabda0f920324c1ef6a355f5') in 0.011457875 seconds
Number of updated asset objects reloaded before import = 0Number of asset objects unloaded after import = 1

========================================================================
Received Import Request.
  Time since last request: 7.880241 seconds.
  path: Assets/Scenes/GameCurse/Parte 3/Escena 27.unity
  artifactKey: Guid(b4f31994c6a6248acbc2be3bc55a61e8) Importer(815301076,1909f56bfc062723c751e8b465ee728b)
Start importing Assets/Scenes/GameCurse/Parte 3/Escena 27.unity using Guid(b4f31994c6a6248acbc2be3bc55a61e8) Importer(815301076,1909f56bfc062723c751e8b465ee728b) (PreviewImporter) -> (artifact id: '5ca845de2bf142d584be813ee09a32d6') in 0.000544791 seconds
Number of updated asset objects reloaded before import = 0Number of asset objects unloaded after import = 0

========================================================================
Received Import Request.
  Time since last request: 143.863221 seconds.
  path: Assets/Scenes/GameCurse/Parte 3/Escena 282.unity
  artifactKey: Guid(b12463ed181e64d6cbbbf823c51f0741) Importer(815301076,1909f56bfc062723c751e8b465ee728b)
Start importing Assets/Scenes/GameCurse/Parte 3/Escena 282.unity using Guid(b12463ed181e64d6cbbbf823c51f0741) Importer(815301076,1909f56bfc062723c751e8b465ee728b) (PreviewImporter) -> (artifact id: 'd10cb697ce58a352bca1074909425097') in 0.001714333 seconds
Number of updated asset objects reloaded before import = 0Number of asset objects unloaded after import = 0

========================================================================
Received Import Request.
  Time since last request: 0.865235 seconds.
  path: Assets/Scenes/GameCurse/Parte 3/Escena 282.unity
  artifactKey: Guid(b12463ed181e64d6cbbbf823c51f0741) Importer(2089858483,b0f066a214c2f5e87bad3c948f4d605d)
Start importing Assets/Scenes/GameCurse/Parte 3/Escena 282.unity using Guid(b12463ed181e64d6cbbbf823c51f0741) Importer(2089858483,b0f066a214c2f5e87bad3c948f4d605d) (ScriptedImporter) -> (artifact id: 'd3ad8cfb32c6e774072322396b4e94f4') in 0.006163083 seconds
Number of updated asset objects reloaded before import = 0Number of asset objects unloaded after import = 1

========================================================================
Received Import Request.
  Time since last request: 5.428970 seconds.
  path: Assets/Scenes/GameCurse/Parte 3/Escena 28.unity
  artifactKey: Guid(b4f31994c6a6248acbc2be3bc55a61e8) Importer(815301076,1909f56bfc062723c751e8b465ee728b)
Start importing Assets/Scenes/GameCurse/Parte 3/Escena 28.unity using Guid(b4f31994c6a6248acbc2be3bc55a61e8) Importer(815301076,1909f56bfc062723c751e8b465ee728b) (PreviewImporter) -> (artifact id: '31a0807d4133546bd0bf3f1ce6bbede8') in 0.001066583 seconds
Number of updated asset objects reloaded before import = 0Number of asset objects unloaded after import = 0

========================================================================
Received Import Request.
  Time since last request: 0.937423 seconds.
  path: Assets/Scenes/GameCurse/Parte 3/Escena 28.unity
  artifactKey: Guid(b4f31994c6a6248acbc2be3bc55a61e8) Importer(2089858483,b0f066a214c2f5e87bad3c948f4d605d)
Start importing Assets/Scenes/GameCurse/Parte 3/Escena 28.unity using Guid(b4f31994c6a6248acbc2be3bc55a61e8) Importer(2089858483,b0f066a214c2f5e87bad3c948f4d605d) (ScriptedImporter) -> (artifact id: '640921be72eddd38eba538c5fb405f18') in 0.0025965 seconds
Number of updated asset objects reloaded before import = 0Number of asset objects unloaded after import = 1

========================================================================
Received Import Request.
  Time since last request: 8.483704 seconds.
  path: Assets/Scenes/GameCurse/Parte 3/Escena 27.unity
  artifactKey: Guid(b12463ed181e64d6cbbbf823c51f0741) Importer(815301076,1909f56bfc062723c751e8b465ee728b)
Start importing Assets/Scenes/GameCurse/Parte 3/Escena 27.unity using Guid(b12463ed181e64d6cbbbf823c51f0741) Importer(815301076,1909f56bfc062723c751e8b465ee728b) (PreviewImporter) -> (artifact id: '2721e23c6733fe3998c12ed075c2c7ea') in 0.000789708 seconds
Number of updated asset objects reloaded before import = 0Number of asset objects unloaded after import = 0

========================================================================
Received Import Request.
  Time since last request: 0.948846 seconds.
  path: Assets/Scenes/GameCurse/Parte 3/Escena 27.unity
  artifactKey: Guid(b12463ed181e64d6cbbbf823c51f0741) Importer(2089858483,b0f066a214c2f5e87bad3c948f4d605d)
Start importing Assets/Scenes/GameCurse/Parte 3/Escena 27.unity using Guid(b12463ed181e64d6cbbbf823c51f0741) Importer(2089858483,b0f066a214c2f5e87bad3c948f4d605d) (ScriptedImporter) -> (artifact id: '43cb1bcb001e599e8e90f81f951612dd') in 0.002841667 seconds
Number of updated asset objects reloaded before import = 0Number of asset objects unloaded after import = 1

========================================================================
Received Import Request.
  Time since last request: 183.596506 seconds.
  path: Assets/Scenes/Minijuegos (Templates)/Minijuego 8.unity
  artifactKey: Guid(50accce70f54c4ca29b7f96f3c79ee0b) Importer(815301076,1909f56bfc062723c751e8b465ee728b)
Start importing Assets/Scenes/Minijuegos (Templates)/Minijuego 8.unity using Guid(50accce70f54c4ca29b7f96f3c79ee0b) Importer(815301076,1909f56bfc062723c751e8b465ee728b) (PreviewImporter) -> (artifact id: 'c19e2f2a3e0cfed87ec79c7f6e46b23d') in 0.002096875 seconds
Number of updated asset objects reloaded before import = 0Number of asset objects unloaded after import = 0

========================================================================
Received Import Request.
  Time since last request: 0.846743 seconds.
  path: Assets/Scenes/Minijuegos (Templates)/Minijuego 8.unity
  artifactKey: Guid(50accce70f54c4ca29b7f96f3c79ee0b) Importer(2089858483,b0f066a214c2f5e87bad3c948f4d605d)
Start importing Assets/Scenes/Minijuegos (Templates)/Minijuego 8.unity using Guid(50accce70f54c4ca29b7f96f3c79ee0b) Importer(2089858483,b0f066a214c2f5e87bad3c948f4d605d) (ScriptedImporter) -> (artifact id: '51d88197a49474800d2f8f9679d9d426') in 0.006257083 seconds
Number of updated asset objects reloaded before import = 0Number of asset objects unloaded after import = 1

========================================================================
Received Import Request.
  Time since last request: 113.226960 seconds.
  path: Assets/Scenes/Minijuegos (Templates)/Minijuego 8.unity
  artifactKey: Guid(50accce70f54c4ca29b7f96f3c79ee0b) Importer(2089858483,b0f066a214c2f5e87bad3c948f4d605d)
Start importing Assets/Scenes/Minijuegos (Templates)/Minijuego 8.unity using Guid(50accce70f54c4ca29b7f96f3c79ee0b) Importer(2089858483,b0f066a214c2f5e87bad3c948f4d605d) (ScriptedImporter) -> (artifact id: 'b8970faae703699b3c87965f9bb4d0ec') in 0.010338916 seconds
Number of updated asset objects reloaded before import = 0Number of asset objects unloaded after import = 1

========================================================================
Received Import Request.
  Time since last request: 122.991713 seconds.
  path: Assets/Scenes/Minijuegos (Templates)/Minijuego 8.unity
  artifactKey: Guid(50accce70f54c4ca29b7f96f3c79ee0b) Importer(2089858483,b0f066a214c2f5e87bad3c948f4d605d)
Start importing Assets/Scenes/Minijuegos (Templates)/Minijuego 8.unity using Guid(50accce70f54c4ca29b7f96f3c79ee0b) Importer(2089858483,b0f066a214c2f5e87bad3c948f4d605d) (ScriptedImporter) -> (artifact id: '51354ec66854a00ba74ab71ad8aa6a0d') in 0.008436459 seconds
Number of updated asset objects reloaded before import = 0Number of asset objects unloaded after import = 1

========================================================================
Received Import Request.
  Time since last request: 61.352996 seconds.
  path: Assets/Scripts/Minijueg 8
  artifactKey: Guid(4728b1d3157a64660ba84007eac78df0) Importer(815301076,1909f56bfc062723c751e8b465ee728b)
Start importing Assets/Scripts/Minijueg 8 using Guid(4728b1d3157a64660ba84007eac78df0) Importer(815301076,1909f56bfc062723c751e8b465ee728b) (PreviewImporter) -> (artifact id: '436e3baa6c5a3823ca90223b359598b2') in 0.001876584 seconds
Number of updated asset objects reloaded before import = 0Number of asset objects unloaded after import = 0

========================================================================
Received Import Request.
  Time since last request: 0.851832 seconds.
  path: Assets/Scripts/Minijueg 8
  artifactKey: Guid(4728b1d3157a64660ba84007eac78df0) Importer(2089858483,b0f066a214c2f5e87bad3c948f4d605d)
Start importing Assets/Scripts/Minijueg 8 using Guid(4728b1d3157a64660ba84007eac78df0) Importer(2089858483,b0f066a214c2f5e87bad3c948f4d605d) (ScriptedImporter) -> (artifact id: '1c8338780be9b28d8c92f5f606229025') in 0.008387291 seconds
Number of updated asset objects reloaded before import = 0Number of asset objects unloaded after import = 1

========================================================================
Received Import Request.
  Time since last request: 6.920117 seconds.
  path: Assets/Scripts/Minijuego 8
  artifactKey: Guid(4728b1d3157a64660ba84007eac78df0) Importer(815301076,1909f56bfc062723c751e8b465ee728b)
Start importing Assets/Scripts/Minijuego 8 using Guid(4728b1d3157a64660ba84007eac78df0) Importer(815301076,1909f56bfc062723c751e8b465ee728b) (PreviewImporter) -> (artifact id: '4853fef9b0eb1a9339a705bf146ed8a5') in 0.000625375 seconds
Number of updated asset objects reloaded before import = 0Number of asset objects unloaded after import = 0

========================================================================
Received Import Request.
  Time since last request: 0.952016 seconds.
  path: Assets/Scripts/Minijuego 8
  artifactKey: Guid(4728b1d3157a64660ba84007eac78df0) Importer(2089858483,b0f066a214c2f5e87bad3c948f4d605d)
Start importing Assets/Scripts/Minijuego 8 using Guid(4728b1d3157a64660ba84007eac78df0) Importer(2089858483,b0f066a214c2f5e87bad3c948f4d605d) (ScriptedImporter) -> (artifact id: '2e6bdc3d30a2d45a36c3a70353146571') in 0.002381708 seconds
Number of updated asset objects reloaded before import = 0Number of asset objects unloaded after import = 1

========================================================================
Received Prepare
WARNING: Shader Unsupported: 'Universal Render Pipeline/VR/SpatialMapping/Wireframe' - All subshaders removed
WARNING: Shader Did you use #pragma only_renderers and omit this platform?
WARNING: Shader If subshaders removal was intentional, you may have forgotten turning Fallback off?
WARNING: Shader Unsupported: 'Universal Render Pipeline/VR/SpatialMapping/Wireframe' - All subshaders removed
WARNING: Shader Did you use #pragma only_renderers and omit this platform?
WARNING: Shader If subshaders removal was intentional, you may have forgotten turning Fallback off?
Refreshing native plugins compatible for Editor in 0.65 ms, found 2 plugins.
Preloading 0 native plugins for Editor in 0.00 ms.
Unloading 17 Unused Serialized files (Serialized files now loaded: 0)
Unloading 6893 unused Assets / (3.6 MB). Loaded Objects now: 7721.
Memory consumption went from 143.9 MB to 140.4 MB.
Total: 36.748708 ms (FindLiveObjects: 0.567750 ms CreateObjectMapping: 0.379208 ms MarkObjects: 33.474250 ms  DeleteObjects: 2.325334 ms)

Prepare: number of updated asset objects reloaded= 0
========================================================================
Received Import Request.
  Time since last request: 511.523986 seconds.
  path: Assets/Scripts/Minijuego 8/CatchManagerEscena4.cs
  artifactKey: Guid(5f83201d7379d439e82b0a97aa4cd397) Importer(2089858483,b0f066a214c2f5e87bad3c948f4d605d)
Start importing Assets/Scripts/Minijuego 8/CatchManagerEscena4.cs using Guid(5f83201d7379d439e82b0a97aa4cd397) Importer(2089858483,b0f066a214c2f5e87bad3c948f4d605d) (ScriptedImporter) -> (artifact id: '6483ff22dbc6390c110e33328cfc182a') in 0.10942775 seconds
Number of updated asset objects reloaded before import = 0Number of asset objects unloaded after import = 0

========================================================================
Received Prepare
WARNING: Shader Unsupported: 'Universal Render Pipeline/VR/SpatialMapping/Wireframe' - All subshaders removed
WARNING: Shader Did you use #pragma only_renderers and omit this platform?
WARNING: Shader If subshaders removal was intentional, you may have forgotten turning Fallback off?
WARNING: Shader Unsupported: 'Universal Render Pipeline/VR/SpatialMapping/Wireframe' - All subshaders removed
WARNING: Shader Did you use #pragma only_renderers and omit this platform?
WARNING: Shader If subshaders removal was intentional, you may have forgotten turning Fallback off?
Refreshing native plugins compatible for Editor in 0.96 ms, found 2 plugins.
Preloading 0 native plugins for Editor in 0.00 ms.
Unloading 17 Unused Serialized files (Serialized files now loaded: 0)
Unloading 6893 unused Assets / (4.0 MB). Loaded Objects now: 7721.
Memory consumption went from 144.0 MB to 139.9 MB.
Total: 46.715875 ms (FindLiveObjects: 0.792458 ms CreateObjectMapping: 0.499500 ms MarkObjects: 42.954666 ms  DeleteObjects: 2.468666 ms)

Prepare: number of updated asset objects reloaded= 0
========================================================================
Received Import Request.
  Time since last request: 11.188570 seconds.
  path: Assets/Scripts/Minijuego 8/CatchManagerEscena8.cs
  artifactKey: Guid(5f83201d7379d439e82b0a97aa4cd397) Importer(2089858483,b0f066a214c2f5e87bad3c948f4d605d)
Start importing Assets/Scripts/Minijuego 8/CatchManagerEscena8.cs using Guid(5f83201d7379d439e82b0a97aa4cd397) Importer(2089858483,b0f066a214c2f5e87bad3c948f4d605d) (ScriptedImporter) -> (artifact id: 'a48fd5571c70ac49b07e61123d84b3c0') in 0.006219541 seconds
Number of updated asset objects reloaded before import = 0Number of asset objects unloaded after import = 0

========================================================================
Received Prepare
Begin MonoManager ReloadAssembly
[Licensing::Client] Successfully resolved entitlement details
Thread 0x16dc4f000 may have been prematurely finalized
- Loaded All Assemblies, in  3.051 seconds
Refreshing native plugins compatible for Editor in 2.49 ms, found 2 plugins.
Native extension for OSXStandalone target not found
[Package Manager] Failed to launch server process. Reason: Unity was launched with the -noUpm command-line argument
[Package Manager] Unable to send message (not connected to server process).
[Package Manager] Cannot connect to Unity Package Manager local server
Mono: successfully reloaded assembly
- Finished resetting the current domain, in  2.208 seconds
Domain Reload Profiling: 5270ms
	BeginReloadAssembly (1441ms)
		ExecutionOrderSort (0ms)
		DisableScriptedObjects (147ms)
		BackupInstance (0ms)
		ReleaseScriptingObjects (2ms)
		CreateAndSetChildDomain (441ms)
	RebuildCommonClasses (113ms)
	RebuildNativeTypeToScriptingClass (49ms)
	initialDomainReloadingComplete (80ms)
	LoadAllAssembliesAndSetupDomain (1378ms)
		LoadAssemblies (942ms)
		RebuildTransferFunctionScriptingTraits (0ms)
		AnalyzeDomain (698ms)
			TypeCache.Refresh (62ms)
				TypeCache.ScanAssembly (1ms)
			BuildScriptInfoCaches (589ms)
			ResolveRequiredComponents (33ms)
	FinalizeReload (2209ms)
		ReleaseScriptCaches (0ms)
		RebuildScriptCaches (0ms)
		SetupLoadedEditorAssemblies (1773ms)
			LogAssemblyErrors (0ms)
			InitializePlatformSupportModulesInManaged (6ms)
			SetLoadedEditorAssemblies (24ms)
			BeforeProcessingInitializeOnLoad (507ms)
			ProcessInitializeOnLoadAttributes (1069ms)
			ProcessInitializeOnLoadMethodAttributes (165ms)
			AfterProcessingInitializeOnLoad (2ms)
			EditorAssembliesLoaded (1ms)
		ExecutionOrderSort2 (0ms)
		AwakeInstancesAfterBackupRestoration (23ms)
WARNING: Shader Unsupported: 'Universal Render Pipeline/VR/SpatialMapping/Wireframe' - All subshaders removed
WARNING: Shader Did you use #pragma only_renderers and omit this platform?
WARNING: Shader If subshaders removal was intentional, you may have forgotten turning Fallback off?
WARNING: Shader Unsupported: 'Universal Render Pipeline/VR/SpatialMapping/Wireframe' - All subshaders removed
WARNING: Shader Did you use #pragma only_renderers and omit this platform?
WARNING: Shader If subshaders removal was intentional, you may have forgotten turning Fallback off?
Refreshing native plugins compatible for Editor in 1.71 ms, found 2 plugins.
Preloading 0 native plugins for Editor in 0.00 ms.
Unloading 17 Unused Serialized files (Serialized files now loaded: 0)
Unloading 6903 unused Assets / (2.0 MB). Loaded Objects now: 7725.
Memory consumption went from 154.9 MB to 152.9 MB.
Total: 67.179167 ms (FindLiveObjects: 18.108834 ms CreateObjectMapping: 6.942125 ms MarkObjects: 36.324292 ms  DeleteObjects: 5.798625 ms)

Prepare: number of updated asset objects reloaded= 0
========================================================================
Received Import Request.
  Time since last request: 72.771882 seconds.
  path: Assets/Scenes/Minijuegos (Templates)/Minijuego 8.unity
  artifactKey: Guid(50accce70f54c4ca29b7f96f3c79ee0b) Importer(815301076,1909f56bfc062723c751e8b465ee728b)
Start importing Assets/Scenes/Minijuegos (Templates)/Minijuego 8.unity using Guid(50accce70f54c4ca29b7f96f3c79ee0b) Importer(815301076,1909f56bfc062723c751e8b465ee728b) (PreviewImporter) -> (artifact id: '0471780bd7b5dd48e279d2dc01ca5328') in 0.012747792 seconds
Number of updated asset objects reloaded before import = 0Number of asset objects unloaded after import = 0

========================================================================
Received Import Request.
  Time since last request: 47.112431 seconds.
  path: Assets/Scripts/Minijuego 8/CatchManagerEscena8.cs
  artifactKey: Guid(5f83201d7379d439e82b0a97aa4cd397) Importer(2089858483,b0f066a214c2f5e87bad3c948f4d605d)
Start importing Assets/Scripts/Minijuego 8/CatchManagerEscena8.cs using Guid(5f83201d7379d439e82b0a97aa4cd397) Importer(2089858483,b0f066a214c2f5e87bad3c948f4d605d) (ScriptedImporter) -> (artifact id: '679456310070a9b3b0f6e86429028259') in 0.151755833 seconds
Number of updated asset objects reloaded before import = 0Number of asset objects unloaded after import = 0

========================================================================
Received Prepare
WARNING: Shader Unsupported: 'Universal Render Pipeline/VR/SpatialMapping/Wireframe' - All subshaders removed
WARNING: Shader Did you use #pragma only_renderers and omit this platform?
WARNING: Shader If subshaders removal was intentional, you may have forgotten turning Fallback off?
WARNING: Shader Unsupported: 'Universal Render Pipeline/VR/SpatialMapping/Wireframe' - All subshaders removed
WARNING: Shader Did you use #pragma only_renderers and omit this platform?
WARNING: Shader If subshaders removal was intentional, you may have forgotten turning Fallback off?
Refreshing native plugins compatible for Editor in 0.93 ms, found 2 plugins.
Preloading 0 native plugins for Editor in 0.00 ms.
Unloading 17 Unused Serialized files (Serialized files now loaded: 0)
Unloading 6894 unused Assets / (3.7 MB). Loaded Objects now: 7726.
Memory consumption went from 147.4 MB to 143.7 MB.
Total: 41.899916 ms (FindLiveObjects: 1.055250 ms CreateObjectMapping: 0.513625 ms MarkObjects: 37.582417 ms  DeleteObjects: 2.747959 ms)

Prepare: number of updated asset objects reloaded= 0
========================================================================
Received Import Request.
  Time since last request: 5.527681 seconds.
  path: Assets/Scripts/Minijuego 8/IntrusiveThoug.cs
  artifactKey: Guid(b7907ea4d174c4c429ed951c3309be95) Importer(2089858483,b0f066a214c2f5e87bad3c948f4d605d)
Start importing Assets/Scripts/Minijuego 8/IntrusiveThoug.cs using Guid(b7907ea4d174c4c429ed951c3309be95) Importer(2089858483,b0f066a214c2f5e87bad3c948f4d605d) (ScriptedImporter) -> (artifact id: '6f70cbbc1dfdd0722018feaf54cf68cb') in 0.008411791 seconds
Number of updated asset objects reloaded before import = 0Number of asset objects unloaded after import = 0

========================================================================
Received Import Request.
  Time since last request: 0.000103 seconds.
  path: Assets/Scripts/Minijuego 8/IntrusiveThoug.cs
  artifactKey: Guid(b7907ea4d174c4c429ed951c3309be95) Importer(815301076,1909f56bfc062723c751e8b465ee728b)
Start importing Assets/Scripts/Minijuego 8/IntrusiveThoug.cs using Guid(b7907ea4d174c4c429ed951c3309be95) Importer(815301076,1909f56bfc062723c751e8b465ee728b) (PreviewImporter) -> (artifact id: '2679b46fefd186ffe4552ad32c8acbb1') in 0.000719792 seconds
Number of updated asset objects reloaded before import = 0Number of asset objects unloaded after import = 0

========================================================================
Received Prepare
Begin MonoManager ReloadAssembly
[Licensing::Client] Successfully resolved entitlement details
Thread 0x16e31f000 may have been prematurely finalized
- Loaded All Assemblies, in  1.909 seconds
Refreshing native plugins compatible for Editor in 0.89 ms, found 2 plugins.
Native extension for OSXStandalone target not found
[Package Manager] Failed to launch server process. Reason: Unity was launched with the -noUpm command-line argument
[Package Manager] Unable to send message (not connected to server process).
[Package Manager] Cannot connect to Unity Package Manager local server
Mono: successfully reloaded assembly
- Finished resetting the current domain, in  1.594 seconds
Domain Reload Profiling: 3510ms
	BeginReloadAssembly (560ms)
		ExecutionOrderSort (0ms)
		DisableScriptedObjects (29ms)
		BackupInstance (0ms)
		ReleaseScriptingObjects (1ms)
		CreateAndSetChildDomain (214ms)
	RebuildCommonClasses (86ms)
	RebuildNativeTypeToScriptingClass (32ms)
	initialDomainReloadingComplete (54ms)
	LoadAllAssembliesAndSetupDomain (1182ms)
		LoadAssemblies (759ms)
		RebuildTransferFunctionScriptingTraits (0ms)
		AnalyzeDomain (636ms)
			TypeCache.Refresh (55ms)
				TypeCache.ScanAssembly (1ms)
			BuildScriptInfoCaches (531ms)
			ResolveRequiredComponents (34ms)
	FinalizeReload (1595ms)
		ReleaseScriptCaches (0ms)
		RebuildScriptCaches (0ms)
		SetupLoadedEditorAssemblies (1297ms)
			LogAssemblyErrors (0ms)
			InitializePlatformSupportModulesInManaged (7ms)
			SetLoadedEditorAssemblies (14ms)
			BeforeProcessingInitializeOnLoad (462ms)
			ProcessInitializeOnLoadAttributes (710ms)
			ProcessInitializeOnLoadMethodAttributes (102ms)
			AfterProcessingInitializeOnLoad (2ms)
			EditorAssembliesLoaded (0ms)
		ExecutionOrderSort2 (0ms)
		AwakeInstancesAfterBackupRestoration (15ms)
WARNING: Shader Unsupported: 'Universal Render Pipeline/VR/SpatialMapping/Wireframe' - All subshaders removed
WARNING: Shader Did you use #pragma only_renderers and omit this platform?
WARNING: Shader If subshaders removal was intentional, you may have forgotten turning Fallback off?
WARNING: Shader Unsupported: 'Universal Render Pipeline/VR/SpatialMapping/Wireframe' - All subshaders removed
WARNING: Shader Did you use #pragma only_renderers and omit this platform?
WARNING: Shader If subshaders removal was intentional, you may have forgotten turning Fallback off?
Refreshing native plugins compatible for Editor in 0.80 ms, found 2 plugins.
Preloading 0 native plugins for Editor in 0.00 ms.
Unloading 17 Unused Serialized files (Serialized files now loaded: 0)
Unloading 6904 unused Assets / (5.3 MB). Loaded Objects now: 7729.
Memory consumption went from 154.7 MB to 149.4 MB.
Total: 14.240708 ms (FindLiveObjects: 0.669666 ms CreateObjectMapping: 0.578917 ms MarkObjects: 9.520583 ms  DeleteObjects: 3.295500 ms)

Prepare: number of updated asset objects reloaded= 0
========================================================================
Received Import Request.
  Time since last request: 24.119083 seconds.
  path: Assets/Scripts/Minijuego 8/IntrusiveThoug.cs
  artifactKey: Guid(b7907ea4d174c4c429ed951c3309be95) Importer(815301076,1909f56bfc062723c751e8b465ee728b)
Start importing Assets/Scripts/Minijuego 8/IntrusiveThoug.cs using Guid(b7907ea4d174c4c429ed951c3309be95) Importer(815301076,1909f56bfc062723c751e8b465ee728b) (PreviewImporter) -> (artifact id: '98ccad658ee4e722929baf63e050fba9') in 0.016009208 seconds
Number of updated asset objects reloaded before import = 0Number of asset objects unloaded after import = 0

========================================================================
Received Prepare
WARNING: Shader Unsupported: 'Universal Render Pipeline/VR/SpatialMapping/Wireframe' - All subshaders removed
WARNING: Shader Did you use #pragma only_renderers and omit this platform?
WARNING: Shader If subshaders removal was intentional, you may have forgotten turning Fallback off?
WARNING: Shader Unsupported: 'Universal Render Pipeline/VR/SpatialMapping/Wireframe' - All subshaders removed
WARNING: Shader Did you use #pragma only_renderers and omit this platform?
WARNING: Shader If subshaders removal was intentional, you may have forgotten turning Fallback off?
Refreshing native plugins compatible for Editor in 0.74 ms, found 2 plugins.
Preloading 0 native plugins for Editor in 0.00 ms.
Unloading 17 Unused Serialized files (Serialized files now loaded: 0)
Unloading 6894 unused Assets / (3.8 MB). Loaded Objects now: 7729.
Memory consumption went from 147.4 MB to 143.7 MB.
Total: 39.186584 ms (FindLiveObjects: 0.634500 ms CreateObjectMapping: 0.409875 ms MarkObjects: 36.076791 ms  DeleteObjects: 2.064584 ms)

Prepare: number of updated asset objects reloaded= 0
========================================================================
Received Import Request.
  Time since last request: 7.588447 seconds.
  path: Assets/Scripts/Minijuego 8/IntrusiveThougth.cs
  artifactKey: Guid(b7907ea4d174c4c429ed951c3309be95) Importer(815301076,1909f56bfc062723c751e8b465ee728b)
Start importing Assets/Scripts/Minijuego 8/IntrusiveThougth.cs using Guid(b7907ea4d174c4c429ed951c3309be95) Importer(815301076,1909f56bfc062723c751e8b465ee728b) (PreviewImporter) -> (artifact id: '5f9854dcd5169fc173762fb21c176a93') in 0.002376833 seconds
Number of updated asset objects reloaded before import = 0Number of asset objects unloaded after import = 0

========================================================================
Received Prepare
Begin MonoManager ReloadAssembly
Thread 0x16e2df000 may have been prematurely finalized
- Loaded All Assemblies, in  1.926 seconds
Refreshing native plugins compatible for Editor in 1.77 ms, found 2 plugins.
Native extension for OSXStandalone target not found
[Package Manager] Failed to launch server process. Reason: Unity was launched with the -noUpm command-line argument
[Package Manager] Unable to send message (not connected to server process).
[Package Manager] Cannot connect to Unity Package Manager local server
Mono: successfully reloaded assembly
- Finished resetting the current domain, in  2.415 seconds
Domain Reload Profiling: 4350ms
	BeginReloadAssembly (598ms)
		ExecutionOrderSort (0ms)
		DisableScriptedObjects (33ms)
		BackupInstance (0ms)
		ReleaseScriptingObjects (1ms)
		CreateAndSetChildDomain (277ms)
	RebuildCommonClasses (104ms)
	RebuildNativeTypeToScriptingClass (39ms)
	initialDomainReloadingComplete (53ms)
	LoadAllAssembliesAndSetupDomain (1138ms)
		LoadAssemblies (666ms)
		RebuildTransferFunctionScriptingTraits (0ms)
		AnalyzeDomain (660ms)
			TypeCache.Refresh (64ms)
				TypeCache.ScanAssembly (2ms)
			BuildScriptInfoCaches (552ms)
			ResolveRequiredComponents (33ms)
	FinalizeReload (2417ms)
		ReleaseScriptCaches (0ms)
		RebuildScriptCaches (0ms)
		SetupLoadedEditorAssemblies (1945ms)
			LogAssemblyErrors (0ms)
			InitializePlatformSupportModulesInManaged (6ms)
			SetLoadedEditorAssemblies (17ms)
			BeforeProcessingInitializeOnLoad (534ms)
			ProcessInitializeOnLoadAttributes (1230ms)
			ProcessInitializeOnLoadMethodAttributes (156ms)
			AfterProcessingInitializeOnLoad (2ms)
			EditorAssembliesLoaded (1ms)
		ExecutionOrderSort2 (0ms)
		AwakeInstancesAfterBackupRestoration (21ms)
WARNING: Shader Unsupported: 'Universal Render Pipeline/VR/SpatialMapping/Wireframe' - All subshaders removed
WARNING: Shader Did you use #pragma only_renderers and omit this platform?
WARNING: Shader If subshaders removal was intentional, you may have forgotten turning Fallback off?
WARNING: Shader Unsupported: 'Universal Render Pipeline/VR/SpatialMapping/Wireframe' - All subshaders removed
WARNING: Shader Did you use #pragma only_renderers and omit this platform?
WARNING: Shader If subshaders removal was intentional, you may have forgotten turning Fallback off?
Refreshing native plugins compatible for Editor in 1.54 ms, found 2 plugins.
Preloading 0 native plugins for Editor in 0.00 ms.
Unloading 17 Unused Serialized files (Serialized files now loaded: 0)
Unloading 6904 unused Assets / (2.0 MB). Loaded Objects now: 7732.
Memory consumption went from 154.5 MB to 152.5 MB.
Total: 25.536500 ms (FindLiveObjects: 0.771000 ms CreateObjectMapping: 1.288958 ms MarkObjects: 19.414708 ms  DeleteObjects: 4.060875 ms)

Prepare: number of updated asset objects reloaded= 0
========================================================================
Received Prepare
Begin MonoManager ReloadAssembly
[Licensing::Client] Successfully resolved entitlement details
Thread 0x16e0af000 may have been prematurely finalized
- Loaded All Assemblies, in  2.524 seconds
Refreshing native plugins compatible for Editor in 1.26 ms, found 2 plugins.
Native extension for OSXStandalone target not found
[Package Manager] Failed to launch server process. Reason: Unity was launched with the -noUpm command-line argument
[Package Manager] Unable to send message (not connected to server process).
[Package Manager] Cannot connect to Unity Package Manager local server
Mono: successfully reloaded assembly
- Finished resetting the current domain, in  1.801 seconds
Domain Reload Profiling: 4334ms
	BeginReloadAssembly (615ms)
		ExecutionOrderSort (0ms)
		DisableScriptedObjects (35ms)
		BackupInstance (0ms)
		ReleaseScriptingObjects (1ms)
		CreateAndSetChildDomain (253ms)
	RebuildCommonClasses (135ms)
	RebuildNativeTypeToScriptingClass (51ms)
	initialDomainReloadingComplete (82ms)
	LoadAllAssembliesAndSetupDomain (1648ms)
		LoadAssemblies (1068ms)
		RebuildTransferFunctionScriptingTraits (0ms)
		AnalyzeDomain (778ms)
			TypeCache.Refresh (57ms)
				TypeCache.ScanAssembly (2ms)
			BuildScriptInfoCaches (666ms)
			ResolveRequiredComponents (38ms)
	FinalizeReload (1802ms)
		ReleaseScriptCaches (0ms)
		RebuildScriptCaches (0ms)
		SetupLoadedEditorAssemblies (1425ms)
			LogAssemblyErrors (0ms)
			InitializePlatformSupportModulesInManaged (4ms)
			SetLoadedEditorAssemblies (14ms)
			BeforeProcessingInitializeOnLoad (395ms)
			ProcessInitializeOnLoadAttributes (890ms)
			ProcessInitializeOnLoadMethodAttributes (119ms)
			AfterProcessingInitializeOnLoad (2ms)
			EditorAssembliesLoaded (1ms)
		ExecutionOrderSort2 (0ms)
		AwakeInstancesAfterBackupRestoration (16ms)
WARNING: Shader Unsupported: 'Universal Render Pipeline/VR/SpatialMapping/Wireframe' - All subshaders removed
WARNING: Shader Did you use #pragma only_renderers and omit this platform?
WARNING: Shader If subshaders removal was intentional, you may have forgotten turning Fallback off?
WARNING: Shader Unsupported: 'Universal Render Pipeline/VR/SpatialMapping/Wireframe' - All subshaders removed
WARNING: Shader Did you use #pragma only_renderers and omit this platform?
WARNING: Shader If subshaders removal was intentional, you may have forgotten turning Fallback off?
Refreshing native plugins compatible for Editor in 0.68 ms, found 2 plugins.
Preloading 0 native plugins for Editor in 0.00 ms.
Unloading 17 Unused Serialized files (Serialized files now loaded: 0)
Unloading 6904 unused Assets / (4.5 MB). Loaded Objects now: 7735.
Memory consumption went from 154.4 MB to 149.9 MB.
Total: 11.333875 ms (FindLiveObjects: 0.568791 ms CreateObjectMapping: 0.396208 ms MarkObjects: 8.175375 ms  DeleteObjects: 2.025625 ms)

Prepare: number of updated asset objects reloaded= 0
========================================================================
Received Import Request.
  Time since last request: 80.287860 seconds.
  path: Assets/Scripts/Minijuego 8/IntrusiveThougth.cs
  artifactKey: Guid(b7907ea4d174c4c429ed951c3309be95) Importer(815301076,1909f56bfc062723c751e8b465ee728b)
Start importing Assets/Scripts/Minijuego 8/IntrusiveThougth.cs using Guid(b7907ea4d174c4c429ed951c3309be95) Importer(815301076,1909f56bfc062723c751e8b465ee728b) (PreviewImporter) -> (artifact id: '3b473fe85b06bef50e38f5067f52932e') in 0.0028695 seconds
Number of updated asset objects reloaded before import = 0Number of asset objects unloaded after import = 0

========================================================================
Received Prepare
Begin MonoManager ReloadAssembly
[Licensing::Client] Successfully resolved entitlement details
Thread 0x16dc4f000 may have been prematurely finalized
- Loaded All Assemblies, in  1.405 seconds
Refreshing native plugins compatible for Editor in 0.86 ms, found 2 plugins.
Native extension for OSXStandalone target not found
[Package Manager] Failed to launch server process. Reason: Unity was launched with the -noUpm command-line argument
[Package Manager] Unable to send message (not connected to server process).
[Package Manager] Cannot connect to Unity Package Manager local server
Mono: successfully reloaded assembly
- Finished resetting the current domain, in  1.648 seconds
Domain Reload Profiling: 3061ms
	BeginReloadAssembly (308ms)
		ExecutionOrderSort (0ms)
		DisableScriptedObjects (29ms)
		BackupInstance (0ms)
		ReleaseScriptingObjects (1ms)
		CreateAndSetChildDomain (114ms)
	RebuildCommonClasses (51ms)
	RebuildNativeTypeToScriptingClass (19ms)
	initialDomainReloadingComplete (45ms)
	LoadAllAssembliesAndSetupDomain (987ms)
		LoadAssemblies (459ms)
		RebuildTransferFunctionScriptingTraits (0ms)
		AnalyzeDomain (606ms)
			TypeCache.Refresh (25ms)
				TypeCache.ScanAssembly (0ms)
			BuildScriptInfoCaches (541ms)
			ResolveRequiredComponents (27ms)
	FinalizeReload (1650ms)
		ReleaseScriptCaches (0ms)
		RebuildScriptCaches (0ms)
		SetupLoadedEditorAssemblies (1340ms)
			LogAssemblyErrors (0ms)
			InitializePlatformSupportModulesInManaged (4ms)
			SetLoadedEditorAssemblies (11ms)
			BeforeProcessingInitializeOnLoad (416ms)
			ProcessInitializeOnLoadAttributes (761ms)
			ProcessInitializeOnLoadMethodAttributes (143ms)
			AfterProcessingInitializeOnLoad (2ms)
			EditorAssembliesLoaded (3ms)
		ExecutionOrderSort2 (2ms)
		AwakeInstancesAfterBackupRestoration (22ms)
WARNING: Shader Unsupported: 'Universal Render Pipeline/VR/SpatialMapping/Wireframe' - All subshaders removed
WARNING: Shader Did you use #pragma only_renderers and omit this platform?
WARNING: Shader If subshaders removal was intentional, you may have forgotten turning Fallback off?
WARNING: Shader Unsupported: 'Universal Render Pipeline/VR/SpatialMapping/Wireframe' - All subshaders removed
WARNING: Shader Did you use #pragma only_renderers and omit this platform?
WARNING: Shader If subshaders removal was intentional, you may have forgotten turning Fallback off?
Refreshing native plugins compatible for Editor in 0.84 ms, found 2 plugins.
Preloading 0 native plugins for Editor in 0.00 ms.
Unloading 17 Unused Serialized files (Serialized files now loaded: 0)
Unloading 6904 unused Assets / (3.7 MB). Loaded Objects now: 7738.
Memory consumption went from 154.4 MB to 150.7 MB.
Total: 16.848542 ms (FindLiveObjects: 1.553958 ms CreateObjectMapping: 0.930666 ms MarkObjects: 11.262833 ms  DeleteObjects: 3.095958 ms)

Prepare: number of updated asset objects reloaded= 0
========================================================================
Received Prepare
Begin MonoManager ReloadAssembly
Thread 0x16dc4f000 may have been prematurely finalized
- Loaded All Assemblies, in  1.510 seconds
Refreshing native plugins compatible for Editor in 0.87 ms, found 2 plugins.
Native extension for OSXStandalone target not found
[Package Manager] Failed to launch server process. Reason: Unity was launched with the -noUpm command-line argument
[Package Manager] Unable to send message (not connected to server process).
[Package Manager] Cannot connect to Unity Package Manager local server
Mono: successfully reloaded assembly
- Finished resetting the current domain, in  1.584 seconds
Domain Reload Profiling: 3101ms
	BeginReloadAssembly (295ms)
		ExecutionOrderSort (0ms)
		DisableScriptedObjects (37ms)
		BackupInstance (0ms)
		ReleaseScriptingObjects (0ms)
		CreateAndSetChildDomain (113ms)
	RebuildCommonClasses (48ms)
	RebuildNativeTypeToScriptingClass (18ms)
	initialDomainReloadingComplete (31ms)
	LoadAllAssembliesAndSetupDomain (1123ms)
		LoadAssemblies (570ms)
		RebuildTransferFunctionScriptingTraits (0ms)
		AnalyzeDomain (609ms)
			TypeCache.Refresh (46ms)
				TypeCache.ScanAssembly (0ms)
			BuildScriptInfoCaches (531ms)
			ResolveRequiredComponents (24ms)
	FinalizeReload (1585ms)
		ReleaseScriptCaches (0ms)
		RebuildScriptCaches (0ms)
		SetupLoadedEditorAssemblies (1306ms)
			LogAssemblyErrors (0ms)
			InitializePlatformSupportModulesInManaged (3ms)
			SetLoadedEditorAssemblies (10ms)
			BeforeProcessingInitializeOnLoad (376ms)
			ProcessInitializeOnLoadAttributes (731ms)
			ProcessInitializeOnLoadMethodAttributes (182ms)
			AfterProcessingInitializeOnLoad (3ms)
			EditorAssembliesLoaded (1ms)
		ExecutionOrderSort2 (0ms)
		AwakeInstancesAfterBackupRestoration (28ms)
WARNING: Shader Unsupported: 'Universal Render Pipeline/VR/SpatialMapping/Wireframe' - All subshaders removed
WARNING: Shader Did you use #pragma only_renderers and omit this platform?
WARNING: Shader If subshaders removal was intentional, you may have forgotten turning Fallback off?
WARNING: Shader Unsupported: 'Universal Render Pipeline/VR/SpatialMapping/Wireframe' - All subshaders removed
WARNING: Shader Did you use #pragma only_renderers and omit this platform?
WARNING: Shader If subshaders removal was intentional, you may have forgotten turning Fallback off?
Refreshing native plugins compatible for Editor in 0.98 ms, found 2 plugins.
Preloading 0 native plugins for Editor in 0.00 ms.
Unloading 17 Unused Serialized files (Serialized files now loaded: 0)
Unloading 6904 unused Assets / (3.5 MB). Loaded Objects now: 7741.
Memory consumption went from 154.4 MB to 150.9 MB.
Total: 15.782000 ms (FindLiveObjects: 0.825875 ms CreateObjectMapping: 0.774167 ms MarkObjects: 11.510959 ms  DeleteObjects: 2.670458 ms)

Prepare: number of updated asset objects reloaded= 0
========================================================================
Received Import Request.
  Time since last request: 117.169965 seconds.
  path: Assets/Scripts/Minijuego 8/IntrusiveThougth.cs
  artifactKey: Guid(b7907ea4d174c4c429ed951c3309be95) Importer(2089858483,b0f066a214c2f5e87bad3c948f4d605d)
Start importing Assets/Scripts/Minijuego 8/IntrusiveThougth.cs using Guid(b7907ea4d174c4c429ed951c3309be95) Importer(2089858483,b0f066a214c2f5e87bad3c948f4d605d) (ScriptedImporter) -> (artifact id: '170b791d1eefba9ac6e29bd360a28c71') in 0.138240083 seconds
Number of updated asset objects reloaded before import = 0Number of asset objects unloaded after import = 0

========================================================================
Received Prepare
WARNING: Shader Unsupported: 'Universal Render Pipeline/VR/SpatialMapping/Wireframe' - All subshaders removed
WARNING: Shader Did you use #pragma only_renderers and omit this platform?
WARNING: Shader If subshaders removal was intentional, you may have forgotten turning Fallback off?
WARNING: Shader Unsupported: 'Universal Render Pipeline/VR/SpatialMapping/Wireframe' - All subshaders removed
WARNING: Shader Did you use #pragma only_renderers and omit this platform?
WARNING: Shader If subshaders removal was intentional, you may have forgotten turning Fallback off?
Refreshing native plugins compatible for Editor in 0.83 ms, found 2 plugins.
Preloading 0 native plugins for Editor in 0.00 ms.
Unloading 17 Unused Serialized files (Serialized files now loaded: 0)
Unloading 6895 unused Assets / (3.7 MB). Loaded Objects now: 7742.
Memory consumption went from 147.7 MB to 144.0 MB.
Total: 19.392250 ms (FindLiveObjects: 0.893417 ms CreateObjectMapping: 0.458208 ms MarkObjects: 14.028417 ms  DeleteObjects: 4.010750 ms)

Prepare: number of updated asset objects reloaded= 0
========================================================================
Received Import Request.
  Time since last request: 3.208558 seconds.
  path: Assets/Scripts/Minijuego 8/Batidora.cs
  artifactKey: Guid(2d3557400e11c4812b97673093607ef9) Importer(2089858483,b0f066a214c2f5e87bad3c948f4d605d)
Start importing Assets/Scripts/Minijuego 8/Batidora.cs using Guid(2d3557400e11c4812b97673093607ef9) Importer(2089858483,b0f066a214c2f5e87bad3c948f4d605d) (ScriptedImporter) -> (artifact id: '4b4903a770bb09099e6e6790ad399f84') in 0.00440825 seconds
Number of updated asset objects reloaded before import = 0Number of asset objects unloaded after import = 0

========================================================================
Received Import Request.
  Time since last request: 0.031232 seconds.
  path: Assets/Scripts/Minijuego 8/Batidora.cs
  artifactKey: Guid(2d3557400e11c4812b97673093607ef9) Importer(815301076,1909f56bfc062723c751e8b465ee728b)
Start importing Assets/Scripts/Minijuego 8/Batidora.cs using Guid(2d3557400e11c4812b97673093607ef9) Importer(815301076,1909f56bfc062723c751e8b465ee728b) (PreviewImporter) -> (artifact id: 'fa8bf53336a8e57b6c6ca6fe033f50af') in 0.002138917 seconds
Number of updated asset objects reloaded before import = 0Number of asset objects unloaded after import = 0

========================================================================
Received Prepare
Begin MonoManager ReloadAssembly
Thread 0x16dc4f000 may have been prematurely finalized
- Loaded All Assemblies, in  0.979 seconds
Refreshing native plugins compatible for Editor in 1.66 ms, found 2 plugins.
Native extension for OSXStandalone target not found
[Package Manager] Failed to launch server process. Reason: Unity was launched with the -noUpm command-line argument
[Package Manager] Unable to send message (not connected to server process).
[Package Manager] Cannot connect to Unity Package Manager local server
Mono: successfully reloaded assembly
- Finished resetting the current domain, in  2.136 seconds
Domain Reload Profiling: 3121ms
	BeginReloadAssembly (275ms)
		ExecutionOrderSort (0ms)
		DisableScriptedObjects (22ms)
		BackupInstance (0ms)
		ReleaseScriptingObjects (1ms)
		CreateAndSetChildDomain (114ms)
	RebuildCommonClasses (46ms)
	RebuildNativeTypeToScriptingClass (18ms)
	initialDomainReloadingComplete (25ms)
	LoadAllAssembliesAndSetupDomain (621ms)
		LoadAssemblies (374ms)
		RebuildTransferFunctionScriptingTraits (0ms)
		AnalyzeDomain (311ms)
			TypeCache.Refresh (28ms)
				TypeCache.ScanAssembly (1ms)
			BuildScriptInfoCaches (262ms)
			ResolveRequiredComponents (16ms)
	FinalizeReload (2137ms)
		ReleaseScriptCaches (0ms)
		RebuildScriptCaches (0ms)
		SetupLoadedEditorAssemblies (1702ms)
			LogAssemblyErrors (0ms)
			InitializePlatformSupportModulesInManaged (5ms)
			SetLoadedEditorAssemblies (17ms)
			BeforeProcessingInitializeOnLoad (486ms)
			ProcessInitializeOnLoadAttributes (1008ms)
			ProcessInitializeOnLoadMethodAttributes (183ms)
			AfterProcessingInitializeOnLoad (3ms)
			EditorAssembliesLoaded (1ms)
		ExecutionOrderSort2 (0ms)
		AwakeInstancesAfterBackupRestoration (30ms)
WARNING: Shader Unsupported: 'Universal Render Pipeline/VR/SpatialMapping/Wireframe' - All subshaders removed
WARNING: Shader Did you use #pragma only_renderers and omit this platform?
WARNING: Shader If subshaders removal was intentional, you may have forgotten turning Fallback off?
WARNING: Shader Unsupported: 'Universal Render Pipeline/VR/SpatialMapping/Wireframe' - All subshaders removed
WARNING: Shader Did you use #pragma only_renderers and omit this platform?
WARNING: Shader If subshaders removal was intentional, you may have forgotten turning Fallback off?
Refreshing native plugins compatible for Editor in 1.21 ms, found 2 plugins.
Preloading 0 native plugins for Editor in 0.00 ms.
Unloading 17 Unused Serialized files (Serialized files now loaded: 0)
Unloading 6905 unused Assets / (3.4 MB). Loaded Objects now: 7745.
Memory consumption went from 154.3 MB to 150.9 MB.
Total: 22.141959 ms (FindLiveObjects: 0.798791 ms CreateObjectMapping: 0.657333 ms MarkObjects: 17.295250 ms  DeleteObjects: 3.389583 ms)

Prepare: number of updated asset objects reloaded= 0
========================================================================
Received Prepare
Begin MonoManager ReloadAssembly
[Licensing::Client] Successfully resolved entitlement details
Thread 0x16dc4f000 may have been prematurely finalized
- Loaded All Assemblies, in  1.978 seconds
Refreshing native plugins compatible for Editor in 1.22 ms, found 2 plugins.
Native extension for OSXStandalone target not found
[Package Manager] Failed to launch server process. Reason: Unity was launched with the -noUpm command-line argument
[Package Manager] Unable to send message (not connected to server process).
[Package Manager] Cannot connect to Unity Package Manager local server
Mono: successfully reloaded assembly
- Finished resetting the current domain, in  1.354 seconds
Domain Reload Profiling: 3339ms
	BeginReloadAssembly (720ms)
		ExecutionOrderSort (0ms)
		DisableScriptedObjects (74ms)
		BackupInstance (0ms)
		ReleaseScriptingObjects (1ms)
		CreateAndSetChildDomain (200ms)
	RebuildCommonClasses (94ms)
	RebuildNativeTypeToScriptingClass (34ms)
	initialDomainReloadingComplete (60ms)
	LoadAllAssembliesAndSetupDomain (1076ms)
		LoadAssemblies (686ms)
		RebuildTransferFunctionScriptingTraits (0ms)
		AnalyzeDomain (559ms)
			TypeCache.Refresh (49ms)
				TypeCache.ScanAssembly (1ms)
			BuildScriptInfoCaches (452ms)
			ResolveRequiredComponents (39ms)
	FinalizeReload (1355ms)
		ReleaseScriptCaches (0ms)
		RebuildScriptCaches (0ms)
		SetupLoadedEditorAssemblies (1041ms)
			LogAssemblyErrors (0ms)
			InitializePlatformSupportModulesInManaged (3ms)
			SetLoadedEditorAssemblies (10ms)
			BeforeProcessingInitializeOnLoad (330ms)
			ProcessInitializeOnLoadAttributes (570ms)
			ProcessInitializeOnLoadMethodAttributes (125ms)
			AfterProcessingInitializeOnLoad (3ms)
			EditorAssembliesLoaded (1ms)
		ExecutionOrderSort2 (0ms)
		AwakeInstancesAfterBackupRestoration (19ms)
WARNING: Shader Unsupported: 'Universal Render Pipeline/VR/SpatialMapping/Wireframe' - All subshaders removed
WARNING: Shader Did you use #pragma only_renderers and omit this platform?
WARNING: Shader If subshaders removal was intentional, you may have forgotten turning Fallback off?
WARNING: Shader Unsupported: 'Universal Render Pipeline/VR/SpatialMapping/Wireframe' - All subshaders removed
WARNING: Shader Did you use #pragma only_renderers and omit this platform?
WARNING: Shader If subshaders removal was intentional, you may have forgotten turning Fallback off?
Refreshing native plugins compatible for Editor in 1.05 ms, found 2 plugins.
Preloading 0 native plugins for Editor in 0.00 ms.
Unloading 17 Unused Serialized files (Serialized files now loaded: 0)
Unloading 6905 unused Assets / (4.9 MB). Loaded Objects now: 7748.
Memory consumption went from 154.2 MB to 149.3 MB.
Total: 15.565666 ms (FindLiveObjects: 1.147708 ms CreateObjectMapping: 0.751542 ms MarkObjects: 10.828791 ms  DeleteObjects: 2.585541 ms)

Prepare: number of updated asset objects reloaded= 0
========================================================================
Received Prepare
Begin MonoManager ReloadAssembly
[Licensing::Client] Successfully resolved entitlement details
Thread 0x16dc4f000 may have been prematurely finalized
- Loaded All Assemblies, in  1.994 seconds
Refreshing native plugins compatible for Editor in 1.28 ms, found 2 plugins.
Native extension for OSXStandalone target not found
[Package Manager] Failed to launch server process. Reason: Unity was launched with the -noUpm command-line argument
[Package Manager] Unable to send message (not connected to server process).
[Package Manager] Cannot connect to Unity Package Manager local server
Mono: successfully reloaded assembly
- Finished resetting the current domain, in  2.185 seconds
Domain Reload Profiling: 4185ms
	BeginReloadAssembly (708ms)
		ExecutionOrderSort (0ms)
		DisableScriptedObjects (71ms)
		BackupInstance (0ms)
		ReleaseScriptingObjects (2ms)
		CreateAndSetChildDomain (250ms)
	RebuildCommonClasses (90ms)
	RebuildNativeTypeToScriptingClass (33ms)
	initialDomainReloadingComplete (65ms)
	LoadAllAssembliesAndSetupDomain (1102ms)
		LoadAssemblies (753ms)
		RebuildTransferFunctionScriptingTraits (0ms)
		AnalyzeDomain (563ms)
			TypeCache.Refresh (63ms)
				TypeCache.ScanAssembly (3ms)
			BuildScriptInfoCaches (468ms)
			ResolveRequiredComponents (25ms)
	FinalizeReload (2186ms)
		ReleaseScriptCaches (0ms)
		RebuildScriptCaches (0ms)
		SetupLoadedEditorAssemblies (1763ms)
			LogAssemblyErrors (0ms)
			InitializePlatformSupportModulesInManaged (5ms)
			SetLoadedEditorAssemblies (16ms)
			BeforeProcessingInitializeOnLoad (476ms)
			ProcessInitializeOnLoadAttributes (1054ms)
			ProcessInitializeOnLoadMethodAttributes (207ms)
			AfterProcessingInitializeOnLoad (3ms)
			EditorAssembliesLoaded (2ms)
		ExecutionOrderSort2 (0ms)
		AwakeInstancesAfterBackupRestoration (37ms)
WARNING: Shader Unsupported: 'Universal Render Pipeline/VR/SpatialMapping/Wireframe' - All subshaders removed
WARNING: Shader Did you use #pragma only_renderers and omit this platform?
WARNING: Shader If subshaders removal was intentional, you may have forgotten turning Fallback off?
WARNING: Shader Unsupported: 'Universal Render Pipeline/VR/SpatialMapping/Wireframe' - All subshaders removed
WARNING: Shader Did you use #pragma only_renderers and omit this platform?
WARNING: Shader If subshaders removal was intentional, you may have forgotten turning Fallback off?
Refreshing native plugins compatible for Editor in 1.53 ms, found 2 plugins.
Preloading 0 native plugins for Editor in 0.00 ms.
Unloading 17 Unused Serialized files (Serialized files now loaded: 0)
Unloading 6905 unused Assets / (3.7 MB). Loaded Objects now: 7751.
Memory consumption went from 154.3 MB to 150.6 MB.
Total: 28.822250 ms (FindLiveObjects: 1.573750 ms CreateObjectMapping: 3.081667 ms MarkObjects: 19.863625 ms  DeleteObjects: 3.971166 ms)

Prepare: number of updated asset objects reloaded= 0
========================================================================
Received Import Request.
  Time since last request: 340.913081 seconds.
  path: Assets/Scripts/Minijuego 8/Batidora.cs
  artifactKey: Guid(2d3557400e11c4812b97673093607ef9) Importer(815301076,1909f56bfc062723c751e8b465ee728b)
Start importing Assets/Scripts/Minijuego 8/Batidora.cs using Guid(2d3557400e11c4812b97673093607ef9) Importer(815301076,1909f56bfc062723c751e8b465ee728b) (PreviewImporter) -> (artifact id: 'f7529307e34dd7d22664b89b617c2049') in 0.005648833 seconds
Number of updated asset objects reloaded before import = 0Number of asset objects unloaded after import = 0

========================================================================
Received Prepare
Begin MonoManager ReloadAssembly
[Licensing::Client] Successfully resolved entitlement details
Thread 0x16dc4f000 may have been prematurely finalized
- Loaded All Assemblies, in  1.075 seconds
Refreshing native plugins compatible for Editor in 0.81 ms, found 2 plugins.
Native extension for OSXStandalone target not found
[Package Manager] Failed to launch server process. Reason: Unity was launched with the -noUpm command-line argument
[Package Manager] Unable to send message (not connected to server process).
[Package Manager] Cannot connect to Unity Package Manager local server
Mono: successfully reloaded assembly
- Finished resetting the current domain, in  1.514 seconds
Domain Reload Profiling: 2596ms
	BeginReloadAssembly (293ms)
		ExecutionOrderSort (0ms)
		DisableScriptedObjects (24ms)
		BackupInstance (0ms)
		ReleaseScriptingObjects (1ms)
		CreateAndSetChildDomain (106ms)
	RebuildCommonClasses (49ms)
	RebuildNativeTypeToScriptingClass (19ms)
	initialDomainReloadingComplete (42ms)
	LoadAllAssembliesAndSetupDomain (677ms)
		LoadAssemblies (373ms)
		RebuildTransferFunctionScriptingTraits (0ms)
		AnalyzeDomain (375ms)
			TypeCache.Refresh (37ms)
				TypeCache.ScanAssembly (0ms)
			BuildScriptInfoCaches (310ms)
			ResolveRequiredComponents (20ms)
	FinalizeReload (1515ms)
		ReleaseScriptCaches (0ms)
		RebuildScriptCaches (0ms)
		SetupLoadedEditorAssemblies (1266ms)
			LogAssemblyErrors (0ms)
			InitializePlatformSupportModulesInManaged (2ms)
			SetLoadedEditorAssemblies (11ms)
			BeforeProcessingInitializeOnLoad (398ms)
			ProcessInitializeOnLoadAttributes (689ms)
			ProcessInitializeOnLoadMethodAttributes (163ms)
			AfterProcessingInitializeOnLoad (2ms)
			EditorAssembliesLoaded (1ms)
		ExecutionOrderSort2 (0ms)
		AwakeInstancesAfterBackupRestoration (23ms)
WARNING: Shader Unsupported: 'Universal Render Pipeline/VR/SpatialMapping/Wireframe' - All subshaders removed
WARNING: Shader Did you use #pragma only_renderers and omit this platform?
WARNING: Shader If subshaders removal was intentional, you may have forgotten turning Fallback off?
WARNING: Shader Unsupported: 'Universal Render Pipeline/VR/SpatialMapping/Wireframe' - All subshaders removed
WARNING: Shader Did you use #pragma only_renderers and omit this platform?
WARNING: Shader If subshaders removal was intentional, you may have forgotten turning Fallback off?
Refreshing native plugins compatible for Editor in 0.93 ms, found 2 plugins.
Preloading 0 native plugins for Editor in 0.00 ms.
Unloading 17 Unused Serialized files (Serialized files now loaded: 0)
Unloading 6905 unused Assets / (4.4 MB). Loaded Objects now: 7754.
Memory consumption went from 154.3 MB to 150.0 MB.
Total: 17.337333 ms (FindLiveObjects: 1.572000 ms CreateObjectMapping: 1.051084 ms MarkObjects: 11.933708 ms  DeleteObjects: 2.775083 ms)

Prepare: number of updated asset objects reloaded= 0
========================================================================
Received Prepare
Begin MonoManager ReloadAssembly
Thread 0x16dc4f000 may have been prematurely finalized
- Loaded All Assemblies, in  1.604 seconds
Refreshing native plugins compatible for Editor in 0.86 ms, found 2 plugins.
Native extension for OSXStandalone target not found
[Package Manager] Failed to launch server process. Reason: Unity was launched with the -noUpm command-line argument
[Package Manager] Unable to send message (not connected to server process).
[Package Manager] Cannot connect to Unity Package Manager local server
Mono: successfully reloaded assembly
- Finished resetting the current domain, in  1.690 seconds
Domain Reload Profiling: 3300ms
	BeginReloadAssembly (488ms)
		ExecutionOrderSort (0ms)
		DisableScriptedObjects (46ms)
		BackupInstance (0ms)
		ReleaseScriptingObjects (1ms)
		CreateAndSetChildDomain (199ms)
	RebuildCommonClasses (71ms)
	RebuildNativeTypeToScriptingClass (29ms)
	initialDomainReloadingComplete (42ms)
	LoadAllAssembliesAndSetupDomain (978ms)
		LoadAssemblies (564ms)
		RebuildTransferFunctionScriptingTraits (0ms)
		AnalyzeDomain (528ms)
			TypeCache.Refresh (42ms)
				TypeCache.ScanAssembly (0ms)
			BuildScriptInfoCaches (456ms)
			ResolveRequiredComponents (23ms)
	FinalizeReload (1691ms)
		ReleaseScriptCaches (0ms)
		RebuildScriptCaches (0ms)
		SetupLoadedEditorAssemblies (1363ms)
			LogAssemblyErrors (0ms)
			InitializePlatformSupportModulesInManaged (3ms)
			SetLoadedEditorAssemblies (13ms)
			BeforeProcessingInitializeOnLoad (389ms)
			ProcessInitializeOnLoadAttributes (750ms)
			ProcessInitializeOnLoadMethodAttributes (205ms)
			AfterProcessingInitializeOnLoad (3ms)
			EditorAssembliesLoaded (1ms)
		ExecutionOrderSort2 (0ms)
		AwakeInstancesAfterBackupRestoration (40ms)
WARNING: Shader Unsupported: 'Universal Render Pipeline/VR/SpatialMapping/Wireframe' - All subshaders removed
WARNING: Shader Did you use #pragma only_renderers and omit this platform?
WARNING: Shader If subshaders removal was intentional, you may have forgotten turning Fallback off?
WARNING: Shader Unsupported: 'Universal Render Pipeline/VR/SpatialMapping/Wireframe' - All subshaders removed
WARNING: Shader Did you use #pragma only_renderers and omit this platform?
WARNING: Shader If subshaders removal was intentional, you may have forgotten turning Fallback off?
Refreshing native plugins compatible for Editor in 1.83 ms, found 2 plugins.
Preloading 0 native plugins for Editor in 0.00 ms.
Unloading 17 Unused Serialized files (Serialized files now loaded: 0)
Unloading 6905 unused Assets / (4.0 MB). Loaded Objects now: 7757.
Memory consumption went from 154.3 MB to 150.2 MB.
Total: 28.621834 ms (FindLiveObjects: 1.078708 ms CreateObjectMapping: 1.393375 ms MarkObjects: 20.585208 ms  DeleteObjects: 5.562166 ms)

Prepare: number of updated asset objects reloaded= 0
========================================================================
Received Prepare
Begin MonoManager ReloadAssembly
[Licensing::Client] Successfully resolved entitlement details
Thread 0x16dc4f000 may have been prematurely finalized
- Loaded All Assemblies, in  1.312 seconds
Refreshing native plugins compatible for Editor in 1.92 ms, found 2 plugins.
Native extension for OSXStandalone target not found
[Package Manager] Failed to launch server process. Reason: Unity was launched with the -noUpm command-line argument
[Package Manager] Unable to send message (not connected to server process).
[Package Manager] Cannot connect to Unity Package Manager local server
Mono: successfully reloaded assembly
- Finished resetting the current domain, in  1.630 seconds
Domain Reload Profiling: 2949ms
	BeginReloadAssembly (320ms)
		ExecutionOrderSort (0ms)
		DisableScriptedObjects (40ms)
		BackupInstance (0ms)
		ReleaseScriptingObjects (1ms)
		CreateAndSetChildDomain (119ms)
	RebuildCommonClasses (49ms)
	RebuildNativeTypeToScriptingClass (20ms)
	initialDomainReloadingComplete (33ms)
	LoadAllAssembliesAndSetupDomain (896ms)
		LoadAssemblies (493ms)
		RebuildTransferFunctionScriptingTraits (0ms)
		AnalyzeDomain (475ms)
			TypeCache.Refresh (64ms)
				TypeCache.ScanAssembly (1ms)
			BuildScriptInfoCaches (385ms)
			ResolveRequiredComponents (20ms)
	FinalizeReload (1631ms)
		ReleaseScriptCaches (0ms)
		RebuildScriptCaches (0ms)
		SetupLoadedEditorAssemblies (1268ms)
			LogAssemblyErrors (0ms)
			InitializePlatformSupportModulesInManaged (5ms)
			SetLoadedEditorAssemblies (15ms)
			BeforeProcessingInitializeOnLoad (477ms)
			ProcessInitializeOnLoadAttributes (618ms)
			ProcessInitializeOnLoadMethodAttributes (150ms)
			AfterProcessingInitializeOnLoad (2ms)
			EditorAssembliesLoaded (1ms)
		ExecutionOrderSort2 (0ms)
		AwakeInstancesAfterBackupRestoration (21ms)
WARNING: Shader Unsupported: 'Universal Render Pipeline/VR/SpatialMapping/Wireframe' - All subshaders removed
WARNING: Shader Did you use #pragma only_renderers and omit this platform?
WARNING: Shader If subshaders removal was intentional, you may have forgotten turning Fallback off?
WARNING: Shader Unsupported: 'Universal Render Pipeline/VR/SpatialMapping/Wireframe' - All subshaders removed
WARNING: Shader Did you use #pragma only_renderers and omit this platform?
WARNING: Shader If subshaders removal was intentional, you may have forgotten turning Fallback off?
Refreshing native plugins compatible for Editor in 0.98 ms, found 2 plugins.
Preloading 0 native plugins for Editor in 0.00 ms.
Unloading 17 Unused Serialized files (Serialized files now loaded: 0)
Unloading 6905 unused Assets / (3.6 MB). Loaded Objects now: 7760.
Memory consumption went from 154.3 MB to 150.7 MB.
Total: 19.232917 ms (FindLiveObjects: 0.767333 ms CreateObjectMapping: 0.742333 ms MarkObjects: 14.855042 ms  DeleteObjects: 2.673041 ms)

Prepare: number of updated asset objects reloaded= 0
========================================================================
Received Prepare
Begin MonoManager ReloadAssembly
Thread 0x16dc4f000 may have been prematurely finalized
- Loaded All Assemblies, in  1.660 seconds
Refreshing native plugins compatible for Editor in 0.91 ms, found 2 plugins.
Native extension for OSXStandalone target not found
[Package Manager] Failed to launch server process. Reason: Unity was launched with the -noUpm command-line argument
[Package Manager] Unable to send message (not connected to server process).
[Package Manager] Cannot connect to Unity Package Manager local server
Mono: successfully reloaded assembly
- Finished resetting the current domain, in  1.624 seconds
Domain Reload Profiling: 3291ms
	BeginReloadAssembly (507ms)
		ExecutionOrderSort (0ms)
		DisableScriptedObjects (29ms)
		BackupInstance (0ms)
		ReleaseScriptingObjects (1ms)
		CreateAndSetChildDomain (205ms)
	RebuildCommonClasses (126ms)
	RebuildNativeTypeToScriptingClass (45ms)
	initialDomainReloadingComplete (56ms)
	LoadAllAssembliesAndSetupDomain (933ms)
		LoadAssemblies (611ms)
		RebuildTransferFunctionScriptingTraits (0ms)
		AnalyzeDomain (496ms)
			TypeCache.Refresh (74ms)
				TypeCache.ScanAssembly (0ms)
			BuildScriptInfoCaches (388ms)
			ResolveRequiredComponents (26ms)
	FinalizeReload (1625ms)
		ReleaseScriptCaches (0ms)
		RebuildScriptCaches (0ms)
		SetupLoadedEditorAssemblies (1330ms)
			LogAssemblyErrors (0ms)
			InitializePlatformSupportModulesInManaged (4ms)
			SetLoadedEditorAssemblies (15ms)
			BeforeProcessingInitializeOnLoad (393ms)
			ProcessInitializeOnLoadAttributes (726ms)
			ProcessInitializeOnLoadMethodAttributes (188ms)
			AfterProcessingInitializeOnLoad (3ms)
			EditorAssembliesLoaded (1ms)
		ExecutionOrderSort2 (0ms)
		AwakeInstancesAfterBackupRestoration (30ms)
WARNING: Shader Unsupported: 'Universal Render Pipeline/VR/SpatialMapping/Wireframe' - All subshaders removed
WARNING: Shader Did you use #pragma only_renderers and omit this platform?
WARNING: Shader If subshaders removal was intentional, you may have forgotten turning Fallback off?
WARNING: Shader Unsupported: 'Universal Render Pipeline/VR/SpatialMapping/Wireframe' - All subshaders removed
WARNING: Shader Did you use #pragma only_renderers and omit this platform?
WARNING: Shader If subshaders removal was intentional, you may have forgotten turning Fallback off?
Refreshing native plugins compatible for Editor in 0.96 ms, found 2 plugins.
Preloading 0 native plugins for Editor in 0.00 ms.
Unloading 17 Unused Serialized files (Serialized files now loaded: 0)
Unloading 6905 unused Assets / (4.8 MB). Loaded Objects now: 7763.
Memory consumption went from 154.3 MB to 149.5 MB.
Total: 16.816042 ms (FindLiveObjects: 0.883666 ms CreateObjectMapping: 0.734834 ms MarkObjects: 12.334209 ms  DeleteObjects: 2.862875 ms)

Prepare: number of updated asset objects reloaded= 0
========================================================================
Received Prepare
Begin MonoManager ReloadAssembly
Thread 0x16dcdb000 may have been prematurely finalized
- Loaded All Assemblies, in  1.299 seconds
Refreshing native plugins compatible for Editor in 0.99 ms, found 2 plugins.
Native extension for OSXStandalone target not found
[Package Manager] Failed to launch server process. Reason: Unity was launched with the -noUpm command-line argument
[Package Manager] Unable to send message (not connected to server process).
[Package Manager] Cannot connect to Unity Package Manager local server
Mono: successfully reloaded assembly
- Finished resetting the current domain, in  1.244 seconds
Domain Reload Profiling: 2548ms
	BeginReloadAssembly (316ms)
		ExecutionOrderSort (0ms)
		DisableScriptedObjects (40ms)
		BackupInstance (0ms)
		ReleaseScriptingObjects (0ms)
		CreateAndSetChildDomain (126ms)
	RebuildCommonClasses (51ms)
	RebuildNativeTypeToScriptingClass (20ms)
	initialDomainReloadingComplete (40ms)
	LoadAllAssembliesAndSetupDomain (877ms)
		LoadAssemblies (471ms)
		RebuildTransferFunctionScriptingTraits (0ms)
		AnalyzeDomain (467ms)
			TypeCache.Refresh (46ms)
				TypeCache.ScanAssembly (1ms)
			BuildScriptInfoCaches (396ms)
			ResolveRequiredComponents (19ms)
	FinalizeReload (1244ms)
		ReleaseScriptCaches (0ms)
		RebuildScriptCaches (0ms)
		SetupLoadedEditorAssemblies (988ms)
			LogAssemblyErrors (0ms)
			InitializePlatformSupportModulesInManaged (2ms)
			SetLoadedEditorAssemblies (9ms)
			BeforeProcessingInitializeOnLoad (287ms)
			ProcessInitializeOnLoadAttributes (557ms)
			ProcessInitializeOnLoadMethodAttributes (129ms)
			AfterProcessingInitializeOnLoad (2ms)
			EditorAssembliesLoaded (0ms)
		ExecutionOrderSort2 (0ms)
		AwakeInstancesAfterBackupRestoration (22ms)
WARNING: Shader Unsupported: 'Universal Render Pipeline/VR/SpatialMapping/Wireframe' - All subshaders removed
WARNING: Shader Did you use #pragma only_renderers and omit this platform?
WARNING: Shader If subshaders removal was intentional, you may have forgotten turning Fallback off?
WARNING: Shader Unsupported: 'Universal Render Pipeline/VR/SpatialMapping/Wireframe' - All subshaders removed
WARNING: Shader Did you use #pragma only_renderers and omit this platform?
WARNING: Shader If subshaders removal was intentional, you may have forgotten turning Fallback off?
Refreshing native plugins compatible for Editor in 0.77 ms, found 2 plugins.
Preloading 0 native plugins for Editor in 0.00 ms.
Unloading 17 Unused Serialized files (Serialized files now loaded: 0)
Unloading 6905 unused Assets / (4.9 MB). Loaded Objects now: 7766.
Memory consumption went from 154.4 MB to 149.5 MB.
Total: 13.001500 ms (FindLiveObjects: 0.550333 ms CreateObjectMapping: 0.396500 ms MarkObjects: 8.490584 ms  DeleteObjects: 3.563584 ms)

Prepare: number of updated asset objects reloaded= 0
========================================================================
Received Prepare
WARNING: Shader Unsupported: 'Universal Render Pipeline/VR/SpatialMapping/Wireframe' - All subshaders removed
WARNING: Shader Did you use #pragma only_renderers and omit this platform?
WARNING: Shader If subshaders removal was intentional, you may have forgotten turning Fallback off?
WARNING: Shader Unsupported: 'Universal Render Pipeline/VR/SpatialMapping/Wireframe' - All subshaders removed
WARNING: Shader Did you use #pragma only_renderers and omit this platform?
WARNING: Shader If subshaders removal was intentional, you may have forgotten turning Fallback off?
Refreshing native plugins compatible for Editor in 1.63 ms, found 2 plugins.
Preloading 0 native plugins for Editor in 0.00 ms.
Unloading 17 Unused Serialized files (Serialized files now loaded: 0)
Unloading 6896 unused Assets / (5.0 MB). Loaded Objects now: 7767.
Memory consumption went from 148.0 MB to 143.0 MB.
Total: 26.561208 ms (FindLiveObjects: 0.738167 ms CreateObjectMapping: 0.807000 ms MarkObjects: 20.110209 ms  DeleteObjects: 4.899042 ms)

Prepare: number of updated asset objects reloaded= 0
========================================================================
Received Import Request.
  Time since last request: 310.138938 seconds.
  path: Assets/Scripts/Minijuego 8/BotonBatidora.cs
  artifactKey: Guid(e91d731bbe11c4551a118c6ba60a92bb) Importer(815301076,1909f56bfc062723c751e8b465ee728b)
Start importing Assets/Scripts/Minijuego 8/BotonBatidora.cs using Guid(e91d731bbe11c4551a118c6ba60a92bb) Importer(815301076,1909f56bfc062723c751e8b465ee728b) (PreviewImporter) -> (artifact id: '15a53a9dbae843aa993506731e6260d9') in 0.035270792 seconds
Number of updated asset objects reloaded before import = 0Number of asset objects unloaded after import = 0

========================================================================
Received Prepare
Begin MonoManager ReloadAssembly
[Licensing::Client] Successfully resolved entitlement details
Thread 0x16dcdb000 may have been prematurely finalized
- Loaded All Assemblies, in  2.443 seconds
Refreshing native plugins compatible for Editor in 1.35 ms, found 2 plugins.
Native extension for OSXStandalone target not found
[Package Manager] Failed to launch server process. Reason: Unity was launched with the -noUpm command-line argument
[Package Manager] Unable to send message (not connected to server process).
[Package Manager] Cannot connect to Unity Package Manager local server
Mono: successfully reloaded assembly
- Finished resetting the current domain, in  1.891 seconds
Domain Reload Profiling: 4339ms
	BeginReloadAssembly (1083ms)
		ExecutionOrderSort (0ms)
		DisableScriptedObjects (31ms)
		BackupInstance (0ms)
		ReleaseScriptingObjects (1ms)
		CreateAndSetChildDomain (755ms)
	RebuildCommonClasses (130ms)
	RebuildNativeTypeToScriptingClass (48ms)
	initialDomainReloadingComplete (93ms)
	LoadAllAssembliesAndSetupDomain (1093ms)
		LoadAssemblies (711ms)
		RebuildTransferFunctionScriptingTraits (0ms)
		AnalyzeDomain (587ms)
			TypeCache.Refresh (51ms)
				TypeCache.ScanAssembly (1ms)
			BuildScriptInfoCaches (508ms)
			ResolveRequiredComponents (22ms)
	FinalizeReload (1892ms)
		ReleaseScriptCaches (0ms)
		RebuildScriptCaches (0ms)
		SetupLoadedEditorAssemblies (1499ms)
			LogAssemblyErrors (0ms)
			InitializePlatformSupportModulesInManaged (4ms)
			SetLoadedEditorAssemblies (17ms)
			BeforeProcessingInitializeOnLoad (447ms)
			ProcessInitializeOnLoadAttributes (916ms)
			ProcessInitializeOnLoadMethodAttributes (110ms)
			AfterProcessingInitializeOnLoad (2ms)
			EditorAssembliesLoaded (4ms)
		ExecutionOrderSort2 (1ms)
		AwakeInstancesAfterBackupRestoration (17ms)
WARNING: Shader Unsupported: 'Universal Render Pipeline/VR/SpatialMapping/Wireframe' - All subshaders removed
WARNING: Shader Did you use #pragma only_renderers and omit this platform?
WARNING: Shader If subshaders removal was intentional, you may have forgotten turning Fallback off?
WARNING: Shader Unsupported: 'Universal Render Pipeline/VR/SpatialMapping/Wireframe' - All subshaders removed
WARNING: Shader Did you use #pragma only_renderers and omit this platform?
WARNING: Shader If subshaders removal was intentional, you may have forgotten turning Fallback off?
Refreshing native plugins compatible for Editor in 1.26 ms, found 2 plugins.
Preloading 0 native plugins for Editor in 0.00 ms.
Unloading 17 Unused Serialized files (Serialized files now loaded: 0)
Unloading 6906 unused Assets / (4.7 MB). Loaded Objects now: 7770.
Memory consumption went from 154.4 MB to 149.7 MB.
Total: 37.716291 ms (FindLiveObjects: 0.944042 ms CreateObjectMapping: 0.883708 ms MarkObjects: 30.505208 ms  DeleteObjects: 5.382042 ms)

Prepare: number of updated asset objects reloaded= 0
========================================================================
Received Import Request.
  Time since last request: 14.979946 seconds.
  path: Assets/Scripts/Minijuego 8/BotonBatidora.cs
  artifactKey: Guid(e91d731bbe11c4551a118c6ba60a92bb) Importer(815301076,1909f56bfc062723c751e8b465ee728b)
Start importing Assets/Scripts/Minijuego 8/BotonBatidora.cs using Guid(e91d731bbe11c4551a118c6ba60a92bb) Importer(815301076,1909f56bfc062723c751e8b465ee728b) (PreviewImporter) -> (artifact id: '00000000000000000000000000000000') in 0.007429292 seconds
Import Error Code:(4)
Message: Build asset version error: assets/scripts/minijuego 8/botonbatidora.cs in SourceAssetDB has modification time of '2026-07-15T16:18:20Z' while content on disk has modification time of '2026-07-15T16:18:36Z'
  ERROR: Build asset version error: assets/scripts/minijuego 8/botonbatidora.cs in SourceAssetDB has modification time of '2026-07-15T16:18:20Z' while content on disk has modification time of '2026-07-15T16:18:36Z'
Number of updated asset objects reloaded before import = 0Number of asset objects unloaded after import = 0

========================================================================
Received Import Request.
  Time since last request: 0.112543 seconds.
  path: Assets/Scripts/Minijuego 8/BotonBatidora.cs
  artifactKey: Guid(e91d731bbe11c4551a118c6ba60a92bb) Importer(815301076,1909f56bfc062723c751e8b465ee728b)
Start importing Assets/Scripts/Minijuego 8/BotonBatidora.cs using Guid(e91d731bbe11c4551a118c6ba60a92bb) Importer(815301076,1909f56bfc062723c751e8b465ee728b) (PreviewImporter) -> (artifact id: '00000000000000000000000000000000') in 0.000493958 seconds
Import Error Code:(4)
Message: Build asset version error: assets/scripts/minijuego 8/botonbatidora.cs in SourceAssetDB has modification time of '2026-07-15T16:18:20Z' while content on disk has modification time of '2026-07-15T16:18:36Z'
  ERROR: Build asset version error: assets/scripts/minijuego 8/botonbatidora.cs in SourceAssetDB has modification time of '2026-07-15T16:18:20Z' while content on disk has modification time of '2026-07-15T16:18:36Z'
Number of updated asset objects reloaded before import = 0Number of asset objects unloaded after import = 0

========================================================================
Received Import Request.
  Time since last request: 0.171871 seconds.
  path: Assets/Scripts/Minijuego 8/BotonBatidora.cs
  artifactKey: Guid(e91d731bbe11c4551a118c6ba60a92bb) Importer(815301076,1909f56bfc062723c751e8b465ee728b)
Start importing Assets/Scripts/Minijuego 8/BotonBatidora.cs using Guid(e91d731bbe11c4551a118c6ba60a92bb) Importer(815301076,1909f56bfc062723c751e8b465ee728b) (PreviewImporter) -> (artifact id: '00000000000000000000000000000000') in 0.000666625 seconds
Import Error Code:(4)
Message: Build asset version error: assets/scripts/minijuego 8/botonbatidora.cs in SourceAssetDB has modification time of '2026-07-15T16:18:20Z' while content on disk has modification time of '2026-07-15T16:18:36Z'
  ERROR: Build asset version error: assets/scripts/minijuego 8/botonbatidora.cs in SourceAssetDB has modification time of '2026-07-15T16:18:20Z' while content on disk has modification time of '2026-07-15T16:18:36Z'
Number of updated asset objects reloaded before import = 0Number of asset objects unloaded after import = 0

========================================================================
Received Import Request.
  Time since last request: 0.158357 seconds.
  path: Assets/Scripts/Minijuego 8/BotonBatidora.cs
  artifactKey: Guid(e91d731bbe11c4551a118c6ba60a92bb) Importer(815301076,1909f56bfc062723c751e8b465ee728b)
Start importing Assets/Scripts/Minijuego 8/BotonBatidora.cs using Guid(e91d731bbe11c4551a118c6ba60a92bb) Importer(815301076,1909f56bfc062723c751e8b465ee728b) (PreviewImporter) -> (artifact id: '00000000000000000000000000000000') in 0.000518667 seconds
Import Error Code:(4)
Message: Build asset version error: assets/scripts/minijuego 8/botonbatidora.cs in SourceAssetDB has modification time of '2026-07-15T16:18:20Z' while content on disk has modification time of '2026-07-15T16:18:36Z'
  ERROR: Build asset version error: assets/scripts/minijuego 8/botonbatidora.cs in SourceAssetDB has modification time of '2026-07-15T16:18:20Z' while content on disk has modification time of '2026-07-15T16:18:36Z'
Number of updated asset objects reloaded before import = 0Number of asset objects unloaded after import = 0

========================================================================
Received Import Request.
  Time since last request: 0.161614 seconds.
  path: Assets/Scripts/Minijuego 8/BotonBatidora.cs
  artifactKey: Guid(e91d731bbe11c4551a118c6ba60a92bb) Importer(815301076,1909f56bfc062723c751e8b465ee728b)
Start importing Assets/Scripts/Minijuego 8/BotonBatidora.cs using Guid(e91d731bbe11c4551a118c6ba60a92bb) Importer(815301076,1909f56bfc062723c751e8b465ee728b) (PreviewImporter) -> (artifact id: '00000000000000000000000000000000') in 0.000519125 seconds
Import Error Code:(4)
Message: Build asset version error: assets/scripts/minijuego 8/botonbatidora.cs in SourceAssetDB has modification time of '2026-07-15T16:18:20Z' while content on disk has modification time of '2026-07-15T16:18:36Z'
  ERROR: Build asset version error: assets/scripts/minijuego 8/botonbatidora.cs in SourceAssetDB has modification time of '2026-07-15T16:18:20Z' while content on disk has modification time of '2026-07-15T16:18:36Z'
Number of updated asset objects reloaded before import = 0Number of asset objects unloaded after import = 0

========================================================================
Received Import Request.
  Time since last request: 0.060516 seconds.
  path: Assets/Scripts/Minijuego 8/BotonBatidora.cs
  artifactKey: Guid(e91d731bbe11c4551a118c6ba60a92bb) Importer(815301076,1909f56bfc062723c751e8b465ee728b)
Start importing Assets/Scripts/Minijuego 8/BotonBatidora.cs using Guid(e91d731bbe11c4551a118c6ba60a92bb) Importer(815301076,1909f56bfc062723c751e8b465ee728b) (PreviewImporter) -> (artifact id: '00000000000000000000000000000000') in 0.000551833 seconds
Import Error Code:(4)
Message: Build asset version error: assets/scripts/minijuego 8/botonbatidora.cs in SourceAssetDB has modification time of '2026-07-15T16:18:20Z' while content on disk has modification time of '2026-07-15T16:18:36Z'
  ERROR: Build asset version error: assets/scripts/minijuego 8/botonbatidora.cs in SourceAssetDB has modification time of '2026-07-15T16:18:20Z' while content on disk has modification time of '2026-07-15T16:18:36Z'
Number of updated asset objects reloaded before import = 0Number of asset objects unloaded after import = 0

========================================================================
Received Import Request.
  Time since last request: 0.059028 seconds.
  path: Assets/Scripts/Minijuego 8/BotonBatidora.cs
  artifactKey: Guid(e91d731bbe11c4551a118c6ba60a92bb) Importer(815301076,1909f56bfc062723c751e8b465ee728b)
Start importing Assets/Scripts/Minijuego 8/BotonBatidora.cs using Guid(e91d731bbe11c4551a118c6ba60a92bb) Importer(815301076,1909f56bfc062723c751e8b465ee728b) (PreviewImporter) -> (artifact id: '00000000000000000000000000000000') in 0.000482792 seconds
Import Error Code:(4)
Message: Build asset version error: assets/scripts/minijuego 8/botonbatidora.cs in SourceAssetDB has modification time of '2026-07-15T16:18:20Z' while content on disk has modification time of '2026-07-15T16:18:36Z'
  ERROR: Build asset version error: assets/scripts/minijuego 8/botonbatidora.cs in SourceAssetDB has modification time of '2026-07-15T16:18:20Z' while content on disk has modification time of '2026-07-15T16:18:36Z'
Number of updated asset objects reloaded before import = 0Number of asset objects unloaded after import = 0

========================================================================
Received Import Request.
  Time since last request: 0.170218 seconds.
  path: Assets/Scripts/Minijuego 8/BotonBatidora.cs
  artifactKey: Guid(e91d731bbe11c4551a118c6ba60a92bb) Importer(815301076,1909f56bfc062723c751e8b465ee728b)
Start importing Assets/Scripts/Minijuego 8/BotonBatidora.cs using Guid(e91d731bbe11c4551a118c6ba60a92bb) Importer(815301076,1909f56bfc062723c751e8b465ee728b) (PreviewImporter) -> (artifact id: '00000000000000000000000000000000') in 0.000530167 seconds
Import Error Code:(4)
Message: Build asset version error: assets/scripts/minijuego 8/botonbatidora.cs in SourceAssetDB has modification time of '2026-07-15T16:18:20Z' while content on disk has modification time of '2026-07-15T16:18:36Z'
  ERROR: Build asset version error: assets/scripts/minijuego 8/botonbatidora.cs in SourceAssetDB has modification time of '2026-07-15T16:18:20Z' while content on disk has modification time of '2026-07-15T16:18:36Z'
Number of updated asset objects reloaded before import = 0Number of asset objects unloaded after import = 0

========================================================================
Received Import Request.
  Time since last request: 0.161980 seconds.
  path: Assets/Scripts/Minijuego 8/BotonBatidora.cs
  artifactKey: Guid(e91d731bbe11c4551a118c6ba60a92bb) Importer(815301076,1909f56bfc062723c751e8b465ee728b)
Start importing Assets/Scripts/Minijuego 8/BotonBatidora.cs using Guid(e91d731bbe11c4551a118c6ba60a92bb) Importer(815301076,1909f56bfc062723c751e8b465ee728b) (PreviewImporter) -> (artifact id: '00000000000000000000000000000000') in 0.000777625 seconds
Import Error Code:(4)
Message: Build asset version error: assets/scripts/minijuego 8/botonbatidora.cs in SourceAssetDB has modification time of '2026-07-15T16:18:20Z' while content on disk has modification time of '2026-07-15T16:18:36Z'
  ERROR: Build asset version error: assets/scripts/minijuego 8/botonbatidora.cs in SourceAssetDB has modification time of '2026-07-15T16:18:20Z' while content on disk has modification time of '2026-07-15T16:18:36Z'
Number of updated asset objects reloaded before import = 0Number of asset objects unloaded after import = 0

========================================================================
Received Import Request.
  Time since last request: 0.056587 seconds.
  path: Assets/Scripts/Minijuego 8/BotonBatidora.cs
  artifactKey: Guid(e91d731bbe11c4551a118c6ba60a92bb) Importer(815301076,1909f56bfc062723c751e8b465ee728b)
Start importing Assets/Scripts/Minijuego 8/BotonBatidora.cs using Guid(e91d731bbe11c4551a118c6ba60a92bb) Importer(815301076,1909f56bfc062723c751e8b465ee728b) (PreviewImporter) -> (artifact id: '00000000000000000000000000000000') in 0.000498542 seconds
Import Error Code:(4)
Message: Build asset version error: assets/scripts/minijuego 8/botonbatidora.cs in SourceAssetDB has modification time of '2026-07-15T16:18:20Z' while content on disk has modification time of '2026-07-15T16:18:36Z'
  ERROR: Build asset version error: assets/scripts/minijuego 8/botonbatidora.cs in SourceAssetDB has modification time of '2026-07-15T16:18:20Z' while content on disk has modification time of '2026-07-15T16:18:36Z'
Number of updated asset objects reloaded before import = 0Number of asset objects unloaded after import = 0

========================================================================
Received Import Request.
  Time since last request: 0.165850 seconds.
  path: Assets/Scripts/Minijuego 8/BotonBatidora.cs
  artifactKey: Guid(e91d731bbe11c4551a118c6ba60a92bb) Importer(815301076,1909f56bfc062723c751e8b465ee728b)
Start importing Assets/Scripts/Minijuego 8/BotonBatidora.cs using Guid(e91d731bbe11c4551a118c6ba60a92bb) Importer(815301076,1909f56bfc062723c751e8b465ee728b) (PreviewImporter) -> (artifact id: '00000000000000000000000000000000') in 0.000842792 seconds
Import Error Code:(4)
Message: Build asset version error: assets/scripts/minijuego 8/botonbatidora.cs in SourceAssetDB has modification time of '2026-07-15T16:18:20Z' while content on disk has modification time of '2026-07-15T16:18:36Z'
  ERROR: Build asset version error: assets/scripts/minijuego 8/botonbatidora.cs in SourceAssetDB has modification time of '2026-07-15T16:18:20Z' while content on disk has modification time of '2026-07-15T16:18:36Z'
Number of updated asset objects reloaded before import = 0Number of asset objects unloaded after import = 0

========================================================================
Received Import Request.
  Time since last request: 0.153762 seconds.
  path: Assets/Scripts/Minijuego 8/BotonBatidora.cs
  artifactKey: Guid(e91d731bbe11c4551a118c6ba60a92bb) Importer(815301076,1909f56bfc062723c751e8b465ee728b)
Start importing Assets/Scripts/Minijuego 8/BotonBatidora.cs using Guid(e91d731bbe11c4551a118c6ba60a92bb) Importer(815301076,1909f56bfc062723c751e8b465ee728b) (PreviewImporter) -> (artifact id: '00000000000000000000000000000000') in 0.000721083 seconds
Import Error Code:(4)
Message: Build asset version error: assets/scripts/minijuego 8/botonbatidora.cs in SourceAssetDB has modification time of '2026-07-15T16:18:20Z' while content on disk has modification time of '2026-07-15T16:18:36Z'
  ERROR: Build asset version error: assets/scripts/minijuego 8/botonbatidora.cs in SourceAssetDB has modification time of '2026-07-15T16:18:20Z' while content on disk has modification time of '2026-07-15T16:18:36Z'
Number of updated asset objects reloaded before import = 0Number of asset objects unloaded after import = 0

========================================================================
Received Import Request.
  Time since last request: 0.055621 seconds.
  path: Assets/Scripts/Minijuego 8/BotonBatidora.cs
  artifactKey: Guid(e91d731bbe11c4551a118c6ba60a92bb) Importer(815301076,1909f56bfc062723c751e8b465ee728b)
Start importing Assets/Scripts/Minijuego 8/BotonBatidora.cs using Guid(e91d731bbe11c4551a118c6ba60a92bb) Importer(815301076,1909f56bfc062723c751e8b465ee728b) (PreviewImporter) -> (artifact id: '00000000000000000000000000000000') in 0.000559916 seconds
Import Error Code:(4)
Message: Build asset version error: assets/scripts/minijuego 8/botonbatidora.cs in SourceAssetDB has modification time of '2026-07-15T16:18:20Z' while content on disk has modification time of '2026-07-15T16:18:36Z'
  ERROR: Build asset version error: assets/scripts/minijuego 8/botonbatidora.cs in SourceAssetDB has modification time of '2026-07-15T16:18:20Z' while content on disk has modification time of '2026-07-15T16:18:36Z'
Number of updated asset objects reloaded before import = 0Number of asset objects unloaded after import = 0

========================================================================
Received Import Request.
  Time since last request: 0.062822 seconds.
  path: Assets/Scripts/Minijuego 8/BotonBatidora.cs
  artifactKey: Guid(e91d731bbe11c4551a118c6ba60a92bb) Importer(815301076,1909f56bfc062723c751e8b465ee728b)
Start importing Assets/Scripts/Minijuego 8/BotonBatidora.cs using Guid(e91d731bbe11c4551a118c6ba60a92bb) Importer(815301076,1909f56bfc062723c751e8b465ee728b) (PreviewImporter) -> (artifact id: '00000000000000000000000000000000') in 0.000497084 seconds
Import Error Code:(4)
Message: Build asset version error: assets/scripts/minijuego 8/botonbatidora.cs in SourceAssetDB has modification time of '2026-07-15T16:18:20Z' while content on disk has modification time of '2026-07-15T16:18:36Z'
  ERROR: Build asset version error: assets/scripts/minijuego 8/botonbatidora.cs in SourceAssetDB has modification time of '2026-07-15T16:18:20Z' while content on disk has modification time of '2026-07-15T16:18:36Z'
Number of updated asset objects reloaded before import = 0Number of asset objects unloaded after import = 0

========================================================================
Received Import Request.
  Time since last request: 0.172220 seconds.
  path: Assets/Scripts/Minijuego 8/BotonBatidora.cs
  artifactKey: Guid(e91d731bbe11c4551a118c6ba60a92bb) Importer(815301076,1909f56bfc062723c751e8b465ee728b)
Start importing Assets/Scripts/Minijuego 8/BotonBatidora.cs using Guid(e91d731bbe11c4551a118c6ba60a92bb) Importer(815301076,1909f56bfc062723c751e8b465ee728b) (PreviewImporter) -> (artifact id: '00000000000000000000000000000000') in 0.000687709 seconds
Import Error Code:(4)
Message: Build asset version error: assets/scripts/minijuego 8/botonbatidora.cs in SourceAssetDB has modification time of '2026-07-15T16:18:20Z' while content on disk has modification time of '2026-07-15T16:18:36Z'
  ERROR: Build asset version error: assets/scripts/minijuego 8/botonbatidora.cs in SourceAssetDB has modification time of '2026-07-15T16:18:20Z' while content on disk has modification time of '2026-07-15T16:18:36Z'
Number of updated asset objects reloaded before import = 0Number of asset objects unloaded after import = 0

========================================================================
Received Import Request.
  Time since last request: 0.159806 seconds.
  path: Assets/Scripts/Minijuego 8/BotonBatidora.cs
  artifactKey: Guid(e91d731bbe11c4551a118c6ba60a92bb) Importer(815301076,1909f56bfc062723c751e8b465ee728b)
Start importing Assets/Scripts/Minijuego 8/BotonBatidora.cs using Guid(e91d731bbe11c4551a118c6ba60a92bb) Importer(815301076,1909f56bfc062723c751e8b465ee728b) (PreviewImporter) -> (artifact id: '00000000000000000000000000000000') in 0.000524916 seconds
Import Error Code:(4)
Message: Build asset version error: assets/scripts/minijuego 8/botonbatidora.cs in SourceAssetDB has modification time of '2026-07-15T16:18:20Z' while content on disk has modification time of '2026-07-15T16:18:36Z'
  ERROR: Build asset version error: assets/scripts/minijuego 8/botonbatidora.cs in SourceAssetDB has modification time of '2026-07-15T16:18:20Z' while content on disk has modification time of '2026-07-15T16:18:36Z'
Number of updated asset objects reloaded before import = 0Number of asset objects unloaded after import = 0

========================================================================
Received Import Request.
  Time since last request: 0.056002 seconds.
  path: Assets/Scripts/Minijuego 8/BotonBatidora.cs
  artifactKey: Guid(e91d731bbe11c4551a118c6ba60a92bb) Importer(815301076,1909f56bfc062723c751e8b465ee728b)
Start importing Assets/Scripts/Minijuego 8/BotonBatidora.cs using Guid(e91d731bbe11c4551a118c6ba60a92bb) Importer(815301076,1909f56bfc062723c751e8b465ee728b) (PreviewImporter) -> (artifact id: '00000000000000000000000000000000') in 0.000508792 seconds
Import Error Code:(4)
Message: Build asset version error: assets/scripts/minijuego 8/botonbatidora.cs in SourceAssetDB has modification time of '2026-07-15T16:18:20Z' while content on disk has modification time of '2026-07-15T16:18:36Z'
  ERROR: Build asset version error: assets/scripts/minijuego 8/botonbatidora.cs in SourceAssetDB has modification time of '2026-07-15T16:18:20Z' while content on disk has modification time of '2026-07-15T16:18:36Z'
Number of updated asset objects reloaded before import = 0Number of asset objects unloaded after import = 0

========================================================================
Received Import Request.
  Time since last request: 0.069014 seconds.
  path: Assets/Scripts/Minijuego 8/BotonBatidora.cs
  artifactKey: Guid(e91d731bbe11c4551a118c6ba60a92bb) Importer(815301076,1909f56bfc062723c751e8b465ee728b)
Start importing Assets/Scripts/Minijuego 8/BotonBatidora.cs using Guid(e91d731bbe11c4551a118c6ba60a92bb) Importer(815301076,1909f56bfc062723c751e8b465ee728b) (PreviewImporter) -> (artifact id: '00000000000000000000000000000000') in 0.000543625 seconds
Import Error Code:(4)
Message: Build asset version error: assets/scripts/minijuego 8/botonbatidora.cs in SourceAssetDB has modification time of '2026-07-15T16:18:20Z' while content on disk has modification time of '2026-07-15T16:18:36Z'
  ERROR: Build asset version error: assets/scripts/minijuego 8/botonbatidora.cs in SourceAssetDB has modification time of '2026-07-15T16:18:20Z' while content on disk has modification time of '2026-07-15T16:18:36Z'
Number of updated asset objects reloaded before import = 0Number of asset objects unloaded after import = 0

========================================================================
Received Import Request.
  Time since last request: 0.165224 seconds.
  path: Assets/Scripts/Minijuego 8/BotonBatidora.cs
  artifactKey: Guid(e91d731bbe11c4551a118c6ba60a92bb) Importer(815301076,1909f56bfc062723c751e8b465ee728b)
Start importing Assets/Scripts/Minijuego 8/BotonBatidora.cs using Guid(e91d731bbe11c4551a118c6ba60a92bb) Importer(815301076,1909f56bfc062723c751e8b465ee728b) (PreviewImporter) -> (artifact id: '00000000000000000000000000000000') in 0.000659709 seconds
Import Error Code:(4)
Message: Build asset version error: assets/scripts/minijuego 8/botonbatidora.cs in SourceAssetDB has modification time of '2026-07-15T16:18:20Z' while content on disk has modification time of '2026-07-15T16:18:36Z'
  ERROR: Build asset version error: assets/scripts/minijuego 8/botonbatidora.cs in SourceAssetDB has modification time of '2026-07-15T16:18:20Z' while content on disk has modification time of '2026-07-15T16:18:36Z'
Number of updated asset objects reloaded before import = 0Number of asset objects unloaded after import = 0

========================================================================
Received Import Request.
  Time since last request: 0.058220 seconds.
  path: Assets/Scripts/Minijuego 8/BotonBatidora.cs
  artifactKey: Guid(e91d731bbe11c4551a118c6ba60a92bb) Importer(815301076,1909f56bfc062723c751e8b465ee728b)
Start importing Assets/Scripts/Minijuego 8/BotonBatidora.cs using Guid(e91d731bbe11c4551a118c6ba60a92bb) Importer(815301076,1909f56bfc062723c751e8b465ee728b) (PreviewImporter) -> (artifact id: '00000000000000000000000000000000') in 0.00059675 seconds
Import Error Code:(4)
Message: Build asset version error: assets/scripts/minijuego 8/botonbatidora.cs in SourceAssetDB has modification time of '2026-07-15T16:18:20Z' while content on disk has modification time of '2026-07-15T16:18:36Z'
  ERROR: Build asset version error: assets/scripts/minijuego 8/botonbatidora.cs in SourceAssetDB has modification time of '2026-07-15T16:18:20Z' while content on disk has modification time of '2026-07-15T16:18:36Z'
Number of updated asset objects reloaded before import = 0Number of asset objects unloaded after import = 0

========================================================================
Received Import Request.
  Time since last request: 0.060622 seconds.
  path: Assets/Scripts/Minijuego 8/BotonBatidora.cs
  artifactKey: Guid(e91d731bbe11c4551a118c6ba60a92bb) Importer(815301076,1909f56bfc062723c751e8b465ee728b)
Start importing Assets/Scripts/Minijuego 8/BotonBatidora.cs using Guid(e91d731bbe11c4551a118c6ba60a92bb) Importer(815301076,1909f56bfc062723c751e8b465ee728b) (PreviewImporter) -> (artifact id: '00000000000000000000000000000000') in 0.000468666 seconds
Import Error Code:(4)
Message: Build asset version error: assets/scripts/minijuego 8/botonbatidora.cs in SourceAssetDB has modification time of '2026-07-15T16:18:20Z' while content on disk has modification time of '2026-07-15T16:18:36Z'
  ERROR: Build asset version error: assets/scripts/minijuego 8/botonbatidora.cs in SourceAssetDB has modification time of '2026-07-15T16:18:20Z' while content on disk has modification time of '2026-07-15T16:18:36Z'
Number of updated asset objects reloaded before import = 0Number of asset objects unloaded after import = 0

========================================================================
Received Import Request.
  Time since last request: 0.166384 seconds.
  path: Assets/Scripts/Minijuego 8/BotonBatidora.cs
  artifactKey: Guid(e91d731bbe11c4551a118c6ba60a92bb) Importer(815301076,1909f56bfc062723c751e8b465ee728b)
Start importing Assets/Scripts/Minijuego 8/BotonBatidora.cs using Guid(e91d731bbe11c4551a118c6ba60a92bb) Importer(815301076,1909f56bfc062723c751e8b465ee728b) (PreviewImporter) -> (artifact id: '00000000000000000000000000000000') in 0.000554875 seconds
Import Error Code:(4)
Message: Build asset version error: assets/scripts/minijuego 8/botonbatidora.cs in SourceAssetDB has modification time of '2026-07-15T16:18:20Z' while content on disk has modification time of '2026-07-15T16:18:36Z'
  ERROR: Build asset version error: assets/scripts/minijuego 8/botonbatidora.cs in SourceAssetDB has modification time of '2026-07-15T16:18:20Z' while content on disk has modification time of '2026-07-15T16:18:36Z'
Number of updated asset objects reloaded before import = 0Number of asset objects unloaded after import = 0

========================================================================
Received Import Request.
  Time since last request: 0.071144 seconds.
  path: Assets/Scripts/Minijuego 8/BotonBatidora.cs
  artifactKey: Guid(e91d731bbe11c4551a118c6ba60a92bb) Importer(815301076,1909f56bfc062723c751e8b465ee728b)
Start importing Assets/Scripts/Minijuego 8/BotonBatidora.cs using Guid(e91d731bbe11c4551a118c6ba60a92bb) Importer(815301076,1909f56bfc062723c751e8b465ee728b) (PreviewImporter) -> (artifact id: '00000000000000000000000000000000') in 0.000600125 seconds
Import Error Code:(4)
Message: Build asset version error: assets/scripts/minijuego 8/botonbatidora.cs in SourceAssetDB has modification time of '2026-07-15T16:18:20Z' while content on disk has modification time of '2026-07-15T16:18:36Z'
  ERROR: Build asset version error: assets/scripts/minijuego 8/botonbatidora.cs in SourceAssetDB has modification time of '2026-07-15T16:18:20Z' while content on disk has modification time of '2026-07-15T16:18:36Z'
Number of updated asset objects reloaded before import = 0Number of asset objects unloaded after import = 0

========================================================================
Received Import Request.
  Time since last request: 0.163045 seconds.
  path: Assets/Scripts/Minijuego 8/BotonBatidora.cs
  artifactKey: Guid(e91d731bbe11c4551a118c6ba60a92bb) Importer(815301076,1909f56bfc062723c751e8b465ee728b)
Start importing Assets/Scripts/Minijuego 8/BotonBatidora.cs using Guid(e91d731bbe11c4551a118c6ba60a92bb) Importer(815301076,1909f56bfc062723c751e8b465ee728b) (PreviewImporter) -> (artifact id: '00000000000000000000000000000000') in 0.000640583 seconds
Import Error Code:(4)
Message: Build asset version error: assets/scripts/minijuego 8/botonbatidora.cs in SourceAssetDB has modification time of '2026-07-15T16:18:20Z' while content on disk has modification time of '2026-07-15T16:18:36Z'
  ERROR: Build asset version error: assets/scripts/minijuego 8/botonbatidora.cs in SourceAssetDB has modification time of '2026-07-15T16:18:20Z' while content on disk has modification time of '2026-07-15T16:18:36Z'
Number of updated asset objects reloaded before import = 0Number of asset objects unloaded after import = 0

========================================================================
Received Import Request.
  Time since last request: 0.156308 seconds.
  path: Assets/Scripts/Minijuego 8/BotonBatidora.cs
  artifactKey: Guid(e91d731bbe11c4551a118c6ba60a92bb) Importer(815301076,1909f56bfc062723c751e8b465ee728b)
Start importing Assets/Scripts/Minijuego 8/BotonBatidora.cs using Guid(e91d731bbe11c4551a118c6ba60a92bb) Importer(815301076,1909f56bfc062723c751e8b465ee728b) (PreviewImporter) -> (artifact id: '00000000000000000000000000000000') in 0.000713583 seconds
Import Error Code:(4)
Message: Build asset version error: assets/scripts/minijuego 8/botonbatidora.cs in SourceAssetDB has modification time of '2026-07-15T16:18:20Z' while content on disk has modification time of '2026-07-15T16:18:36Z'
  ERROR: Build asset version error: assets/scripts/minijuego 8/botonbatidora.cs in SourceAssetDB has modification time of '2026-07-15T16:18:20Z' while content on disk has modification time of '2026-07-15T16:18:36Z'
Number of updated asset objects reloaded before import = 0Number of asset objects unloaded after import = 0

========================================================================
Received Import Request.
  Time since last request: 0.050794 seconds.
  path: Assets/Scripts/Minijuego 8/BotonBatidora.cs
  artifactKey: Guid(e91d731bbe11c4551a118c6ba60a92bb) Importer(815301076,1909f56bfc062723c751e8b465ee728b)
Start importing Assets/Scripts/Minijuego 8/BotonBatidora.cs using Guid(e91d731bbe11c4551a118c6ba60a92bb) Importer(815301076,1909f56bfc062723c751e8b465ee728b) (PreviewImporter) -> (artifact id: '00000000000000000000000000000000') in 0.000548542 seconds
Import Error Code:(4)
Message: Build asset version error: assets/scripts/minijuego 8/botonbatidora.cs in SourceAssetDB has modification time of '2026-07-15T16:18:20Z' while content on disk has modification time of '2026-07-15T16:18:36Z'
  ERROR: Build asset version error: assets/scripts/minijuego 8/botonbatidora.cs in SourceAssetDB has modification time of '2026-07-15T16:18:20Z' while content on disk has modification time of '2026-07-15T16:18:36Z'
Number of updated asset objects reloaded before import = 0Number of asset objects unloaded after import = 0

========================================================================
Received Import Request.
  Time since last request: 0.170310 seconds.
  path: Assets/Scripts/Minijuego 8/BotonBatidora.cs
  artifactKey: Guid(e91d731bbe11c4551a118c6ba60a92bb) Importer(815301076,1909f56bfc062723c751e8b465ee728b)
Start importing Assets/Scripts/Minijuego 8/BotonBatidora.cs using Guid(e91d731bbe11c4551a118c6ba60a92bb) Importer(815301076,1909f56bfc062723c751e8b465ee728b) (PreviewImporter) -> (artifact id: '00000000000000000000000000000000') in 0.000619792 seconds
Import Error Code:(4)
Message: Build asset version error: assets/scripts/minijuego 8/botonbatidora.cs in SourceAssetDB has modification time of '2026-07-15T16:18:20Z' while content on disk has modification time of '2026-07-15T16:18:36Z'
  ERROR: Build asset version error: assets/scripts/minijuego 8/botonbatidora.cs in SourceAssetDB has modification time of '2026-07-15T16:18:20Z' while content on disk has modification time of '2026-07-15T16:18:36Z'
Number of updated asset objects reloaded before import = 0Number of asset objects unloaded after import = 0

========================================================================
Received Import Request.
  Time since last request: 0.053179 seconds.
  path: Assets/Scripts/Minijuego 8/BotonBatidora.cs
  artifactKey: Guid(e91d731bbe11c4551a118c6ba60a92bb) Importer(815301076,1909f56bfc062723c751e8b465ee728b)
Start importing Assets/Scripts/Minijuego 8/BotonBatidora.cs using Guid(e91d731bbe11c4551a118c6ba60a92bb) Importer(815301076,1909f56bfc062723c751e8b465ee728b) (PreviewImporter) -> (artifact id: '00000000000000000000000000000000') in 0.0005505 seconds
Import Error Code:(4)
Message: Build asset version error: assets/scripts/minijuego 8/botonbatidora.cs in SourceAssetDB has modification time of '2026-07-15T16:18:20Z' while content on disk has modification time of '2026-07-15T16:18:36Z'
  ERROR: Build asset version error: assets/scripts/minijuego 8/botonbatidora.cs in SourceAssetDB has modification time of '2026-07-15T16:18:20Z' while content on disk has modification time of '2026-07-15T16:18:36Z'
Number of updated asset objects reloaded before import = 0Number of asset objects unloaded after import = 0

========================================================================
Received Import Request.
  Time since last request: 0.071184 seconds.
  path: Assets/Scripts/Minijuego 8/BotonBatidora.cs
  artifactKey: Guid(e91d731bbe11c4551a118c6ba60a92bb) Importer(815301076,1909f56bfc062723c751e8b465ee728b)
Start importing Assets/Scripts/Minijuego 8/BotonBatidora.cs using Guid(e91d731bbe11c4551a118c6ba60a92bb) Importer(815301076,1909f56bfc062723c751e8b465ee728b) (PreviewImporter) -> (artifact id: '00000000000000000000000000000000') in 0.000544458 seconds
Import Error Code:(4)
Message: Build asset version error: assets/scripts/minijuego 8/botonbatidora.cs in SourceAssetDB has modification time of '2026-07-15T16:18:20Z' while content on disk has modification time of '2026-07-15T16:18:36Z'
  ERROR: Build asset version error: assets/scripts/minijuego 8/botonbatidora.cs in SourceAssetDB has modification time of '2026-07-15T16:18:20Z' while content on disk has modification time of '2026-07-15T16:18:36Z'
Number of updated asset objects reloaded before import = 0Number of asset objects unloaded after import = 0

========================================================================
Received Import Request.
  Time since last request: 0.071814 seconds.
  path: Assets/Scripts/Minijuego 8/BotonBatidora.cs
  artifactKey: Guid(e91d731bbe11c4551a118c6ba60a92bb) Importer(815301076,1909f56bfc062723c751e8b465ee728b)
Start importing Assets/Scripts/Minijuego 8/BotonBatidora.cs using Guid(e91d731bbe11c4551a118c6ba60a92bb) Importer(815301076,1909f56bfc062723c751e8b465ee728b) (PreviewImporter) -> (artifact id: '00000000000000000000000000000000') in 0.000491916 seconds
Import Error Code:(4)
Message: Build asset version error: assets/scripts/minijuego 8/botonbatidora.cs in SourceAssetDB has modification time of '2026-07-15T16:18:20Z' while content on disk has modification time of '2026-07-15T16:18:36Z'
  ERROR: Build asset version error: assets/scripts/minijuego 8/botonbatidora.cs in SourceAssetDB has modification time of '2026-07-15T16:18:20Z' while content on disk has modification time of '2026-07-15T16:18:36Z'
Number of updated asset objects reloaded before import = 0Number of asset objects unloaded after import = 0

========================================================================
Received Import Request.
  Time since last request: 0.171913 seconds.
  path: Assets/Scripts/Minijuego 8/BotonBatidora.cs
  artifactKey: Guid(e91d731bbe11c4551a118c6ba60a92bb) Importer(815301076,1909f56bfc062723c751e8b465ee728b)
Start importing Assets/Scripts/Minijuego 8/BotonBatidora.cs using Guid(e91d731bbe11c4551a118c6ba60a92bb) Importer(815301076,1909f56bfc062723c751e8b465ee728b) (PreviewImporter) -> (artifact id: '00000000000000000000000000000000') in 0.000599417 seconds
Import Error Code:(4)
Message: Build asset version error: assets/scripts/minijuego 8/botonbatidora.cs in SourceAssetDB has modification time of '2026-07-15T16:18:20Z' while content on disk has modification time of '2026-07-15T16:18:41Z'
  ERROR: Build asset version error: assets/scripts/minijuego 8/botonbatidora.cs in SourceAssetDB has modification time of '2026-07-15T16:18:20Z' while content on disk has modification time of '2026-07-15T16:18:41Z'
Number of updated asset objects reloaded before import = 0Number of asset objects unloaded after import = 0

========================================================================
Received Import Request.
  Time since last request: 0.065881 seconds.
  path: Assets/Scripts/Minijuego 8/BotonBatidora.cs
  artifactKey: Guid(e91d731bbe11c4551a118c6ba60a92bb) Importer(815301076,1909f56bfc062723c751e8b465ee728b)
Start importing Assets/Scripts/Minijuego 8/BotonBatidora.cs using Guid(e91d731bbe11c4551a118c6ba60a92bb) Importer(815301076,1909f56bfc062723c751e8b465ee728b) (PreviewImporter) -> (artifact id: '00000000000000000000000000000000') in 0.000854625 seconds
Import Error Code:(4)
Message: Build asset version error: assets/scripts/minijuego 8/botonbatidora.cs in SourceAssetDB has modification time of '2026-07-15T16:18:20Z' while content on disk has modification time of '2026-07-15T16:18:41Z'
  ERROR: Build asset version error: assets/scripts/minijuego 8/botonbatidora.cs in SourceAssetDB has modification time of '2026-07-15T16:18:20Z' while content on disk has modification time of '2026-07-15T16:18:41Z'
Number of updated asset objects reloaded before import = 0Number of asset objects unloaded after import = 0

========================================================================
Received Import Request.
  Time since last request: 0.160702 seconds.
  path: Assets/Scripts/Minijuego 8/BotonBatidora.cs
  artifactKey: Guid(e91d731bbe11c4551a118c6ba60a92bb) Importer(815301076,1909f56bfc062723c751e8b465ee728b)
Start importing Assets/Scripts/Minijuego 8/BotonBatidora.cs using Guid(e91d731bbe11c4551a118c6ba60a92bb) Importer(815301076,1909f56bfc062723c751e8b465ee728b) (PreviewImporter) -> (artifact id: '00000000000000000000000000000000') in 0.000943083 seconds
Import Error Code:(4)
Message: Build asset version error: assets/scripts/minijuego 8/botonbatidora.cs in SourceAssetDB has modification time of '2026-07-15T16:18:20Z' while content on disk has modification time of '2026-07-15T16:18:41Z'
  ERROR: Build asset version error: assets/scripts/minijuego 8/botonbatidora.cs in SourceAssetDB has modification time of '2026-07-15T16:18:20Z' while content on disk has modification time of '2026-07-15T16:18:41Z'
Number of updated asset objects reloaded before import = 0Number of asset objects unloaded after import = 0

========================================================================
Received Import Request.
  Time since last request: 0.162254 seconds.
  path: Assets/Scripts/Minijuego 8/BotonBatidora.cs
  artifactKey: Guid(e91d731bbe11c4551a118c6ba60a92bb) Importer(815301076,1909f56bfc062723c751e8b465ee728b)
Start importing Assets/Scripts/Minijuego 8/BotonBatidora.cs using Guid(e91d731bbe11c4551a118c6ba60a92bb) Importer(815301076,1909f56bfc062723c751e8b465ee728b) (PreviewImporter) -> (artifact id: '00000000000000000000000000000000') in 0.000804375 seconds
Import Error Code:(4)
Message: Build asset version error: assets/scripts/minijuego 8/botonbatidora.cs in SourceAssetDB has modification time of '2026-07-15T16:18:20Z' while content on disk has modification time of '2026-07-15T16:18:41Z'
  ERROR: Build asset version error: assets/scripts/minijuego 8/botonbatidora.cs in SourceAssetDB has modification time of '2026-07-15T16:18:20Z' while content on disk has modification time of '2026-07-15T16:18:41Z'
Number of updated asset objects reloaded before import = 0Number of asset objects unloaded after import = 0

========================================================================
Received Import Request.
  Time since last request: 0.156775 seconds.
  path: Assets/Scripts/Minijuego 8/BotonBatidora.cs
  artifactKey: Guid(e91d731bbe11c4551a118c6ba60a92bb) Importer(815301076,1909f56bfc062723c751e8b465ee728b)
Start importing Assets/Scripts/Minijuego 8/BotonBatidora.cs using Guid(e91d731bbe11c4551a118c6ba60a92bb) Importer(815301076,1909f56bfc062723c751e8b465ee728b) (PreviewImporter) -> (artifact id: '00000000000000000000000000000000') in 0.000763667 seconds
Import Error Code:(4)
Message: Build asset version error: assets/scripts/minijuego 8/botonbatidora.cs in SourceAssetDB has modification time of '2026-07-15T16:18:20Z' while content on disk has modification time of '2026-07-15T16:18:41Z'
  ERROR: Build asset version error: assets/scripts/minijuego 8/botonbatidora.cs in SourceAssetDB has modification time of '2026-07-15T16:18:20Z' while content on disk has modification time of '2026-07-15T16:18:41Z'
Number of updated asset objects reloaded before import = 0Number of asset objects unloaded after import = 0

========================================================================
Received Import Request.
  Time since last request: 0.153415 seconds.
  path: Assets/Scripts/Minijuego 8/BotonBatidora.cs
  artifactKey: Guid(e91d731bbe11c4551a118c6ba60a92bb) Importer(815301076,1909f56bfc062723c751e8b465ee728b)
Start importing Assets/Scripts/Minijuego 8/BotonBatidora.cs using Guid(e91d731bbe11c4551a118c6ba60a92bb) Importer(815301076,1909f56bfc062723c751e8b465ee728b) (PreviewImporter) -> (artifact id: '00000000000000000000000000000000') in 0.000736791 seconds
Import Error Code:(4)
Message: Build asset version error: assets/scripts/minijuego 8/botonbatidora.cs in SourceAssetDB has modification time of '2026-07-15T16:18:20Z' while content on disk has modification time of '2026-07-15T16:18:41Z'
  ERROR: Build asset version error: assets/scripts/minijuego 8/botonbatidora.cs in SourceAssetDB has modification time of '2026-07-15T16:18:20Z' while content on disk has modification time of '2026-07-15T16:18:41Z'
Number of updated asset objects reloaded before import = 0Number of asset objects unloaded after import = 0

========================================================================
Received Import Request.
  Time since last request: 0.160822 seconds.
  path: Assets/Scripts/Minijuego 8/BotonBatidora.cs
  artifactKey: Guid(e91d731bbe11c4551a118c6ba60a92bb) Importer(815301076,1909f56bfc062723c751e8b465ee728b)
Start importing Assets/Scripts/Minijuego 8/BotonBatidora.cs using Guid(e91d731bbe11c4551a118c6ba60a92bb) Importer(815301076,1909f56bfc062723c751e8b465ee728b) (PreviewImporter) -> (artifact id: '00000000000000000000000000000000') in 0.000789792 seconds
Import Error Code:(4)
Message: Build asset version error: assets/scripts/minijuego 8/botonbatidora.cs in SourceAssetDB has modification time of '2026-07-15T16:18:20Z' while content on disk has modification time of '2026-07-15T16:18:41Z'
  ERROR: Build asset version error: assets/scripts/minijuego 8/botonbatidora.cs in SourceAssetDB has modification time of '2026-07-15T16:18:20Z' while content on disk has modification time of '2026-07-15T16:18:41Z'
Number of updated asset objects reloaded before import = 0Number of asset objects unloaded after import = 0

========================================================================
Received Import Request.
  Time since last request: 0.059930 seconds.
  path: Assets/Scripts/Minijuego 8/BotonBatidora.cs
  artifactKey: Guid(e91d731bbe11c4551a118c6ba60a92bb) Importer(815301076,1909f56bfc062723c751e8b465ee728b)
Start importing Assets/Scripts/Minijuego 8/BotonBatidora.cs using Guid(e91d731bbe11c4551a118c6ba60a92bb) Importer(815301076,1909f56bfc062723c751e8b465ee728b) (PreviewImporter) -> (artifact id: '00000000000000000000000000000000') in 0.000487334 seconds
Import Error Code:(4)
Message: Build asset version error: assets/scripts/minijuego 8/botonbatidora.cs in SourceAssetDB has modification time of '2026-07-15T16:18:20Z' while content on disk has modification time of '2026-07-15T16:18:41Z'
  ERROR: Build asset version error: assets/scripts/minijuego 8/botonbatidora.cs in SourceAssetDB has modification time of '2026-07-15T16:18:20Z' while content on disk has modification time of '2026-07-15T16:18:41Z'
Number of updated asset objects reloaded before import = 0Number of asset objects unloaded after import = 0

========================================================================
Received Import Request.
  Time since last request: 0.069112 seconds.
  path: Assets/Scripts/Minijuego 8/BotonBatidora.cs
  artifactKey: Guid(e91d731bbe11c4551a118c6ba60a92bb) Importer(815301076,1909f56bfc062723c751e8b465ee728b)
Start importing Assets/Scripts/Minijuego 8/BotonBatidora.cs using Guid(e91d731bbe11c4551a118c6ba60a92bb) Importer(815301076,1909f56bfc062723c751e8b465ee728b) (PreviewImporter) -> (artifact id: '00000000000000000000000000000000') in 0.000547708 seconds
Import Error Code:(4)
Message: Build asset version error: assets/scripts/minijuego 8/botonbatidora.cs in SourceAssetDB has modification time of '2026-07-15T16:18:20Z' while content on disk has modification time of '2026-07-15T16:18:41Z'
  ERROR: Build asset version error: assets/scripts/minijuego 8/botonbatidora.cs in SourceAssetDB has modification time of '2026-07-15T16:18:20Z' while content on disk has modification time of '2026-07-15T16:18:41Z'
Number of updated asset objects reloaded before import = 0Number of asset objects unloaded after import = 0

========================================================================
Received Import Request.
  Time since last request: 0.066345 seconds.
  path: Assets/Scripts/Minijuego 8/BotonBatidora.cs
  artifactKey: Guid(e91d731bbe11c4551a118c6ba60a92bb) Importer(815301076,1909f56bfc062723c751e8b465ee728b)
Start importing Assets/Scripts/Minijuego 8/BotonBatidora.cs using Guid(e91d731bbe11c4551a118c6ba60a92bb) Importer(815301076,1909f56bfc062723c751e8b465ee728b) (PreviewImporter) -> (artifact id: '00000000000000000000000000000000') in 0.000520666 seconds
Import Error Code:(4)
Message: Build asset version error: assets/scripts/minijuego 8/botonbatidora.cs in SourceAssetDB has modification time of '2026-07-15T16:18:20Z' while content on disk has modification time of '2026-07-15T16:18:41Z'
  ERROR: Build asset version error: assets/scripts/minijuego 8/botonbatidora.cs in SourceAssetDB has modification time of '2026-07-15T16:18:20Z' while content on disk has modification time of '2026-07-15T16:18:41Z'
Number of updated asset objects reloaded before import = 0Number of asset objects unloaded after import = 0

========================================================================
Received Import Request.
  Time since last request: 0.069115 seconds.
  path: Assets/Scripts/Minijuego 8/BotonBatidora.cs
  artifactKey: Guid(e91d731bbe11c4551a118c6ba60a92bb) Importer(815301076,1909f56bfc062723c751e8b465ee728b)
Start importing Assets/Scripts/Minijuego 8/BotonBatidora.cs using Guid(e91d731bbe11c4551a118c6ba60a92bb) Importer(815301076,1909f56bfc062723c751e8b465ee728b) (PreviewImporter) -> (artifact id: '00000000000000000000000000000000') in 0.000752167 seconds
Import Error Code:(4)
Message: Build asset version error: assets/scripts/minijuego 8/botonbatidora.cs in SourceAssetDB has modification time of '2026-07-15T16:18:20Z' while content on disk has modification time of '2026-07-15T16:18:41Z'
  ERROR: Build asset version error: assets/scripts/minijuego 8/botonbatidora.cs in SourceAssetDB has modification time of '2026-07-15T16:18:20Z' while content on disk has modification time of '2026-07-15T16:18:41Z'
Number of updated asset objects reloaded before import = 0Number of asset objects unloaded after import = 0

========================================================================
Received Import Request.
  Time since last request: 0.072565 seconds.
  path: Assets/Scripts/Minijuego 8/BotonBatidora.cs
  artifactKey: Guid(e91d731bbe11c4551a118c6ba60a92bb) Importer(815301076,1909f56bfc062723c751e8b465ee728b)
Start importing Assets/Scripts/Minijuego 8/BotonBatidora.cs using Guid(e91d731bbe11c4551a118c6ba60a92bb) Importer(815301076,1909f56bfc062723c751e8b465ee728b) (PreviewImporter) -> (artifact id: '00000000000000000000000000000000') in 0.000570583 seconds
Import Error Code:(4)
Message: Build asset version error: assets/scripts/minijuego 8/botonbatidora.cs in SourceAssetDB has modification time of '2026-07-15T16:18:20Z' while content on disk has modification time of '2026-07-15T16:18:41Z'
  ERROR: Build asset version error: assets/scripts/minijuego 8/botonbatidora.cs in SourceAssetDB has modification time of '2026-07-15T16:18:20Z' while content on disk has modification time of '2026-07-15T16:18:41Z'
Number of updated asset objects reloaded before import = 0Number of asset objects unloaded after import = 0

========================================================================
Received Import Request.
  Time since last request: 0.175033 seconds.
  path: Assets/Scripts/Minijuego 8/BotonBatidora.cs
  artifactKey: Guid(e91d731bbe11c4551a118c6ba60a92bb) Importer(815301076,1909f56bfc062723c751e8b465ee728b)
Start importing Assets/Scripts/Minijuego 8/BotonBatidora.cs using Guid(e91d731bbe11c4551a118c6ba60a92bb) Importer(815301076,1909f56bfc062723c751e8b465ee728b) (PreviewImporter) -> (artifact id: '00000000000000000000000000000000') in 0.00055425 seconds
Import Error Code:(4)
Message: Build asset version error: assets/scripts/minijuego 8/botonbatidora.cs in SourceAssetDB has modification time of '2026-07-15T16:18:20Z' while content on disk has modification time of '2026-07-15T16:18:41Z'
  ERROR: Build asset version error: assets/scripts/minijuego 8/botonbatidora.cs in SourceAssetDB has modification time of '2026-07-15T16:18:20Z' while content on disk has modification time of '2026-07-15T16:18:41Z'
Number of updated asset objects reloaded before import = 0Number of asset objects unloaded after import = 0

========================================================================
Received Import Request.
  Time since last request: 0.166174 seconds.
  path: Assets/Scripts/Minijuego 8/BotonBatidora.cs
  artifactKey: Guid(e91d731bbe11c4551a118c6ba60a92bb) Importer(815301076,1909f56bfc062723c751e8b465ee728b)
Start importing Assets/Scripts/Minijuego 8/BotonBatidora.cs using Guid(e91d731bbe11c4551a118c6ba60a92bb) Importer(815301076,1909f56bfc062723c751e8b465ee728b) (PreviewImporter) -> (artifact id: '00000000000000000000000000000000') in 0.00059525 seconds
Import Error Code:(4)
Message: Build asset version error: assets/scripts/minijuego 8/botonbatidora.cs in SourceAssetDB has modification time of '2026-07-15T16:18:20Z' while content on disk has modification time of '2026-07-15T16:18:41Z'
  ERROR: Build asset version error: assets/scripts/minijuego 8/botonbatidora.cs in SourceAssetDB has modification time of '2026-07-15T16:18:20Z' while content on disk has modification time of '2026-07-15T16:18:41Z'
Number of updated asset objects reloaded before import = 0Number of asset objects unloaded after import = 0

========================================================================
Received Import Request.
  Time since last request: 0.067534 seconds.
  path: Assets/Scripts/Minijuego 8/BotonBatidora.cs
  artifactKey: Guid(e91d731bbe11c4551a118c6ba60a92bb) Importer(815301076,1909f56bfc062723c751e8b465ee728b)
Start importing Assets/Scripts/Minijuego 8/BotonBatidora.cs using Guid(e91d731bbe11c4551a118c6ba60a92bb) Importer(815301076,1909f56bfc062723c751e8b465ee728b) (PreviewImporter) -> (artifact id: '00000000000000000000000000000000') in 0.000564042 seconds
Import Error Code:(4)
Message: Build asset version error: assets/scripts/minijuego 8/botonbatidora.cs in SourceAssetDB has modification time of '2026-07-15T16:18:20Z' while content on disk has modification time of '2026-07-15T16:18:41Z'
  ERROR: Build asset version error: assets/scripts/minijuego 8/botonbatidora.cs in SourceAssetDB has modification time of '2026-07-15T16:18:20Z' while content on disk has modification time of '2026-07-15T16:18:41Z'
Number of updated asset objects reloaded before import = 0Number of asset objects unloaded after import = 0

========================================================================
Received Import Request.
  Time since last request: 0.158437 seconds.
  path: Assets/Scripts/Minijuego 8/BotonBatidora.cs
  artifactKey: Guid(e91d731bbe11c4551a118c6ba60a92bb) Importer(815301076,1909f56bfc062723c751e8b465ee728b)
Start importing Assets/Scripts/Minijuego 8/BotonBatidora.cs using Guid(e91d731bbe11c4551a118c6ba60a92bb) Importer(815301076,1909f56bfc062723c751e8b465ee728b) (PreviewImporter) -> (artifact id: '00000000000000000000000000000000') in 0.000815334 seconds
Import Error Code:(4)
Message: Build asset version error: assets/scripts/minijuego 8/botonbatidora.cs in SourceAssetDB has modification time of '2026-07-15T16:18:20Z' while content on disk has modification time of '2026-07-15T16:18:41Z'
  ERROR: Build asset version error: assets/scripts/minijuego 8/botonbatidora.cs in SourceAssetDB has modification time of '2026-07-15T16:18:20Z' while content on disk has modification time of '2026-07-15T16:18:41Z'
Number of updated asset objects reloaded before import = 0Number of asset objects unloaded after import = 0

========================================================================
Received Import Request.
  Time since last request: 0.152743 seconds.
  path: Assets/Scripts/Minijuego 8/BotonBatidora.cs
  artifactKey: Guid(e91d731bbe11c4551a118c6ba60a92bb) Importer(815301076,1909f56bfc062723c751e8b465ee728b)
Start importing Assets/Scripts/Minijuego 8/BotonBatidora.cs using Guid(e91d731bbe11c4551a118c6ba60a92bb) Importer(815301076,1909f56bfc062723c751e8b465ee728b) (PreviewImporter) -> (artifact id: '00000000000000000000000000000000') in 0.000712083 seconds
Import Error Code:(4)
Message: Build asset version error: assets/scripts/minijuego 8/botonbatidora.cs in SourceAssetDB has modification time of '2026-07-15T16:18:20Z' while content on disk has modification time of '2026-07-15T16:18:41Z'
  ERROR: Build asset version error: assets/scripts/minijuego 8/botonbatidora.cs in SourceAssetDB has modification time of '2026-07-15T16:18:20Z' while content on disk has modification time of '2026-07-15T16:18:41Z'
Number of updated asset objects reloaded before import = 0Number of asset objects unloaded after import = 0

========================================================================
Received Import Request.
  Time since last request: 0.058167 seconds.
  path: Assets/Scripts/Minijuego 8/BotonBatidora.cs
  artifactKey: Guid(e91d731bbe11c4551a118c6ba60a92bb) Importer(815301076,1909f56bfc062723c751e8b465ee728b)
Start importing Assets/Scripts/Minijuego 8/BotonBatidora.cs using Guid(e91d731bbe11c4551a118c6ba60a92bb) Importer(815301076,1909f56bfc062723c751e8b465ee728b) (PreviewImporter) -> (artifact id: '00000000000000000000000000000000') in 0.000534458 seconds
Import Error Code:(4)
Message: Build asset version error: assets/scripts/minijuego 8/botonbatidora.cs in SourceAssetDB has modification time of '2026-07-15T16:18:20Z' while content on disk has modification time of '2026-07-15T16:18:41Z'
  ERROR: Build asset version error: assets/scripts/minijuego 8/botonbatidora.cs in SourceAssetDB has modification time of '2026-07-15T16:18:20Z' while content on disk has modification time of '2026-07-15T16:18:41Z'
Number of updated asset objects reloaded before import = 0Number of asset objects unloaded after import = 0

========================================================================
Received Import Request.
  Time since last request: 0.164878 seconds.
  path: Assets/Scripts/Minijuego 8/BotonBatidora.cs
  artifactKey: Guid(e91d731bbe11c4551a118c6ba60a92bb) Importer(815301076,1909f56bfc062723c751e8b465ee728b)
Start importing Assets/Scripts/Minijuego 8/BotonBatidora.cs using Guid(e91d731bbe11c4551a118c6ba60a92bb) Importer(815301076,1909f56bfc062723c751e8b465ee728b) (PreviewImporter) -> (artifact id: '00000000000000000000000000000000') in 0.000704875 seconds
Import Error Code:(4)
Message: Build asset version error: assets/scripts/minijuego 8/botonbatidora.cs in SourceAssetDB has modification time of '2026-07-15T16:18:20Z' while content on disk has modification time of '2026-07-15T16:18:41Z'
  ERROR: Build asset version error: assets/scripts/minijuego 8/botonbatidora.cs in SourceAssetDB has modification time of '2026-07-15T16:18:20Z' while content on disk has modification time of '2026-07-15T16:18:41Z'
Number of updated asset objects reloaded before import = 0Number of asset objects unloaded after import = 0

========================================================================
Received Import Request.
  Time since last request: 0.154884 seconds.
  path: Assets/Scripts/Minijuego 8/BotonBatidora.cs
  artifactKey: Guid(e91d731bbe11c4551a118c6ba60a92bb) Importer(815301076,1909f56bfc062723c751e8b465ee728b)
Start importing Assets/Scripts/Minijuego 8/BotonBatidora.cs using Guid(e91d731bbe11c4551a118c6ba60a92bb) Importer(815301076,1909f56bfc062723c751e8b465ee728b) (PreviewImporter) -> (artifact id: '00000000000000000000000000000000') in 0.000672542 seconds
Import Error Code:(4)
Message: Build asset version error: assets/scripts/minijuego 8/botonbatidora.cs in SourceAssetDB has modification time of '2026-07-15T16:18:20Z' while content on disk has modification time of '2026-07-15T16:18:41Z'
  ERROR: Build asset version error: assets/scripts/minijuego 8/botonbatidora.cs in SourceAssetDB has modification time of '2026-07-15T16:18:20Z' while content on disk has modification time of '2026-07-15T16:18:41Z'
Number of updated asset objects reloaded before import = 0Number of asset objects unloaded after import = 0

========================================================================
Received Import Request.
  Time since last request: 0.057007 seconds.
  path: Assets/Scripts/Minijuego 8/BotonBatidora.cs
  artifactKey: Guid(e91d731bbe11c4551a118c6ba60a92bb) Importer(815301076,1909f56bfc062723c751e8b465ee728b)
Start importing Assets/Scripts/Minijuego 8/BotonBatidora.cs using Guid(e91d731bbe11c4551a118c6ba60a92bb) Importer(815301076,1909f56bfc062723c751e8b465ee728b) (PreviewImporter) -> (artifact id: '00000000000000000000000000000000') in 0.000717917 seconds
Import Error Code:(4)
Message: Build asset version error: assets/scripts/minijuego 8/botonbatidora.cs in SourceAssetDB has modification time of '2026-07-15T16:18:20Z' while content on disk has modification time of '2026-07-15T16:18:41Z'
  ERROR: Build asset version error: assets/scripts/minijuego 8/botonbatidora.cs in SourceAssetDB has modification time of '2026-07-15T16:18:20Z' while content on disk has modification time of '2026-07-15T16:18:41Z'
Number of updated asset objects reloaded before import = 0Number of asset objects unloaded after import = 0

========================================================================
Received Import Request.
  Time since last request: 0.067219 seconds.
  path: Assets/Scripts/Minijuego 8/BotonBatidora.cs
  artifactKey: Guid(e91d731bbe11c4551a118c6ba60a92bb) Importer(815301076,1909f56bfc062723c751e8b465ee728b)
Start importing Assets/Scripts/Minijuego 8/BotonBatidora.cs using Guid(e91d731bbe11c4551a118c6ba60a92bb) Importer(815301076,1909f56bfc062723c751e8b465ee728b) (PreviewImporter) -> (artifact id: '00000000000000000000000000000000') in 0.000445833 seconds
Import Error Code:(4)
Message: Build asset version error: assets/scripts/minijuego 8/botonbatidora.cs in SourceAssetDB has modification time of '2026-07-15T16:18:20Z' while content on disk has modification time of '2026-07-15T16:18:41Z'
  ERROR: Build asset version error: assets/scripts/minijuego 8/botonbatidora.cs in SourceAssetDB has modification time of '2026-07-15T16:18:20Z' while content on disk has modification time of '2026-07-15T16:18:41Z'
Number of updated asset objects reloaded before import = 0Number of asset objects unloaded after import = 0

========================================================================
Received Import Request.
  Time since last request: 0.174687 seconds.
  path: Assets/Scripts/Minijuego 8/BotonBatidora.cs
  artifactKey: Guid(e91d731bbe11c4551a118c6ba60a92bb) Importer(815301076,1909f56bfc062723c751e8b465ee728b)
Start importing Assets/Scripts/Minijuego 8/BotonBatidora.cs using Guid(e91d731bbe11c4551a118c6ba60a92bb) Importer(815301076,1909f56bfc062723c751e8b465ee728b) (PreviewImporter) -> (artifact id: '00000000000000000000000000000000') in 0.000671291 seconds
Import Error Code:(4)
Message: Build asset version error: assets/scripts/minijuego 8/botonbatidora.cs in SourceAssetDB has modification time of '2026-07-15T16:18:20Z' while content on disk has modification time of '2026-07-15T16:18:41Z'
  ERROR: Build asset version error: assets/scripts/minijuego 8/botonbatidora.cs in SourceAssetDB has modification time of '2026-07-15T16:18:20Z' while content on disk has modification time of '2026-07-15T16:18:41Z'
Number of updated asset objects reloaded before import = 0Number of asset objects unloaded after import = 0

========================================================================
Received Import Request.
  Time since last request: 0.157588 seconds.
  path: Assets/Scripts/Minijuego 8/BotonBatidora.cs
  artifactKey: Guid(e91d731bbe11c4551a118c6ba60a92bb) Importer(815301076,1909f56bfc062723c751e8b465ee728b)
Start importing Assets/Scripts/Minijuego 8/BotonBatidora.cs using Guid(e91d731bbe11c4551a118c6ba60a92bb) Importer(815301076,1909f56bfc062723c751e8b465ee728b) (PreviewImporter) -> (artifact id: '00000000000000000000000000000000') in 0.000893042 seconds
Import Error Code:(4)
Message: Build asset version error: assets/scripts/minijuego 8/botonbatidora.cs in SourceAssetDB has modification time of '2026-07-15T16:18:20Z' while content on disk has modification time of '2026-07-15T16:18:41Z'
  ERROR: Build asset version error: assets/scripts/minijuego 8/botonbatidora.cs in SourceAssetDB has modification time of '2026-07-15T16:18:20Z' while content on disk has modification time of '2026-07-15T16:18:41Z'
Number of updated asset objects reloaded before import = 0Number of asset objects unloaded after import = 0

========================================================================
Received Import Request.
  Time since last request: 0.055985 seconds.
  path: Assets/Scripts/Minijuego 8/BotonBatidora.cs
  artifactKey: Guid(e91d731bbe11c4551a118c6ba60a92bb) Importer(815301076,1909f56bfc062723c751e8b465ee728b)
Start importing Assets/Scripts/Minijuego 8/BotonBatidora.cs using Guid(e91d731bbe11c4551a118c6ba60a92bb) Importer(815301076,1909f56bfc062723c751e8b465ee728b) (PreviewImporter) -> (artifact id: '00000000000000000000000000000000') in 0.000614958 seconds
Import Error Code:(4)
Message: Build asset version error: assets/scripts/minijuego 8/botonbatidora.cs in SourceAssetDB has modification time of '2026-07-15T16:18:20Z' while content on disk has modification time of '2026-07-15T16:18:41Z'
  ERROR: Build asset version error: assets/scripts/minijuego 8/botonbatidora.cs in SourceAssetDB has modification time of '2026-07-15T16:18:20Z' while content on disk has modification time of '2026-07-15T16:18:41Z'
Number of updated asset objects reloaded before import = 0Number of asset objects unloaded after import = 0

========================================================================
Received Import Request.
  Time since last request: 0.163762 seconds.
  path: Assets/Scripts/Minijuego 8/BotonBatidora.cs
  artifactKey: Guid(e91d731bbe11c4551a118c6ba60a92bb) Importer(815301076,1909f56bfc062723c751e8b465ee728b)
Start importing Assets/Scripts/Minijuego 8/BotonBatidora.cs using Guid(e91d731bbe11c4551a118c6ba60a92bb) Importer(815301076,1909f56bfc062723c751e8b465ee728b) (PreviewImporter) -> (artifact id: '00000000000000000000000000000000') in 0.000910541 seconds
Import Error Code:(4)
Message: Build asset version error: assets/scripts/minijuego 8/botonbatidora.cs in SourceAssetDB has modification time of '2026-07-15T16:18:20Z' while content on disk has modification time of '2026-07-15T16:18:41Z'
  ERROR: Build asset version error: assets/scripts/minijuego 8/botonbatidora.cs in SourceAssetDB has modification time of '2026-07-15T16:18:20Z' while content on disk has modification time of '2026-07-15T16:18:41Z'
Number of updated asset objects reloaded before import = 0Number of asset objects unloaded after import = 0

========================================================================
Received Import Request.
  Time since last request: 0.157447 seconds.
  path: Assets/Scripts/Minijuego 8/BotonBatidora.cs
  artifactKey: Guid(e91d731bbe11c4551a118c6ba60a92bb) Importer(815301076,1909f56bfc062723c751e8b465ee728b)
Start importing Assets/Scripts/Minijuego 8/BotonBatidora.cs using Guid(e91d731bbe11c4551a118c6ba60a92bb) Importer(815301076,1909f56bfc062723c751e8b465ee728b) (PreviewImporter) -> (artifact id: '00000000000000000000000000000000') in 0.00069875 seconds
Import Error Code:(4)
Message: Build asset version error: assets/scripts/minijuego 8/botonbatidora.cs in SourceAssetDB has modification time of '2026-07-15T16:18:20Z' while content on disk has modification time of '2026-07-15T16:18:41Z'
  ERROR: Build asset version error: assets/scripts/minijuego 8/botonbatidora.cs in SourceAssetDB has modification time of '2026-07-15T16:18:20Z' while content on disk has modification time of '2026-07-15T16:18:41Z'
Number of updated asset objects reloaded before import = 0Number of asset objects unloaded after import = 0

========================================================================
Received Import Request.
  Time since last request: 0.058500 seconds.
  path: Assets/Scripts/Minijuego 8/BotonBatidora.cs
  artifactKey: Guid(e91d731bbe11c4551a118c6ba60a92bb) Importer(815301076,1909f56bfc062723c751e8b465ee728b)
Start importing Assets/Scripts/Minijuego 8/BotonBatidora.cs using Guid(e91d731bbe11c4551a118c6ba60a92bb) Importer(815301076,1909f56bfc062723c751e8b465ee728b) (PreviewImporter) -> (artifact id: '00000000000000000000000000000000') in 0.000623208 seconds
Import Error Code:(4)
Message: Build asset version error: assets/scripts/minijuego 8/botonbatidora.cs in SourceAssetDB has modification time of '2026-07-15T16:18:20Z' while content on disk has modification time of '2026-07-15T16:18:41Z'
  ERROR: Build asset version error: assets/scripts/minijuego 8/botonbatidora.cs in SourceAssetDB has modification time of '2026-07-15T16:18:20Z' while content on disk has modification time of '2026-07-15T16:18:41Z'
Number of updated asset objects reloaded before import = 0Number of asset objects unloaded after import = 0

========================================================================
Received Import Request.
  Time since last request: 0.161845 seconds.
  path: Assets/Scripts/Minijuego 8/BotonBatidora.cs
  artifactKey: Guid(e91d731bbe11c4551a118c6ba60a92bb) Importer(815301076,1909f56bfc062723c751e8b465ee728b)
Start importing Assets/Scripts/Minijuego 8/BotonBatidora.cs using Guid(e91d731bbe11c4551a118c6ba60a92bb) Importer(815301076,1909f56bfc062723c751e8b465ee728b) (PreviewImporter) -> (artifact id: '00000000000000000000000000000000') in 0.001246792 seconds
Import Error Code:(4)
Message: Build asset version error: assets/scripts/minijuego 8/botonbatidora.cs in SourceAssetDB has modification time of '2026-07-15T16:18:20Z' while content on disk has modification time of '2026-07-15T16:18:41Z'
  ERROR: Build asset version error: assets/scripts/minijuego 8/botonbatidora.cs in SourceAssetDB has modification time of '2026-07-15T16:18:20Z' while content on disk has modification time of '2026-07-15T16:18:41Z'
Number of updated asset objects reloaded before import = 0Number of asset objects unloaded after import = 0

========================================================================
Received Import Request.
  Time since last request: 0.166257 seconds.
  path: Assets/Scripts/Minijuego 8/BotonBatidora.cs
  artifactKey: Guid(e91d731bbe11c4551a118c6ba60a92bb) Importer(815301076,1909f56bfc062723c751e8b465ee728b)
Start importing Assets/Scripts/Minijuego 8/BotonBatidora.cs using Guid(e91d731bbe11c4551a118c6ba60a92bb) Importer(815301076,1909f56bfc062723c751e8b465ee728b) (PreviewImporter) -> (artifact id: '00000000000000000000000000000000') in 0.000736666 seconds
Import Error Code:(4)
Message: Build asset version error: assets/scripts/minijuego 8/botonbatidora.cs in SourceAssetDB has modification time of '2026-07-15T16:18:20Z' while content on disk has modification time of '2026-07-15T16:18:41Z'
  ERROR: Build asset version error: assets/scripts/minijuego 8/botonbatidora.cs in SourceAssetDB has modification time of '2026-07-15T16:18:20Z' while content on disk has modification time of '2026-07-15T16:18:41Z'
Number of updated asset objects reloaded before import = 0Number of asset objects unloaded after import = 0

========================================================================
Received Import Request.
  Time since last request: 0.057469 seconds.
  path: Assets/Scripts/Minijuego 8/BotonBatidora.cs
  artifactKey: Guid(e91d731bbe11c4551a118c6ba60a92bb) Importer(815301076,1909f56bfc062723c751e8b465ee728b)
Start importing Assets/Scripts/Minijuego 8/BotonBatidora.cs using Guid(e91d731bbe11c4551a118c6ba60a92bb) Importer(815301076,1909f56bfc062723c751e8b465ee728b) (PreviewImporter) -> (artifact id: '00000000000000000000000000000000') in 0.000598709 seconds
Import Error Code:(4)
Message: Build asset version error: assets/scripts/minijuego 8/botonbatidora.cs in SourceAssetDB has modification time of '2026-07-15T16:18:20Z' while content on disk has modification time of '2026-07-15T16:18:41Z'
  ERROR: Build asset version error: assets/scripts/minijuego 8/botonbatidora.cs in SourceAssetDB has modification time of '2026-07-15T16:18:20Z' while content on disk has modification time of '2026-07-15T16:18:41Z'
Number of updated asset objects reloaded before import = 0Number of asset objects unloaded after import = 0

========================================================================
Received Import Request.
  Time since last request: 0.164545 seconds.
  path: Assets/Scripts/Minijuego 8/BotonBatidora.cs
  artifactKey: Guid(e91d731bbe11c4551a118c6ba60a92bb) Importer(815301076,1909f56bfc062723c751e8b465ee728b)
Start importing Assets/Scripts/Minijuego 8/BotonBatidora.cs using Guid(e91d731bbe11c4551a118c6ba60a92bb) Importer(815301076,1909f56bfc062723c751e8b465ee728b) (PreviewImporter) -> (artifact id: '00000000000000000000000000000000') in 0.000535542 seconds
Import Error Code:(4)
Message: Build asset version error: assets/scripts/minijuego 8/botonbatidora.cs in SourceAssetDB has modification time of '2026-07-15T16:18:20Z' while content on disk has modification time of '2026-07-15T16:18:41Z'
  ERROR: Build asset version error: assets/scripts/minijuego 8/botonbatidora.cs in SourceAssetDB has modification time of '2026-07-15T16:18:20Z' while content on disk has modification time of '2026-07-15T16:18:41Z'
Number of updated asset objects reloaded before import = 0Number of asset objects unloaded after import = 0

========================================================================
Received Import Request.
  Time since last request: 0.157292 seconds.
  path: Assets/Scripts/Minijuego 8/BotonBatidora.cs
  artifactKey: Guid(e91d731bbe11c4551a118c6ba60a92bb) Importer(815301076,1909f56bfc062723c751e8b465ee728b)
Start importing Assets/Scripts/Minijuego 8/BotonBatidora.cs using Guid(e91d731bbe11c4551a118c6ba60a92bb) Importer(815301076,1909f56bfc062723c751e8b465ee728b) (PreviewImporter) -> (artifact id: '00000000000000000000000000000000') in 0.000476375 seconds
Import Error Code:(4)
Message: Build asset version error: assets/scripts/minijuego 8/botonbatidora.cs in SourceAssetDB has modification time of '2026-07-15T16:18:20Z' while content on disk has modification time of '2026-07-15T16:18:46Z'
  ERROR: Build asset version error: assets/scripts/minijuego 8/botonbatidora.cs in SourceAssetDB has modification time of '2026-07-15T16:18:20Z' while content on disk has modification time of '2026-07-15T16:18:46Z'
Number of updated asset objects reloaded before import = 0Number of asset objects unloaded after import = 0

========================================================================
Received Import Request.
  Time since last request: 0.075493 seconds.
  path: Assets/Scripts/Minijuego 8/BotonBatidora.cs
  artifactKey: Guid(e91d731bbe11c4551a118c6ba60a92bb) Importer(815301076,1909f56bfc062723c751e8b465ee728b)
Start importing Assets/Scripts/Minijuego 8/BotonBatidora.cs using Guid(e91d731bbe11c4551a118c6ba60a92bb) Importer(815301076,1909f56bfc062723c751e8b465ee728b) (PreviewImporter) -> (artifact id: '00000000000000000000000000000000') in 0.000420333 seconds
Import Error Code:(4)
Message: Build asset version error: assets/scripts/minijuego 8/botonbatidora.cs in SourceAssetDB has modification time of '2026-07-15T16:18:20Z' while content on disk has modification time of '2026-07-15T16:18:46Z'
  ERROR: Build asset version error: assets/scripts/minijuego 8/botonbatidora.cs in SourceAssetDB has modification time of '2026-07-15T16:18:20Z' while content on disk has modification time of '2026-07-15T16:18:46Z'
Number of updated asset objects reloaded before import = 0Number of asset objects unloaded after import = 0

========================================================================
Received Import Request.
  Time since last request: 0.063873 seconds.
  path: Assets/Scripts/Minijuego 8/BotonBatidora.cs
  artifactKey: Guid(e91d731bbe11c4551a118c6ba60a92bb) Importer(815301076,1909f56bfc062723c751e8b465ee728b)
Start importing Assets/Scripts/Minijuego 8/BotonBatidora.cs using Guid(e91d731bbe11c4551a118c6ba60a92bb) Importer(815301076,1909f56bfc062723c751e8b465ee728b) (PreviewImporter) -> (artifact id: '00000000000000000000000000000000') in 0.0005235 seconds
Import Error Code:(4)
Message: Build asset version error: assets/scripts/minijuego 8/botonbatidora.cs in SourceAssetDB has modification time of '2026-07-15T16:18:20Z' while content on disk has modification time of '2026-07-15T16:18:46Z'
  ERROR: Build asset version error: assets/scripts/minijuego 8/botonbatidora.cs in SourceAssetDB has modification time of '2026-07-15T16:18:20Z' while content on disk has modification time of '2026-07-15T16:18:46Z'
Number of updated asset objects reloaded before import = 0Number of asset objects unloaded after import = 0

========================================================================
Received Import Request.
  Time since last request: 0.162369 seconds.
  path: Assets/Scripts/Minijuego 8/BotonBatidora.cs
  artifactKey: Guid(e91d731bbe11c4551a118c6ba60a92bb) Importer(815301076,1909f56bfc062723c751e8b465ee728b)
Start importing Assets/Scripts/Minijuego 8/BotonBatidora.cs using Guid(e91d731bbe11c4551a118c6ba60a92bb) Importer(815301076,1909f56bfc062723c751e8b465ee728b) (PreviewImporter) -> (artifact id: '00000000000000000000000000000000') in 0.000615667 seconds
Import Error Code:(4)
Message: Build asset version error: assets/scripts/minijuego 8/botonbatidora.cs in SourceAssetDB has modification time of '2026-07-15T16:18:20Z' while content on disk has modification time of '2026-07-15T16:18:46Z'
  ERROR: Build asset version error: assets/scripts/minijuego 8/botonbatidora.cs in SourceAssetDB has modification time of '2026-07-15T16:18:20Z' while content on disk has modification time of '2026-07-15T16:18:46Z'
Number of updated asset objects reloaded before import = 0Number of asset objects unloaded after import = 0

========================================================================
Received Import Request.
  Time since last request: 0.064985 seconds.
  path: Assets/Scripts/Minijuego 8/BotonBatidora.cs
  artifactKey: Guid(e91d731bbe11c4551a118c6ba60a92bb) Importer(815301076,1909f56bfc062723c751e8b465ee728b)
Start importing Assets/Scripts/Minijuego 8/BotonBatidora.cs using Guid(e91d731bbe11c4551a118c6ba60a92bb) Importer(815301076,1909f56bfc062723c751e8b465ee728b) (PreviewImporter) -> (artifact id: '00000000000000000000000000000000') in 0.000838791 seconds
Import Error Code:(4)
Message: Build asset version error: assets/scripts/minijuego 8/botonbatidora.cs in SourceAssetDB has modification time of '2026-07-15T16:18:20Z' while content on disk has modification time of '2026-07-15T16:18:46Z'
  ERROR: Build asset version error: assets/scripts/minijuego 8/botonbatidora.cs in SourceAssetDB has modification time of '2026-07-15T16:18:20Z' while content on disk has modification time of '2026-07-15T16:18:46Z'
Number of updated asset objects reloaded before import = 0Number of asset objects unloaded after import = 0

========================================================================
Received Import Request.
  Time since last request: 0.163493 seconds.
  path: Assets/Scripts/Minijuego 8/BotonBatidora.cs
  artifactKey: Guid(e91d731bbe11c4551a118c6ba60a92bb) Importer(815301076,1909f56bfc062723c751e8b465ee728b)
Start importing Assets/Scripts/Minijuego 8/BotonBatidora.cs using Guid(e91d731bbe11c4551a118c6ba60a92bb) Importer(815301076,1909f56bfc062723c751e8b465ee728b) (PreviewImporter) -> (artifact id: '00000000000000000000000000000000') in 0.000635666 seconds
Import Error Code:(4)
Message: Build asset version error: assets/scripts/minijuego 8/botonbatidora.cs in SourceAssetDB has modification time of '2026-07-15T16:18:20Z' while content on disk has modification time of '2026-07-15T16:18:46Z'
  ERROR: Build asset version error: assets/scripts/minijuego 8/botonbatidora.cs in SourceAssetDB has modification time of '2026-07-15T16:18:20Z' while content on disk has modification time of '2026-07-15T16:18:46Z'
Number of updated asset objects reloaded before import = 0Number of asset objects unloaded after import = 0

========================================================================
Received Import Request.
  Time since last request: 0.165790 seconds.
  path: Assets/Scripts/Minijuego 8/BotonBatidora.cs
  artifactKey: Guid(e91d731bbe11c4551a118c6ba60a92bb) Importer(815301076,1909f56bfc062723c751e8b465ee728b)
Start importing Assets/Scripts/Minijuego 8/BotonBatidora.cs using Guid(e91d731bbe11c4551a118c6ba60a92bb) Importer(815301076,1909f56bfc062723c751e8b465ee728b) (PreviewImporter) -> (artifact id: '00000000000000000000000000000000') in 0.000520709 seconds
Import Error Code:(4)
Message: Build asset version error: assets/scripts/minijuego 8/botonbatidora.cs in SourceAssetDB has modification time of '2026-07-15T16:18:20Z' while content on disk has modification time of '2026-07-15T16:18:46Z'
  ERROR: Build asset version error: assets/scripts/minijuego 8/botonbatidora.cs in SourceAssetDB has modification time of '2026-07-15T16:18:20Z' while content on disk has modification time of '2026-07-15T16:18:46Z'
Number of updated asset objects reloaded before import = 0Number of asset objects unloaded after import = 0

========================================================================
Received Import Request.
  Time since last request: 0.066756 seconds.
  path: Assets/Scripts/Minijuego 8/BotonBatidora.cs
  artifactKey: Guid(e91d731bbe11c4551a118c6ba60a92bb) Importer(815301076,1909f56bfc062723c751e8b465ee728b)
Start importing Assets/Scripts/Minijuego 8/BotonBatidora.cs using Guid(e91d731bbe11c4551a118c6ba60a92bb) Importer(815301076,1909f56bfc062723c751e8b465ee728b) (PreviewImporter) -> (artifact id: '00000000000000000000000000000000') in 0.000566083 seconds
Import Error Code:(4)
Message: Build asset version error: assets/scripts/minijuego 8/botonbatidora.cs in SourceAssetDB has modification time of '2026-07-15T16:18:20Z' while content on disk has modification time of '2026-07-15T16:18:46Z'
  ERROR: Build asset version error: assets/scripts/minijuego 8/botonbatidora.cs in SourceAssetDB has modification time of '2026-07-15T16:18:20Z' while content on disk has modification time of '2026-07-15T16:18:46Z'
Number of updated asset objects reloaded before import = 0Number of asset objects unloaded after import = 0

========================================================================
Received Import Request.
  Time since last request: 0.163240 seconds.
  path: Assets/Scripts/Minijuego 8/BotonBatidora.cs
  artifactKey: Guid(e91d731bbe11c4551a118c6ba60a92bb) Importer(815301076,1909f56bfc062723c751e8b465ee728b)
Start importing Assets/Scripts/Minijuego 8/BotonBatidora.cs using Guid(e91d731bbe11c4551a118c6ba60a92bb) Importer(815301076,1909f56bfc062723c751e8b465ee728b) (PreviewImporter) -> (artifact id: '00000000000000000000000000000000') in 0.000798 seconds
Import Error Code:(4)
Message: Build asset version error: assets/scripts/minijuego 8/botonbatidora.cs in SourceAssetDB has modification time of '2026-07-15T16:18:20Z' while content on disk has modification time of '2026-07-15T16:18:46Z'
  ERROR: Build asset version error: assets/scripts/minijuego 8/botonbatidora.cs in SourceAssetDB has modification time of '2026-07-15T16:18:20Z' while content on disk has modification time of '2026-07-15T16:18:46Z'
Number of updated asset objects reloaded before import = 0Number of asset objects unloaded after import = 0

========================================================================
Received Import Request.
  Time since last request: 0.164518 seconds.
  path: Assets/Scripts/Minijuego 8/BotonBatidora.cs
  artifactKey: Guid(e91d731bbe11c4551a118c6ba60a92bb) Importer(815301076,1909f56bfc062723c751e8b465ee728b)
Start importing Assets/Scripts/Minijuego 8/BotonBatidora.cs using Guid(e91d731bbe11c4551a118c6ba60a92bb) Importer(815301076,1909f56bfc062723c751e8b465ee728b) (PreviewImporter) -> (artifact id: '00000000000000000000000000000000') in 0.000908125 seconds
Import Error Code:(4)
Message: Build asset version error: assets/scripts/minijuego 8/botonbatidora.cs in SourceAssetDB has modification time of '2026-07-15T16:18:20Z' while content on disk has modification time of '2026-07-15T16:18:46Z'
  ERROR: Build asset version error: assets/scripts/minijuego 8/botonbatidora.cs in SourceAssetDB has modification time of '2026-07-15T16:18:20Z' while content on disk has modification time of '2026-07-15T16:18:46Z'
Number of updated asset objects reloaded before import = 0Number of asset objects unloaded after import = 0

========================================================================
Received Import Request.
  Time since last request: 0.168119 seconds.
  path: Assets/Scripts/Minijuego 8/BotonBatidora.cs
  artifactKey: Guid(e91d731bbe11c4551a118c6ba60a92bb) Importer(815301076,1909f56bfc062723c751e8b465ee728b)
Start importing Assets/Scripts/Minijuego 8/BotonBatidora.cs using Guid(e91d731bbe11c4551a118c6ba60a92bb) Importer(815301076,1909f56bfc062723c751e8b465ee728b) (PreviewImporter) -> (artifact id: '00000000000000000000000000000000') in 0.0005465 seconds
Import Error Code:(4)
Message: Build asset version error: assets/scripts/minijuego 8/botonbatidora.cs in SourceAssetDB has modification time of '2026-07-15T16:18:20Z' while content on disk has modification time of '2026-07-15T16:18:46Z'
  ERROR: Build asset version error: assets/scripts/minijuego 8/botonbatidora.cs in SourceAssetDB has modification time of '2026-07-15T16:18:20Z' while content on disk has modification time of '2026-07-15T16:18:46Z'
Number of updated asset objects reloaded before import = 0Number of asset objects unloaded after import = 0

========================================================================
Received Import Request.
  Time since last request: 0.161424 seconds.
  path: Assets/Scripts/Minijuego 8/BotonBatidora.cs
  artifactKey: Guid(e91d731bbe11c4551a118c6ba60a92bb) Importer(815301076,1909f56bfc062723c751e8b465ee728b)
Start importing Assets/Scripts/Minijuego 8/BotonBatidora.cs using Guid(e91d731bbe11c4551a118c6ba60a92bb) Importer(815301076,1909f56bfc062723c751e8b465ee728b) (PreviewImporter) -> (artifact id: '00000000000000000000000000000000') in 0.000651625 seconds
Import Error Code:(4)
Message: Build asset version error: assets/scripts/minijuego 8/botonbatidora.cs in SourceAssetDB has modification time of '2026-07-15T16:18:20Z' while content on disk has modification time of '2026-07-15T16:18:46Z'
  ERROR: Build asset version error: assets/scripts/minijuego 8/botonbatidora.cs in SourceAssetDB has modification time of '2026-07-15T16:18:20Z' while content on disk has modification time of '2026-07-15T16:18:46Z'
Number of updated asset objects reloaded before import = 0Number of asset objects unloaded after import = 0

========================================================================
Received Import Request.
  Time since last request: 0.156662 seconds.
  path: Assets/Scripts/Minijuego 8/BotonBatidora.cs
  artifactKey: Guid(e91d731bbe11c4551a118c6ba60a92bb) Importer(815301076,1909f56bfc062723c751e8b465ee728b)
Start importing Assets/Scripts/Minijuego 8/BotonBatidora.cs using Guid(e91d731bbe11c4551a118c6ba60a92bb) Importer(815301076,1909f56bfc062723c751e8b465ee728b) (PreviewImporter) -> (artifact id: '00000000000000000000000000000000') in 0.000716625 seconds
Import Error Code:(4)
Message: Build asset version error: assets/scripts/minijuego 8/botonbatidora.cs in SourceAssetDB has modification time of '2026-07-15T16:18:20Z' while content on disk has modification time of '2026-07-15T16:18:46Z'
  ERROR: Build asset version error: assets/scripts/minijuego 8/botonbatidora.cs in SourceAssetDB has modification time of '2026-07-15T16:18:20Z' while content on disk has modification time of '2026-07-15T16:18:46Z'
Number of updated asset objects reloaded before import = 0Number of asset objects unloaded after import = 0

========================================================================
Received Import Request.
  Time since last request: 0.062582 seconds.
  path: Assets/Scripts/Minijuego 8/BotonBatidora.cs
  artifactKey: Guid(e91d731bbe11c4551a118c6ba60a92bb) Importer(815301076,1909f56bfc062723c751e8b465ee728b)
Start importing Assets/Scripts/Minijuego 8/BotonBatidora.cs using Guid(e91d731bbe11c4551a118c6ba60a92bb) Importer(815301076,1909f56bfc062723c751e8b465ee728b) (PreviewImporter) -> (artifact id: '00000000000000000000000000000000') in 0.000482875 seconds
Import Error Code:(4)
Message: Build asset version error: assets/scripts/minijuego 8/botonbatidora.cs in SourceAssetDB has modification time of '2026-07-15T16:18:20Z' while content on disk has modification time of '2026-07-15T16:18:46Z'
  ERROR: Build asset version error: assets/scripts/minijuego 8/botonbatidora.cs in SourceAssetDB has modification time of '2026-07-15T16:18:20Z' while content on disk has modification time of '2026-07-15T16:18:46Z'
Number of updated asset objects reloaded before import = 0Number of asset objects unloaded after import = 0

========================================================================
Received Import Request.
  Time since last request: 0.071080 seconds.
  path: Assets/Scripts/Minijuego 8/BotonBatidora.cs
  artifactKey: Guid(e91d731bbe11c4551a118c6ba60a92bb) Importer(815301076,1909f56bfc062723c751e8b465ee728b)
Start importing Assets/Scripts/Minijuego 8/BotonBatidora.cs using Guid(e91d731bbe11c4551a118c6ba60a92bb) Importer(815301076,1909f56bfc062723c751e8b465ee728b) (PreviewImporter) -> (artifact id: '00000000000000000000000000000000') in 0.000580667 seconds
Import Error Code:(4)
Message: Build asset version error: assets/scripts/minijuego 8/botonbatidora.cs in SourceAssetDB has modification time of '2026-07-15T16:18:20Z' while content on disk has modification time of '2026-07-15T16:18:46Z'
  ERROR: Build asset version error: assets/scripts/minijuego 8/botonbatidora.cs in SourceAssetDB has modification time of '2026-07-15T16:18:20Z' while content on disk has modification time of '2026-07-15T16:18:46Z'
Number of updated asset objects reloaded before import = 0Number of asset objects unloaded after import = 0

========================================================================
Received Import Request.
  Time since last request: 0.172493 seconds.
  path: Assets/Scripts/Minijuego 8/BotonBatidora.cs
  artifactKey: Guid(e91d731bbe11c4551a118c6ba60a92bb) Importer(815301076,1909f56bfc062723c751e8b465ee728b)
Start importing Assets/Scripts/Minijuego 8/BotonBatidora.cs using Guid(e91d731bbe11c4551a118c6ba60a92bb) Importer(815301076,1909f56bfc062723c751e8b465ee728b) (PreviewImporter) -> (artifact id: '00000000000000000000000000000000') in 0.000526375 seconds
Import Error Code:(4)
Message: Build asset version error: assets/scripts/minijuego 8/botonbatidora.cs in SourceAssetDB has modification time of '2026-07-15T16:18:20Z' while content on disk has modification time of '2026-07-15T16:18:46Z'
  ERROR: Build asset version error: assets/scripts/minijuego 8/botonbatidora.cs in SourceAssetDB has modification time of '2026-07-15T16:18:20Z' while content on disk has modification time of '2026-07-15T16:18:46Z'
Number of updated asset objects reloaded before import = 0Number of asset objects unloaded after import = 0

========================================================================
Received Import Request.
  Time since last request: 0.159547 seconds.
  path: Assets/Scripts/Minijuego 8/BotonBatidora.cs
  artifactKey: Guid(e91d731bbe11c4551a118c6ba60a92bb) Importer(815301076,1909f56bfc062723c751e8b465ee728b)
Start importing Assets/Scripts/Minijuego 8/BotonBatidora.cs using Guid(e91d731bbe11c4551a118c6ba60a92bb) Importer(815301076,1909f56bfc062723c751e8b465ee728b) (PreviewImporter) -> (artifact id: '00000000000000000000000000000000') in 0.00064925 seconds
Import Error Code:(4)
Message: Build asset version error: assets/scripts/minijuego 8/botonbatidora.cs in SourceAssetDB has modification time of '2026-07-15T16:18:20Z' while content on disk has modification time of '2026-07-15T16:18:46Z'
  ERROR: Build asset version error: assets/scripts/minijuego 8/botonbatidora.cs in SourceAssetDB has modification time of '2026-07-15T16:18:20Z' while content on disk has modification time of '2026-07-15T16:18:46Z'
Number of updated asset objects reloaded before import = 0Number of asset objects unloaded after import = 0

========================================================================
Received Import Request.
  Time since last request: 0.164613 seconds.
  path: Assets/Scripts/Minijuego 8/BotonBatidora.cs
  artifactKey: Guid(e91d731bbe11c4551a118c6ba60a92bb) Importer(815301076,1909f56bfc062723c751e8b465ee728b)
Start importing Assets/Scripts/Minijuego 8/BotonBatidora.cs using Guid(e91d731bbe11c4551a118c6ba60a92bb) Importer(815301076,1909f56bfc062723c751e8b465ee728b) (PreviewImporter) -> (artifact id: '00000000000000000000000000000000') in 0.000620541 seconds
Import Error Code:(4)
Message: Build asset version error: assets/scripts/minijuego 8/botonbatidora.cs in SourceAssetDB has modification time of '2026-07-15T16:18:20Z' while content on disk has modification time of '2026-07-15T16:18:46Z'
  ERROR: Build asset version error: assets/scripts/minijuego 8/botonbatidora.cs in SourceAssetDB has modification time of '2026-07-15T16:18:20Z' while content on disk has modification time of '2026-07-15T16:18:46Z'
Number of updated asset objects reloaded before import = 0Number of asset objects unloaded after import = 0

========================================================================
Received Import Request.
  Time since last request: 0.163311 seconds.
  path: Assets/Scripts/Minijuego 8/BotonBatidora.cs
  artifactKey: Guid(e91d731bbe11c4551a118c6ba60a92bb) Importer(815301076,1909f56bfc062723c751e8b465ee728b)
Start importing Assets/Scripts/Minijuego 8/BotonBatidora.cs using Guid(e91d731bbe11c4551a118c6ba60a92bb) Importer(815301076,1909f56bfc062723c751e8b465ee728b) (PreviewImporter) -> (artifact id: '00000000000000000000000000000000') in 0.000657292 seconds
Import Error Code:(4)
Message: Build asset version error: assets/scripts/minijuego 8/botonbatidora.cs in SourceAssetDB has modification time of '2026-07-15T16:18:20Z' while content on disk has modification time of '2026-07-15T16:18:46Z'
  ERROR: Build asset version error: assets/scripts/minijuego 8/botonbatidora.cs in SourceAssetDB has modification time of '2026-07-15T16:18:20Z' while content on disk has modification time of '2026-07-15T16:18:46Z'
Number of updated asset objects reloaded before import = 0Number of asset objects unloaded after import = 0

========================================================================
Received Import Request.
  Time since last request: 0.064807 seconds.
  path: Assets/Scripts/Minijuego 8/BotonBatidora.cs
  artifactKey: Guid(e91d731bbe11c4551a118c6ba60a92bb) Importer(815301076,1909f56bfc062723c751e8b465ee728b)
Start importing Assets/Scripts/Minijuego 8/BotonBatidora.cs using Guid(e91d731bbe11c4551a118c6ba60a92bb) Importer(815301076,1909f56bfc062723c751e8b465ee728b) (PreviewImporter) -> (artifact id: '00000000000000000000000000000000') in 0.00054275 seconds
Import Error Code:(4)
Message: Build asset version error: assets/scripts/minijuego 8/botonbatidora.cs in SourceAssetDB has modification time of '2026-07-15T16:18:20Z' while content on disk has modification time of '2026-07-15T16:18:46Z'
  ERROR: Build asset version error: assets/scripts/minijuego 8/botonbatidora.cs in SourceAssetDB has modification time of '2026-07-15T16:18:20Z' while content on disk has modification time of '2026-07-15T16:18:46Z'
Number of updated asset objects reloaded before import = 0Number of asset objects unloaded after import = 0

========================================================================
Received Import Request.
  Time since last request: 0.174941 seconds.
  path: Assets/Scripts/Minijuego 8/BotonBatidora.cs
  artifactKey: Guid(e91d731bbe11c4551a118c6ba60a92bb) Importer(815301076,1909f56bfc062723c751e8b465ee728b)
Start importing Assets/Scripts/Minijuego 8/BotonBatidora.cs using Guid(e91d731bbe11c4551a118c6ba60a92bb) Importer(815301076,1909f56bfc062723c751e8b465ee728b) (PreviewImporter) -> (artifact id: '00000000000000000000000000000000') in 0.000695708 seconds
Import Error Code:(4)
Message: Build asset version error: assets/scripts/minijuego 8/botonbatidora.cs in SourceAssetDB has modification time of '2026-07-15T16:18:20Z' while content on disk has modification time of '2026-07-15T16:18:46Z'
  ERROR: Build asset version error: assets/scripts/minijuego 8/botonbatidora.cs in SourceAssetDB has modification time of '2026-07-15T16:18:20Z' while content on disk has modification time of '2026-07-15T16:18:46Z'
Number of updated asset objects reloaded before import = 0Number of asset objects unloaded after import = 0

========================================================================
Received Import Request.
  Time since last request: 0.156116 seconds.
  path: Assets/Scripts/Minijuego 8/BotonBatidora.cs
  artifactKey: Guid(e91d731bbe11c4551a118c6ba60a92bb) Importer(815301076,1909f56bfc062723c751e8b465ee728b)
Start importing Assets/Scripts/Minijuego 8/BotonBatidora.cs using Guid(e91d731bbe11c4551a118c6ba60a92bb) Importer(815301076,1909f56bfc062723c751e8b465ee728b) (PreviewImporter) -> (artifact id: '00000000000000000000000000000000') in 0.0006855 seconds
Import Error Code:(4)
Message: Build asset version error: assets/scripts/minijuego 8/botonbatidora.cs in SourceAssetDB has modification time of '2026-07-15T16:18:20Z' while content on disk has modification time of '2026-07-15T16:18:46Z'
  ERROR: Build asset version error: assets/scripts/minijuego 8/botonbatidora.cs in SourceAssetDB has modification time of '2026-07-15T16:18:20Z' while content on disk has modification time of '2026-07-15T16:18:46Z'
Number of updated asset objects reloaded before import = 0Number of asset objects unloaded after import = 0

========================================================================
Received Import Request.
  Time since last request: 0.168062 seconds.
  path: Assets/Scripts/Minijuego 8/BotonBatidora.cs
  artifactKey: Guid(e91d731bbe11c4551a118c6ba60a92bb) Importer(815301076,1909f56bfc062723c751e8b465ee728b)
Start importing Assets/Scripts/Minijuego 8/BotonBatidora.cs using Guid(e91d731bbe11c4551a118c6ba60a92bb) Importer(815301076,1909f56bfc062723c751e8b465ee728b) (PreviewImporter) -> (artifact id: '00000000000000000000000000000000') in 0.000591958 seconds
Import Error Code:(4)
Message: Build asset version error: assets/scripts/minijuego 8/botonbatidora.cs in SourceAssetDB has modification time of '2026-07-15T16:18:20Z' while content on disk has modification time of '2026-07-15T16:18:46Z'
  ERROR: Build asset version error: assets/scripts/minijuego 8/botonbatidora.cs in SourceAssetDB has modification time of '2026-07-15T16:18:20Z' while content on disk has modification time of '2026-07-15T16:18:46Z'
Number of updated asset objects reloaded before import = 0Number of asset objects unloaded after import = 0

========================================================================
Received Import Request.
  Time since last request: 0.159528 seconds.
  path: Assets/Scripts/Minijuego 8/BotonBatidora.cs
  artifactKey: Guid(e91d731bbe11c4551a118c6ba60a92bb) Importer(815301076,1909f56bfc062723c751e8b465ee728b)
Start importing Assets/Scripts/Minijuego 8/BotonBatidora.cs using Guid(e91d731bbe11c4551a118c6ba60a92bb) Importer(815301076,1909f56bfc062723c751e8b465ee728b) (PreviewImporter) -> (artifact id: '00000000000000000000000000000000') in 0.000568875 seconds
Import Error Code:(4)
Message: Build asset version error: assets/scripts/minijuego 8/botonbatidora.cs in SourceAssetDB has modification time of '2026-07-15T16:18:20Z' while content on disk has modification time of '2026-07-15T16:18:46Z'
  ERROR: Build asset version error: assets/scripts/minijuego 8/botonbatidora.cs in SourceAssetDB has modification time of '2026-07-15T16:18:20Z' while content on disk has modification time of '2026-07-15T16:18:46Z'
Number of updated asset objects reloaded before import = 0Number of asset objects unloaded after import = 0

========================================================================
Received Import Request.
  Time since last request: 0.162674 seconds.
  path: Assets/Scripts/Minijuego 8/BotonBatidora.cs
  artifactKey: Guid(e91d731bbe11c4551a118c6ba60a92bb) Importer(815301076,1909f56bfc062723c751e8b465ee728b)
Start importing Assets/Scripts/Minijuego 8/BotonBatidora.cs using Guid(e91d731bbe11c4551a118c6ba60a92bb) Importer(815301076,1909f56bfc062723c751e8b465ee728b) (PreviewImporter) -> (artifact id: '00000000000000000000000000000000') in 0.00055725 seconds
Import Error Code:(4)
Message: Build asset version error: assets/scripts/minijuego 8/botonbatidora.cs in SourceAssetDB has modification time of '2026-07-15T16:18:20Z' while content on disk has modification time of '2026-07-15T16:18:46Z'
  ERROR: Build asset version error: assets/scripts/minijuego 8/botonbatidora.cs in SourceAssetDB has modification time of '2026-07-15T16:18:20Z' while content on disk has modification time of '2026-07-15T16:18:46Z'
Number of updated asset objects reloaded before import = 0Number of asset objects unloaded after import = 0

========================================================================
Received Import Request.
  Time since last request: 0.161190 seconds.
  path: Assets/Scripts/Minijuego 8/BotonBatidora.cs
  artifactKey: Guid(e91d731bbe11c4551a118c6ba60a92bb) Importer(815301076,1909f56bfc062723c751e8b465ee728b)
Start importing Assets/Scripts/Minijuego 8/BotonBatidora.cs using Guid(e91d731bbe11c4551a118c6ba60a92bb) Importer(815301076,1909f56bfc062723c751e8b465ee728b) (PreviewImporter) -> (artifact id: '00000000000000000000000000000000') in 0.000503417 seconds
Import Error Code:(4)
Message: Build asset version error: assets/scripts/minijuego 8/botonbatidora.cs in SourceAssetDB has modification time of '2026-07-15T16:18:20Z' while content on disk has modification time of '2026-07-15T16:18:50Z'
  ERROR: Build asset version error: assets/scripts/minijuego 8/botonbatidora.cs in SourceAssetDB has modification time of '2026-07-15T16:18:20Z' while content on disk has modification time of '2026-07-15T16:18:50Z'
Number of updated asset objects reloaded before import = 0Number of asset objects unloaded after import = 0

========================================================================
Received Import Request.
  Time since last request: 0.152439 seconds.
  path: Assets/Scripts/Minijuego 8/BotonBatidora.cs
  artifactKey: Guid(e91d731bbe11c4551a118c6ba60a92bb) Importer(815301076,1909f56bfc062723c751e8b465ee728b)
Start importing Assets/Scripts/Minijuego 8/BotonBatidora.cs using Guid(e91d731bbe11c4551a118c6ba60a92bb) Importer(815301076,1909f56bfc062723c751e8b465ee728b) (PreviewImporter) -> (artifact id: '00000000000000000000000000000000') in 0.003053459 seconds
Import Error Code:(4)
Message: Build asset version error: assets/scripts/minijuego 8/botonbatidora.cs in SourceAssetDB has modification time of '2026-07-15T16:18:20Z' while content on disk has modification time of '2026-07-15T16:18:50Z'
  ERROR: Build asset version error: assets/scripts/minijuego 8/botonbatidora.cs in SourceAssetDB has modification time of '2026-07-15T16:18:20Z' while content on disk has modification time of '2026-07-15T16:18:50Z'
Number of updated asset objects reloaded before import = 0Number of asset objects unloaded after import = 0

========================================================================
Received Import Request.
  Time since last request: 0.153287 seconds.
  path: Assets/Scripts/Minijuego 8/BotonBatidora.cs
  artifactKey: Guid(e91d731bbe11c4551a118c6ba60a92bb) Importer(815301076,1909f56bfc062723c751e8b465ee728b)
Start importing Assets/Scripts/Minijuego 8/BotonBatidora.cs using Guid(e91d731bbe11c4551a118c6ba60a92bb) Importer(815301076,1909f56bfc062723c751e8b465ee728b) (PreviewImporter) -> (artifact id: '00000000000000000000000000000000') in 0.000477917 seconds
Import Error Code:(4)
Message: Build asset version error: assets/scripts/minijuego 8/botonbatidora.cs in SourceAssetDB has modification time of '2026-07-15T16:18:20Z' while content on disk has modification time of '2026-07-15T16:18:50Z'
  ERROR: Build asset version error: assets/scripts/minijuego 8/botonbatidora.cs in SourceAssetDB has modification time of '2026-07-15T16:18:20Z' while content on disk has modification time of '2026-07-15T16:18:50Z'
Number of updated asset objects reloaded before import = 0Number of asset objects unloaded after import = 0

========================================================================
Received Import Request.
  Time since last request: 0.169068 seconds.
  path: Assets/Scripts/Minijuego 8/BotonBatidora.cs
  artifactKey: Guid(e91d731bbe11c4551a118c6ba60a92bb) Importer(815301076,1909f56bfc062723c751e8b465ee728b)
Start importing Assets/Scripts/Minijuego 8/BotonBatidora.cs using Guid(e91d731bbe11c4551a118c6ba60a92bb) Importer(815301076,1909f56bfc062723c751e8b465ee728b) (PreviewImporter) -> (artifact id: '00000000000000000000000000000000') in 0.000670209 seconds
Import Error Code:(4)
Message: Build asset version error: assets/scripts/minijuego 8/botonbatidora.cs in SourceAssetDB has modification time of '2026-07-15T16:18:20Z' while content on disk has modification time of '2026-07-15T16:18:50Z'
  ERROR: Build asset version error: assets/scripts/minijuego 8/botonbatidora.cs in SourceAssetDB has modification time of '2026-07-15T16:18:20Z' while content on disk has modification time of '2026-07-15T16:18:50Z'
Number of updated asset objects reloaded before import = 0Number of asset objects unloaded after import = 0

========================================================================
Received Import Request.
  Time since last request: 0.156038 seconds.
  path: Assets/Scripts/Minijuego 8/BotonBatidora.cs
  artifactKey: Guid(e91d731bbe11c4551a118c6ba60a92bb) Importer(815301076,1909f56bfc062723c751e8b465ee728b)
Start importing Assets/Scripts/Minijuego 8/BotonBatidora.cs using Guid(e91d731bbe11c4551a118c6ba60a92bb) Importer(815301076,1909f56bfc062723c751e8b465ee728b) (PreviewImporter) -> (artifact id: '00000000000000000000000000000000') in 0.000769375 seconds
Import Error Code:(4)
Message: Build asset version error: assets/scripts/minijuego 8/botonbatidora.cs in SourceAssetDB has modification time of '2026-07-15T16:18:20Z' while content on disk has modification time of '2026-07-15T16:18:50Z'
  ERROR: Build asset version error: assets/scripts/minijuego 8/botonbatidora.cs in SourceAssetDB has modification time of '2026-07-15T16:18:20Z' while content on disk has modification time of '2026-07-15T16:18:50Z'
Number of updated asset objects reloaded before import = 0Number of asset objects unloaded after import = 0

========================================================================
Received Import Request.
  Time since last request: 0.057060 seconds.
  path: Assets/Scripts/Minijuego 8/BotonBatidora.cs
  artifactKey: Guid(e91d731bbe11c4551a118c6ba60a92bb) Importer(815301076,1909f56bfc062723c751e8b465ee728b)
Start importing Assets/Scripts/Minijuego 8/BotonBatidora.cs using Guid(e91d731bbe11c4551a118c6ba60a92bb) Importer(815301076,1909f56bfc062723c751e8b465ee728b) (PreviewImporter) -> (artifact id: '00000000000000000000000000000000') in 0.00063125 seconds
Import Error Code:(4)
Message: Build asset version error: assets/scripts/minijuego 8/botonbatidora.cs in SourceAssetDB has modification time of '2026-07-15T16:18:20Z' while content on disk has modification time of '2026-07-15T16:18:50Z'
  ERROR: Build asset version error: assets/scripts/minijuego 8/botonbatidora.cs in SourceAssetDB has modification time of '2026-07-15T16:18:20Z' while content on disk has modification time of '2026-07-15T16:18:50Z'
Number of updated asset objects reloaded before import = 0Number of asset objects unloaded after import = 0

========================================================================
Received Import Request.
  Time since last request: 0.061771 seconds.
  path: Assets/Scripts/Minijuego 8/BotonBatidora.cs
  artifactKey: Guid(e91d731bbe11c4551a118c6ba60a92bb) Importer(815301076,1909f56bfc062723c751e8b465ee728b)
Start importing Assets/Scripts/Minijuego 8/BotonBatidora.cs using Guid(e91d731bbe11c4551a118c6ba60a92bb) Importer(815301076,1909f56bfc062723c751e8b465ee728b) (PreviewImporter) -> (artifact id: '00000000000000000000000000000000') in 0.000498709 seconds
Import Error Code:(4)
Message: Build asset version error: assets/scripts/minijuego 8/botonbatidora.cs in SourceAssetDB has modification time of '2026-07-15T16:18:20Z' while content on disk has modification time of '2026-07-15T16:18:50Z'
  ERROR: Build asset version error: assets/scripts/minijuego 8/botonbatidora.cs in SourceAssetDB has modification time of '2026-07-15T16:18:20Z' while content on disk has modification time of '2026-07-15T16:18:50Z'
Number of updated asset objects reloaded before import = 0Number of asset objects unloaded after import = 0

========================================================================
Received Import Request.
  Time since last request: 0.072344 seconds.
  path: Assets/Scripts/Minijuego 8/BotonBatidora.cs
  artifactKey: Guid(e91d731bbe11c4551a118c6ba60a92bb) Importer(815301076,1909f56bfc062723c751e8b465ee728b)
Start importing Assets/Scripts/Minijuego 8/BotonBatidora.cs using Guid(e91d731bbe11c4551a118c6ba60a92bb) Importer(815301076,1909f56bfc062723c751e8b465ee728b) (PreviewImporter) -> (artifact id: '00000000000000000000000000000000') in 0.001015792 seconds
Import Error Code:(4)
Message: Build asset version error: assets/scripts/minijuego 8/botonbatidora.cs in SourceAssetDB has modification time of '2026-07-15T16:18:20Z' while content on disk has modification time of '2026-07-15T16:18:50Z'
  ERROR: Build asset version error: assets/scripts/minijuego 8/botonbatidora.cs in SourceAssetDB has modification time of '2026-07-15T16:18:20Z' while content on disk has modification time of '2026-07-15T16:18:50Z'
Number of updated asset objects reloaded before import = 0Number of asset objects unloaded after import = 0

========================================================================
Received Import Request.
  Time since last request: 0.069991 seconds.
  path: Assets/Scripts/Minijuego 8/BotonBatidora.cs
  artifactKey: Guid(e91d731bbe11c4551a118c6ba60a92bb) Importer(815301076,1909f56bfc062723c751e8b465ee728b)
Start importing Assets/Scripts/Minijuego 8/BotonBatidora.cs using Guid(e91d731bbe11c4551a118c6ba60a92bb) Importer(815301076,1909f56bfc062723c751e8b465ee728b) (PreviewImporter) -> (artifact id: '00000000000000000000000000000000') in 0.000464583 seconds
Import Error Code:(4)
Message: Build asset version error: assets/scripts/minijuego 8/botonbatidora.cs in SourceAssetDB has modification time of '2026-07-15T16:18:20Z' while content on disk has modification time of '2026-07-15T16:18:50Z'
  ERROR: Build asset version error: assets/scripts/minijuego 8/botonbatidora.cs in SourceAssetDB has modification time of '2026-07-15T16:18:20Z' while content on disk has modification time of '2026-07-15T16:18:50Z'
Number of updated asset objects reloaded before import = 0Number of asset objects unloaded after import = 0

========================================================================
Received Import Request.
  Time since last request: 0.075904 seconds.
  path: Assets/Scripts/Minijuego 8/BotonBatidora.cs
  artifactKey: Guid(e91d731bbe11c4551a118c6ba60a92bb) Importer(815301076,1909f56bfc062723c751e8b465ee728b)
Start importing Assets/Scripts/Minijuego 8/BotonBatidora.cs using Guid(e91d731bbe11c4551a118c6ba60a92bb) Importer(815301076,1909f56bfc062723c751e8b465ee728b) (PreviewImporter) -> (artifact id: '00000000000000000000000000000000') in 0.000453667 seconds
Import Error Code:(4)
Message: Build asset version error: assets/scripts/minijuego 8/botonbatidora.cs in SourceAssetDB has modification time of '2026-07-15T16:18:20Z' while content on disk has modification time of '2026-07-15T16:18:50Z'
  ERROR: Build asset version error: assets/scripts/minijuego 8/botonbatidora.cs in SourceAssetDB has modification time of '2026-07-15T16:18:20Z' while content on disk has modification time of '2026-07-15T16:18:50Z'
Number of updated asset objects reloaded before import = 0Number of asset objects unloaded after import = 0

========================================================================
Received Import Request.
  Time since last request: 0.064969 seconds.
  path: Assets/Scripts/Minijuego 8/BotonBatidora.cs
  artifactKey: Guid(e91d731bbe11c4551a118c6ba60a92bb) Importer(815301076,1909f56bfc062723c751e8b465ee728b)
Start importing Assets/Scripts/Minijuego 8/BotonBatidora.cs using Guid(e91d731bbe11c4551a118c6ba60a92bb) Importer(815301076,1909f56bfc062723c751e8b465ee728b) (PreviewImporter) -> (artifact id: '00000000000000000000000000000000') in 0.000443625 seconds
Import Error Code:(4)
Message: Build asset version error: assets/scripts/minijuego 8/botonbatidora.cs in SourceAssetDB has modification time of '2026-07-15T16:18:20Z' while content on disk has modification time of '2026-07-15T16:18:50Z'
  ERROR: Build asset version error: assets/scripts/minijuego 8/botonbatidora.cs in SourceAssetDB has modification time of '2026-07-15T16:18:20Z' while content on disk has modification time of '2026-07-15T16:18:50Z'
Number of updated asset objects reloaded before import = 0Number of asset objects unloaded after import = 0

========================================================================
Received Import Request.
  Time since last request: 0.170683 seconds.
  path: Assets/Scripts/Minijuego 8/BotonBatidora.cs
  artifactKey: Guid(e91d731bbe11c4551a118c6ba60a92bb) Importer(815301076,1909f56bfc062723c751e8b465ee728b)
Start importing Assets/Scripts/Minijuego 8/BotonBatidora.cs using Guid(e91d731bbe11c4551a118c6ba60a92bb) Importer(815301076,1909f56bfc062723c751e8b465ee728b) (PreviewImporter) -> (artifact id: '00000000000000000000000000000000') in 0.00069225 seconds
Import Error Code:(4)
Message: Build asset version error: assets/scripts/minijuego 8/botonbatidora.cs in SourceAssetDB has modification time of '2026-07-15T16:18:20Z' while content on disk has modification time of '2026-07-15T16:18:50Z'
  ERROR: Build asset version error: assets/scripts/minijuego 8/botonbatidora.cs in SourceAssetDB has modification time of '2026-07-15T16:18:20Z' while content on disk has modification time of '2026-07-15T16:18:50Z'
Number of updated asset objects reloaded before import = 0Number of asset objects unloaded after import = 0

========================================================================
Received Import Request.
  Time since last request: 0.049005 seconds.
  path: Assets/Scripts/Minijuego 8/BotonBatidora.cs
  artifactKey: Guid(e91d731bbe11c4551a118c6ba60a92bb) Importer(815301076,1909f56bfc062723c751e8b465ee728b)
Start importing Assets/Scripts/Minijuego 8/BotonBatidora.cs using Guid(e91d731bbe11c4551a118c6ba60a92bb) Importer(815301076,1909f56bfc062723c751e8b465ee728b) (PreviewImporter) -> (artifact id: '00000000000000000000000000000000') in 0.000594667 seconds
Import Error Code:(4)
Message: Build asset version error: assets/scripts/minijuego 8/botonbatidora.cs in SourceAssetDB has modification time of '2026-07-15T16:18:20Z' while content on disk has modification time of '2026-07-15T16:18:50Z'
  ERROR: Build asset version error: assets/scripts/minijuego 8/botonbatidora.cs in SourceAssetDB has modification time of '2026-07-15T16:18:20Z' while content on disk has modification time of '2026-07-15T16:18:50Z'
Number of updated asset objects reloaded before import = 0Number of asset objects unloaded after import = 0

========================================================================
Received Import Request.
  Time since last request: 0.062142 seconds.
  path: Assets/Scripts/Minijuego 8/BotonBatidora.cs
  artifactKey: Guid(e91d731bbe11c4551a118c6ba60a92bb) Importer(815301076,1909f56bfc062723c751e8b465ee728b)
Start importing Assets/Scripts/Minijuego 8/BotonBatidora.cs using Guid(e91d731bbe11c4551a118c6ba60a92bb) Importer(815301076,1909f56bfc062723c751e8b465ee728b) (PreviewImporter) -> (artifact id: '00000000000000000000000000000000') in 0.000518917 seconds
Import Error Code:(4)
Message: Build asset version error: assets/scripts/minijuego 8/botonbatidora.cs in SourceAssetDB has modification time of '2026-07-15T16:18:20Z' while content on disk has modification time of '2026-07-15T16:18:50Z'
  ERROR: Build asset version error: assets/scripts/minijuego 8/botonbatidora.cs in SourceAssetDB has modification time of '2026-07-15T16:18:20Z' while content on disk has modification time of '2026-07-15T16:18:50Z'
Number of updated asset objects reloaded before import = 0Number of asset objects unloaded after import = 0

========================================================================
Received Import Request.
  Time since last request: 0.168171 seconds.
  path: Assets/Scripts/Minijuego 8/BotonBatidora.cs
  artifactKey: Guid(e91d731bbe11c4551a118c6ba60a92bb) Importer(815301076,1909f56bfc062723c751e8b465ee728b)
Start importing Assets/Scripts/Minijuego 8/BotonBatidora.cs using Guid(e91d731bbe11c4551a118c6ba60a92bb) Importer(815301076,1909f56bfc062723c751e8b465ee728b) (PreviewImporter) -> (artifact id: '00000000000000000000000000000000') in 0.000593042 seconds
Import Error Code:(4)
Message: Build asset version error: assets/scripts/minijuego 8/botonbatidora.cs in SourceAssetDB has modification time of '2026-07-15T16:18:20Z' while content on disk has modification time of '2026-07-15T16:18:50Z'
  ERROR: Build asset version error: assets/scripts/minijuego 8/botonbatidora.cs in SourceAssetDB has modification time of '2026-07-15T16:18:20Z' while content on disk has modification time of '2026-07-15T16:18:50Z'
Number of updated asset objects reloaded before import = 0Number of asset objects unloaded after import = 0

========================================================================
Received Import Request.
  Time since last request: 0.063154 seconds.
  path: Assets/Scripts/Minijuego 8/BotonBatidora.cs
  artifactKey: Guid(e91d731bbe11c4551a118c6ba60a92bb) Importer(815301076,1909f56bfc062723c751e8b465ee728b)
Start importing Assets/Scripts/Minijuego 8/BotonBatidora.cs using Guid(e91d731bbe11c4551a118c6ba60a92bb) Importer(815301076,1909f56bfc062723c751e8b465ee728b) (PreviewImporter) -> (artifact id: '00000000000000000000000000000000') in 0.000648875 seconds
Import Error Code:(4)
Message: Build asset version error: assets/scripts/minijuego 8/botonbatidora.cs in SourceAssetDB has modification time of '2026-07-15T16:18:20Z' while content on disk has modification time of '2026-07-15T16:18:50Z'
  ERROR: Build asset version error: assets/scripts/minijuego 8/botonbatidora.cs in SourceAssetDB has modification time of '2026-07-15T16:18:20Z' while content on disk has modification time of '2026-07-15T16:18:50Z'
Number of updated asset objects reloaded before import = 0Number of asset objects unloaded after import = 0

========================================================================
Received Import Request.
  Time since last request: 0.059762 seconds.
  path: Assets/Scripts/Minijuego 8/BotonBatidora.cs
  artifactKey: Guid(e91d731bbe11c4551a118c6ba60a92bb) Importer(815301076,1909f56bfc062723c751e8b465ee728b)
Start importing Assets/Scripts/Minijuego 8/BotonBatidora.cs using Guid(e91d731bbe11c4551a118c6ba60a92bb) Importer(815301076,1909f56bfc062723c751e8b465ee728b) (PreviewImporter) -> (artifact id: '00000000000000000000000000000000') in 0.000557333 seconds
Import Error Code:(4)
Message: Build asset version error: assets/scripts/minijuego 8/botonbatidora.cs in SourceAssetDB has modification time of '2026-07-15T16:18:20Z' while content on disk has modification time of '2026-07-15T16:18:50Z'
  ERROR: Build asset version error: assets/scripts/minijuego 8/botonbatidora.cs in SourceAssetDB has modification time of '2026-07-15T16:18:20Z' while content on disk has modification time of '2026-07-15T16:18:50Z'
Number of updated asset objects reloaded before import = 0Number of asset objects unloaded after import = 0

========================================================================
Received Import Request.
  Time since last request: 0.166035 seconds.
  path: Assets/Scripts/Minijuego 8/BotonBatidora.cs
  artifactKey: Guid(e91d731bbe11c4551a118c6ba60a92bb) Importer(815301076,1909f56bfc062723c751e8b465ee728b)
Start importing Assets/Scripts/Minijuego 8/BotonBatidora.cs using Guid(e91d731bbe11c4551a118c6ba60a92bb) Importer(815301076,1909f56bfc062723c751e8b465ee728b) (PreviewImporter) -> (artifact id: '00000000000000000000000000000000') in 0.000698042 seconds
Import Error Code:(4)
Message: Build asset version error: assets/scripts/minijuego 8/botonbatidora.cs in SourceAssetDB has modification time of '2026-07-15T16:18:20Z' while content on disk has modification time of '2026-07-15T16:18:50Z'
  ERROR: Build asset version error: assets/scripts/minijuego 8/botonbatidora.cs in SourceAssetDB has modification time of '2026-07-15T16:18:20Z' while content on disk has modification time of '2026-07-15T16:18:50Z'
Number of updated asset objects reloaded before import = 0Number of asset objects unloaded after import = 0

========================================================================
Received Import Request.
  Time since last request: 0.156450 seconds.
  path: Assets/Scripts/Minijuego 8/BotonBatidora.cs
  artifactKey: Guid(e91d731bbe11c4551a118c6ba60a92bb) Importer(815301076,1909f56bfc062723c751e8b465ee728b)
Start importing Assets/Scripts/Minijuego 8/BotonBatidora.cs using Guid(e91d731bbe11c4551a118c6ba60a92bb) Importer(815301076,1909f56bfc062723c751e8b465ee728b) (PreviewImporter) -> (artifact id: '00000000000000000000000000000000') in 0.000589667 seconds
Import Error Code:(4)
Message: Build asset version error: assets/scripts/minijuego 8/botonbatidora.cs in SourceAssetDB has modification time of '2026-07-15T16:18:20Z' while content on disk has modification time of '2026-07-15T16:18:50Z'
  ERROR: Build asset version error: assets/scripts/minijuego 8/botonbatidora.cs in SourceAssetDB has modification time of '2026-07-15T16:18:20Z' while content on disk has modification time of '2026-07-15T16:18:50Z'
Number of updated asset objects reloaded before import = 0Number of asset objects unloaded after import = 0

========================================================================
Received Import Request.
  Time since last request: 0.065947 seconds.
  path: Assets/Scripts/Minijuego 8/BotonBatidora.cs
  artifactKey: Guid(e91d731bbe11c4551a118c6ba60a92bb) Importer(815301076,1909f56bfc062723c751e8b465ee728b)
Start importing Assets/Scripts/Minijuego 8/BotonBatidora.cs using Guid(e91d731bbe11c4551a118c6ba60a92bb) Importer(815301076,1909f56bfc062723c751e8b465ee728b) (PreviewImporter) -> (artifact id: '00000000000000000000000000000000') in 0.000453791 seconds
Import Error Code:(4)
Message: Build asset version error: assets/scripts/minijuego 8/botonbatidora.cs in SourceAssetDB has modification time of '2026-07-15T16:18:20Z' while content on disk has modification time of '2026-07-15T16:18:53Z'
  ERROR: Build asset version error: assets/scripts/minijuego 8/botonbatidora.cs in SourceAssetDB has modification time of '2026-07-15T16:18:20Z' while content on disk has modification time of '2026-07-15T16:18:53Z'
Number of updated asset objects reloaded before import = 0Number of asset objects unloaded after import = 0

========================================================================
Received Import Request.
  Time since last request: 0.069953 seconds.
  path: Assets/Scripts/Minijuego 8/BotonBatidora.cs
  artifactKey: Guid(e91d731bbe11c4551a118c6ba60a92bb) Importer(815301076,1909f56bfc062723c751e8b465ee728b)
Start importing Assets/Scripts/Minijuego 8/BotonBatidora.cs using Guid(e91d731bbe11c4551a118c6ba60a92bb) Importer(815301076,1909f56bfc062723c751e8b465ee728b) (PreviewImporter) -> (artifact id: '00000000000000000000000000000000') in 0.00079175 seconds
Import Error Code:(4)
Message: Build asset version error: assets/scripts/minijuego 8/botonbatidora.cs in SourceAssetDB has modification time of '2026-07-15T16:18:20Z' while content on disk has modification time of '2026-07-15T16:18:53Z'
  ERROR: Build asset version error: assets/scripts/minijuego 8/botonbatidora.cs in SourceAssetDB has modification time of '2026-07-15T16:18:20Z' while content on disk has modification time of '2026-07-15T16:18:53Z'
Number of updated asset objects reloaded before import = 0Number of asset objects unloaded after import = 0

========================================================================
Received Import Request.
  Time since last request: 0.165088 seconds.
  path: Assets/Scripts/Minijuego 8/BotonBatidora.cs
  artifactKey: Guid(e91d731bbe11c4551a118c6ba60a92bb) Importer(815301076,1909f56bfc062723c751e8b465ee728b)
Start importing Assets/Scripts/Minijuego 8/BotonBatidora.cs using Guid(e91d731bbe11c4551a118c6ba60a92bb) Importer(815301076,1909f56bfc062723c751e8b465ee728b) (PreviewImporter) -> (artifact id: '00000000000000000000000000000000') in 0.000976542 seconds
Import Error Code:(4)
Message: Build asset version error: assets/scripts/minijuego 8/botonbatidora.cs in SourceAssetDB has modification time of '2026-07-15T16:18:20Z' while content on disk has modification time of '2026-07-15T16:18:53Z'
  ERROR: Build asset version error: assets/scripts/minijuego 8/botonbatidora.cs in SourceAssetDB has modification time of '2026-07-15T16:18:20Z' while content on disk has modification time of '2026-07-15T16:18:53Z'
Number of updated asset objects reloaded before import = 0Number of asset objects unloaded after import = 0

========================================================================
Received Import Request.
  Time since last request: 0.070963 seconds.
  path: Assets/Scripts/Minijuego 8/BotonBatidora.cs
  artifactKey: Guid(e91d731bbe11c4551a118c6ba60a92bb) Importer(815301076,1909f56bfc062723c751e8b465ee728b)
Start importing Assets/Scripts/Minijuego 8/BotonBatidora.cs using Guid(e91d731bbe11c4551a118c6ba60a92bb) Importer(815301076,1909f56bfc062723c751e8b465ee728b) (PreviewImporter) -> (artifact id: '00000000000000000000000000000000') in 0.000594125 seconds
Import Error Code:(4)
Message: Build asset version error: assets/scripts/minijuego 8/botonbatidora.cs in SourceAssetDB has modification time of '2026-07-15T16:18:20Z' while content on disk has modification time of '2026-07-15T16:18:53Z'
  ERROR: Build asset version error: assets/scripts/minijuego 8/botonbatidora.cs in SourceAssetDB has modification time of '2026-07-15T16:18:20Z' while content on disk has modification time of '2026-07-15T16:18:53Z'
Number of updated asset objects reloaded before import = 0Number of asset objects unloaded after import = 0

========================================================================
Received Import Request.
  Time since last request: 0.063169 seconds.
  path: Assets/Scripts/Minijuego 8/BotonBatidora.cs
  artifactKey: Guid(e91d731bbe11c4551a118c6ba60a92bb) Importer(815301076,1909f56bfc062723c751e8b465ee728b)
Start importing Assets/Scripts/Minijuego 8/BotonBatidora.cs using Guid(e91d731bbe11c4551a118c6ba60a92bb) Importer(815301076,1909f56bfc062723c751e8b465ee728b) (PreviewImporter) -> (artifact id: '00000000000000000000000000000000') in 0.002800334 seconds
Import Error Code:(4)
Message: Build asset version error: assets/scripts/minijuego 8/botonbatidora.cs in SourceAssetDB has modification time of '2026-07-15T16:18:20Z' while content on disk has modification time of '2026-07-15T16:18:53Z'
  ERROR: Build asset version error: assets/scripts/minijuego 8/botonbatidora.cs in SourceAssetDB has modification time of '2026-07-15T16:18:20Z' while content on disk has modification time of '2026-07-15T16:18:53Z'
Number of updated asset objects reloaded before import = 0Number of asset objects unloaded after import = 0

========================================================================
Received Import Request.
  Time since last request: 0.151614 seconds.
  path: Assets/Scripts/Minijuego 8/BotonBatidora.cs
  artifactKey: Guid(e91d731bbe11c4551a118c6ba60a92bb) Importer(815301076,1909f56bfc062723c751e8b465ee728b)
Start importing Assets/Scripts/Minijuego 8/BotonBatidora.cs using Guid(e91d731bbe11c4551a118c6ba60a92bb) Importer(815301076,1909f56bfc062723c751e8b465ee728b) (PreviewImporter) -> (artifact id: '00000000000000000000000000000000') in 0.000550083 seconds
Import Error Code:(4)
Message: Build asset version error: assets/scripts/minijuego 8/botonbatidora.cs in SourceAssetDB has modification time of '2026-07-15T16:18:20Z' while content on disk has modification time of '2026-07-15T16:18:53Z'
  ERROR: Build asset version error: assets/scripts/minijuego 8/botonbatidora.cs in SourceAssetDB has modification time of '2026-07-15T16:18:20Z' while content on disk has modification time of '2026-07-15T16:18:53Z'
Number of updated asset objects reloaded before import = 0Number of asset objects unloaded after import = 0

========================================================================
Received Import Request.
  Time since last request: 0.163425 seconds.
  path: Assets/Scripts/Minijuego 8/BotonBatidora.cs
  artifactKey: Guid(e91d731bbe11c4551a118c6ba60a92bb) Importer(815301076,1909f56bfc062723c751e8b465ee728b)
Start importing Assets/Scripts/Minijuego 8/BotonBatidora.cs using Guid(e91d731bbe11c4551a118c6ba60a92bb) Importer(815301076,1909f56bfc062723c751e8b465ee728b) (PreviewImporter) -> (artifact id: '00000000000000000000000000000000') in 0.000752666 seconds
Import Error Code:(4)
Message: Build asset version error: assets/scripts/minijuego 8/botonbatidora.cs in SourceAssetDB has modification time of '2026-07-15T16:18:20Z' while content on disk has modification time of '2026-07-15T16:18:53Z'
  ERROR: Build asset version error: assets/scripts/minijuego 8/botonbatidora.cs in SourceAssetDB has modification time of '2026-07-15T16:18:20Z' while content on disk has modification time of '2026-07-15T16:18:53Z'
Number of updated asset objects reloaded before import = 0Number of asset objects unloaded after import = 0

========================================================================
Received Import Request.
  Time since last request: 0.155870 seconds.
  path: Assets/Scripts/Minijuego 8/BotonBatidora.cs
  artifactKey: Guid(e91d731bbe11c4551a118c6ba60a92bb) Importer(815301076,1909f56bfc062723c751e8b465ee728b)
Start importing Assets/Scripts/Minijuego 8/BotonBatidora.cs using Guid(e91d731bbe11c4551a118c6ba60a92bb) Importer(815301076,1909f56bfc062723c751e8b465ee728b) (PreviewImporter) -> (artifact id: '00000000000000000000000000000000') in 0.000769292 seconds
Import Error Code:(4)
Message: Build asset version error: assets/scripts/minijuego 8/botonbatidora.cs in SourceAssetDB has modification time of '2026-07-15T16:18:20Z' while content on disk has modification time of '2026-07-15T16:18:53Z'
  ERROR: Build asset version error: assets/scripts/minijuego 8/botonbatidora.cs in SourceAssetDB has modification time of '2026-07-15T16:18:20Z' while content on disk has modification time of '2026-07-15T16:18:53Z'
Number of updated asset objects reloaded before import = 0Number of asset objects unloaded after import = 0

========================================================================
Received Import Request.
  Time since last request: 0.155354 seconds.
  path: Assets/Scripts/Minijuego 8/BotonBatidora.cs
  artifactKey: Guid(e91d731bbe11c4551a118c6ba60a92bb) Importer(815301076,1909f56bfc062723c751e8b465ee728b)
Start importing Assets/Scripts/Minijuego 8/BotonBatidora.cs using Guid(e91d731bbe11c4551a118c6ba60a92bb) Importer(815301076,1909f56bfc062723c751e8b465ee728b) (PreviewImporter) -> (artifact id: '00000000000000000000000000000000') in 0.00058025 seconds
Import Error Code:(4)
Message: Build asset version error: assets/scripts/minijuego 8/botonbatidora.cs in SourceAssetDB has modification time of '2026-07-15T16:18:20Z' while content on disk has modification time of '2026-07-15T16:18:53Z'
  ERROR: Build asset version error: assets/scripts/minijuego 8/botonbatidora.cs in SourceAssetDB has modification time of '2026-07-15T16:18:20Z' while content on disk has modification time of '2026-07-15T16:18:53Z'
Number of updated asset objects reloaded before import = 0Number of asset objects unloaded after import = 0

========================================================================
Received Import Request.
  Time since last request: 0.066453 seconds.
  path: Assets/Scripts/Minijuego 8/BotonBatidora.cs
  artifactKey: Guid(e91d731bbe11c4551a118c6ba60a92bb) Importer(815301076,1909f56bfc062723c751e8b465ee728b)
Start importing Assets/Scripts/Minijuego 8/BotonBatidora.cs using Guid(e91d731bbe11c4551a118c6ba60a92bb) Importer(815301076,1909f56bfc062723c751e8b465ee728b) (PreviewImporter) -> (artifact id: '00000000000000000000000000000000') in 0.0007535 seconds
Import Error Code:(4)
Message: Build asset version error: assets/scripts/minijuego 8/botonbatidora.cs in SourceAssetDB has modification time of '2026-07-15T16:18:20Z' while content on disk has modification time of '2026-07-15T16:18:53Z'
  ERROR: Build asset version error: assets/scripts/minijuego 8/botonbatidora.cs in SourceAssetDB has modification time of '2026-07-15T16:18:20Z' while content on disk has modification time of '2026-07-15T16:18:53Z'
Number of updated asset objects reloaded before import = 0Number of asset objects unloaded after import = 0

========================================================================
Received Import Request.
  Time since last request: 0.167987 seconds.
  path: Assets/Scripts/Minijuego 8/BotonBatidora.cs
  artifactKey: Guid(e91d731bbe11c4551a118c6ba60a92bb) Importer(815301076,1909f56bfc062723c751e8b465ee728b)
Start importing Assets/Scripts/Minijuego 8/BotonBatidora.cs using Guid(e91d731bbe11c4551a118c6ba60a92bb) Importer(815301076,1909f56bfc062723c751e8b465ee728b) (PreviewImporter) -> (artifact id: '00000000000000000000000000000000') in 0.000685208 seconds
Import Error Code:(4)
Message: Build asset version error: assets/scripts/minijuego 8/botonbatidora.cs in SourceAssetDB has modification time of '2026-07-15T16:18:20Z' while content on disk has modification time of '2026-07-15T16:18:53Z'
  ERROR: Build asset version error: assets/scripts/minijuego 8/botonbatidora.cs in SourceAssetDB has modification time of '2026-07-15T16:18:20Z' while content on disk has modification time of '2026-07-15T16:18:53Z'
Number of updated asset objects reloaded before import = 0Number of asset objects unloaded after import = 0

========================================================================
Received Import Request.
  Time since last request: 0.067397 seconds.
  path: Assets/Scripts/Minijuego 8/BotonBatidora.cs
  artifactKey: Guid(e91d731bbe11c4551a118c6ba60a92bb) Importer(815301076,1909f56bfc062723c751e8b465ee728b)
Start importing Assets/Scripts/Minijuego 8/BotonBatidora.cs using Guid(e91d731bbe11c4551a118c6ba60a92bb) Importer(815301076,1909f56bfc062723c751e8b465ee728b) (PreviewImporter) -> (artifact id: '00000000000000000000000000000000') in 0.0007265 seconds
Import Error Code:(4)
Message: Build asset version error: assets/scripts/minijuego 8/botonbatidora.cs in SourceAssetDB has modification time of '2026-07-15T16:18:20Z' while content on disk has modification time of '2026-07-15T16:18:53Z'
  ERROR: Build asset version error: assets/scripts/minijuego 8/botonbatidora.cs in SourceAssetDB has modification time of '2026-07-15T16:18:20Z' while content on disk has modification time of '2026-07-15T16:18:53Z'
Number of updated asset objects reloaded before import = 0Number of asset objects unloaded after import = 0

========================================================================
Received Import Request.
  Time since last request: 0.065460 seconds.
  path: Assets/Scripts/Minijuego 8/BotonBatidora.cs
  artifactKey: Guid(e91d731bbe11c4551a118c6ba60a92bb) Importer(815301076,1909f56bfc062723c751e8b465ee728b)
Start importing Assets/Scripts/Minijuego 8/BotonBatidora.cs using Guid(e91d731bbe11c4551a118c6ba60a92bb) Importer(815301076,1909f56bfc062723c751e8b465ee728b) (PreviewImporter) -> (artifact id: '00000000000000000000000000000000') in 0.000624959 seconds
Import Error Code:(4)
Message: Build asset version error: assets/scripts/minijuego 8/botonbatidora.cs in SourceAssetDB has modification time of '2026-07-15T16:18:20Z' while content on disk has modification time of '2026-07-15T16:18:53Z'
  ERROR: Build asset version error: assets/scripts/minijuego 8/botonbatidora.cs in SourceAssetDB has modification time of '2026-07-15T16:18:20Z' while content on disk has modification time of '2026-07-15T16:18:53Z'
Number of updated asset objects reloaded before import = 0Number of asset objects unloaded after import = 0

========================================================================
Received Import Request.
  Time since last request: 0.168158 seconds.
  path: Assets/Scripts/Minijuego 8/BotonBatidora.cs
  artifactKey: Guid(e91d731bbe11c4551a118c6ba60a92bb) Importer(815301076,1909f56bfc062723c751e8b465ee728b)
Start importing Assets/Scripts/Minijuego 8/BotonBatidora.cs using Guid(e91d731bbe11c4551a118c6ba60a92bb) Importer(815301076,1909f56bfc062723c751e8b465ee728b) (PreviewImporter) -> (artifact id: '00000000000000000000000000000000') in 0.000699042 seconds
Import Error Code:(4)
Message: Build asset version error: assets/scripts/minijuego 8/botonbatidora.cs in SourceAssetDB has modification time of '2026-07-15T16:18:20Z' while content on disk has modification time of '2026-07-15T16:18:53Z'
  ERROR: Build asset version error: assets/scripts/minijuego 8/botonbatidora.cs in SourceAssetDB has modification time of '2026-07-15T16:18:20Z' while content on disk has modification time of '2026-07-15T16:18:53Z'
Number of updated asset objects reloaded before import = 0Number of asset objects unloaded after import = 0

========================================================================
Received Import Request.
  Time since last request: 0.056618 seconds.
  path: Assets/Scripts/Minijuego 8/BotonBatidora.cs
  artifactKey: Guid(e91d731bbe11c4551a118c6ba60a92bb) Importer(815301076,1909f56bfc062723c751e8b465ee728b)
Start importing Assets/Scripts/Minijuego 8/BotonBatidora.cs using Guid(e91d731bbe11c4551a118c6ba60a92bb) Importer(815301076,1909f56bfc062723c751e8b465ee728b) (PreviewImporter) -> (artifact id: '00000000000000000000000000000000') in 0.000598958 seconds
Import Error Code:(4)
Message: Build asset version error: assets/scripts/minijuego 8/botonbatidora.cs in SourceAssetDB has modification time of '2026-07-15T16:18:20Z' while content on disk has modification time of '2026-07-15T16:18:53Z'
  ERROR: Build asset version error: assets/scripts/minijuego 8/botonbatidora.cs in SourceAssetDB has modification time of '2026-07-15T16:18:20Z' while content on disk has modification time of '2026-07-15T16:18:53Z'
Number of updated asset objects reloaded before import = 0Number of asset objects unloaded after import = 0

========================================================================
Received Import Request.
  Time since last request: 0.162713 seconds.
  path: Assets/Scripts/Minijuego 8/BotonBatidora.cs
  artifactKey: Guid(e91d731bbe11c4551a118c6ba60a92bb) Importer(815301076,1909f56bfc062723c751e8b465ee728b)
Start importing Assets/Scripts/Minijuego 8/BotonBatidora.cs using Guid(e91d731bbe11c4551a118c6ba60a92bb) Importer(815301076,1909f56bfc062723c751e8b465ee728b) (PreviewImporter) -> (artifact id: '00000000000000000000000000000000') in 0.000758833 seconds
Import Error Code:(4)
Message: Build asset version error: assets/scripts/minijuego 8/botonbatidora.cs in SourceAssetDB has modification time of '2026-07-15T16:18:20Z' while content on disk has modification time of '2026-07-15T16:18:53Z'
  ERROR: Build asset version error: assets/scripts/minijuego 8/botonbatidora.cs in SourceAssetDB has modification time of '2026-07-15T16:18:20Z' while content on disk has modification time of '2026-07-15T16:18:53Z'
Number of updated asset objects reloaded before import = 0Number of asset objects unloaded after import = 0

========================================================================
Received Import Request.
  Time since last request: 0.057298 seconds.
  path: Assets/Scripts/Minijuego 8/BotonBatidora.cs
  artifactKey: Guid(e91d731bbe11c4551a118c6ba60a92bb) Importer(815301076,1909f56bfc062723c751e8b465ee728b)
Start importing Assets/Scripts/Minijuego 8/BotonBatidora.cs using Guid(e91d731bbe11c4551a118c6ba60a92bb) Importer(815301076,1909f56bfc062723c751e8b465ee728b) (PreviewImporter) -> (artifact id: '00000000000000000000000000000000') in 0.000529417 seconds
Import Error Code:(4)
Message: Build asset version error: assets/scripts/minijuego 8/botonbatidora.cs in SourceAssetDB has modification time of '2026-07-15T16:18:20Z' while content on disk has modification time of '2026-07-15T16:18:53Z'
  ERROR: Build asset version error: assets/scripts/minijuego 8/botonbatidora.cs in SourceAssetDB has modification time of '2026-07-15T16:18:20Z' while content on disk has modification time of '2026-07-15T16:18:53Z'
Number of updated asset objects reloaded before import = 0Number of asset objects unloaded after import = 0

========================================================================
Received Import Request.
  Time since last request: 0.162597 seconds.
  path: Assets/Scripts/Minijuego 8/BotonBatidora.cs
  artifactKey: Guid(e91d731bbe11c4551a118c6ba60a92bb) Importer(815301076,1909f56bfc062723c751e8b465ee728b)
Start importing Assets/Scripts/Minijuego 8/BotonBatidora.cs using Guid(e91d731bbe11c4551a118c6ba60a92bb) Importer(815301076,1909f56bfc062723c751e8b465ee728b) (PreviewImporter) -> (artifact id: '00000000000000000000000000000000') in 0.000523041 seconds
Import Error Code:(4)
Message: Build asset version error: assets/scripts/minijuego 8/botonbatidora.cs in SourceAssetDB has modification time of '2026-07-15T16:18:20Z' while content on disk has modification time of '2026-07-15T16:18:53Z'
  ERROR: Build asset version error: assets/scripts/minijuego 8/botonbatidora.cs in SourceAssetDB has modification time of '2026-07-15T16:18:20Z' while content on disk has modification time of '2026-07-15T16:18:53Z'
Number of updated asset objects reloaded before import = 0Number of asset objects unloaded after import = 0

========================================================================
Received Import Request.
  Time since last request: 0.058720 seconds.
  path: Assets/Scripts/Minijuego 8/BotonBatidora.cs
  artifactKey: Guid(e91d731bbe11c4551a118c6ba60a92bb) Importer(815301076,1909f56bfc062723c751e8b465ee728b)
Start importing Assets/Scripts/Minijuego 8/BotonBatidora.cs using Guid(e91d731bbe11c4551a118c6ba60a92bb) Importer(815301076,1909f56bfc062723c751e8b465ee728b) (PreviewImporter) -> (artifact id: '00000000000000000000000000000000') in 0.000705375 seconds
Import Error Code:(4)
Message: Build asset version error: assets/scripts/minijuego 8/botonbatidora.cs in SourceAssetDB has modification time of '2026-07-15T16:18:20Z' while content on disk has modification time of '2026-07-15T16:18:53Z'
  ERROR: Build asset version error: assets/scripts/minijuego 8/botonbatidora.cs in SourceAssetDB has modification time of '2026-07-15T16:18:20Z' while content on disk has modification time of '2026-07-15T16:18:53Z'
Number of updated asset objects reloaded before import = 0Number of asset objects unloaded after import = 0

========================================================================
Received Import Request.
  Time since last request: 0.163980 seconds.
  path: Assets/Scripts/Minijuego 8/BotonBatidora.cs
  artifactKey: Guid(e91d731bbe11c4551a118c6ba60a92bb) Importer(815301076,1909f56bfc062723c751e8b465ee728b)
Start importing Assets/Scripts/Minijuego 8/BotonBatidora.cs using Guid(e91d731bbe11c4551a118c6ba60a92bb) Importer(815301076,1909f56bfc062723c751e8b465ee728b) (PreviewImporter) -> (artifact id: '00000000000000000000000000000000') in 0.000792125 seconds
Import Error Code:(4)
Message: Build asset version error: assets/scripts/minijuego 8/botonbatidora.cs in SourceAssetDB has modification time of '2026-07-15T16:18:20Z' while content on disk has modification time of '2026-07-15T16:18:53Z'
  ERROR: Build asset version error: assets/scripts/minijuego 8/botonbatidora.cs in SourceAssetDB has modification time of '2026-07-15T16:18:20Z' while content on disk has modification time of '2026-07-15T16:18:53Z'
Number of updated asset objects reloaded before import = 0Number of asset objects unloaded after import = 0

========================================================================
Received Import Request.
  Time since last request: 0.154442 seconds.
  path: Assets/Scripts/Minijuego 8/BotonBatidora.cs
  artifactKey: Guid(e91d731bbe11c4551a118c6ba60a92bb) Importer(815301076,1909f56bfc062723c751e8b465ee728b)
Start importing Assets/Scripts/Minijuego 8/BotonBatidora.cs using Guid(e91d731bbe11c4551a118c6ba60a92bb) Importer(815301076,1909f56bfc062723c751e8b465ee728b) (PreviewImporter) -> (artifact id: '00000000000000000000000000000000') in 0.00057975 seconds
Import Error Code:(4)
Message: Build asset version error: assets/scripts/minijuego 8/botonbatidora.cs in SourceAssetDB has modification time of '2026-07-15T16:18:20Z' while content on disk has modification time of '2026-07-15T16:18:53Z'
  ERROR: Build asset version error: assets/scripts/minijuego 8/botonbatidora.cs in SourceAssetDB has modification time of '2026-07-15T16:18:20Z' while content on disk has modification time of '2026-07-15T16:18:53Z'
Number of updated asset objects reloaded before import = 0Number of asset objects unloaded after import = 0

========================================================================
Received Import Request.
  Time since last request: 0.059703 seconds.
  path: Assets/Scripts/Minijuego 8/BotonBatidora.cs
  artifactKey: Guid(e91d731bbe11c4551a118c6ba60a92bb) Importer(815301076,1909f56bfc062723c751e8b465ee728b)
Start importing Assets/Scripts/Minijuego 8/BotonBatidora.cs using Guid(e91d731bbe11c4551a118c6ba60a92bb) Importer(815301076,1909f56bfc062723c751e8b465ee728b) (PreviewImporter) -> (artifact id: '00000000000000000000000000000000') in 0.000602333 seconds
Import Error Code:(4)
Message: Build asset version error: assets/scripts/minijuego 8/botonbatidora.cs in SourceAssetDB has modification time of '2026-07-15T16:18:20Z' while content on disk has modification time of '2026-07-15T16:18:53Z'
  ERROR: Build asset version error: assets/scripts/minijuego 8/botonbatidora.cs in SourceAssetDB has modification time of '2026-07-15T16:18:20Z' while content on disk has modification time of '2026-07-15T16:18:53Z'
Number of updated asset objects reloaded before import = 0Number of asset objects unloaded after import = 0

========================================================================
Received Import Request.
  Time since last request: 0.160182 seconds.
  path: Assets/Scripts/Minijuego 8/BotonBatidora.cs
  artifactKey: Guid(e91d731bbe11c4551a118c6ba60a92bb) Importer(815301076,1909f56bfc062723c751e8b465ee728b)
Start importing Assets/Scripts/Minijuego 8/BotonBatidora.cs using Guid(e91d731bbe11c4551a118c6ba60a92bb) Importer(815301076,1909f56bfc062723c751e8b465ee728b) (PreviewImporter) -> (artifact id: '00000000000000000000000000000000') in 0.000589417 seconds
Import Error Code:(4)
Message: Build asset version error: assets/scripts/minijuego 8/botonbatidora.cs in SourceAssetDB has modification time of '2026-07-15T16:18:20Z' while content on disk has modification time of '2026-07-15T16:18:56Z'
  ERROR: Build asset version error: assets/scripts/minijuego 8/botonbatidora.cs in SourceAssetDB has modification time of '2026-07-15T16:18:20Z' while content on disk has modification time of '2026-07-15T16:18:56Z'
Number of updated asset objects reloaded before import = 0Number of asset objects unloaded after import = 0

========================================================================
Received Import Request.
  Time since last request: 0.245369 seconds.
  path: Assets/Scripts/Minijuego 8/BotonBatidora.cs
  artifactKey: Guid(e91d731bbe11c4551a118c6ba60a92bb) Importer(815301076,1909f56bfc062723c751e8b465ee728b)
Start importing Assets/Scripts/Minijuego 8/BotonBatidora.cs using Guid(e91d731bbe11c4551a118c6ba60a92bb) Importer(815301076,1909f56bfc062723c751e8b465ee728b) (PreviewImporter) -> (artifact id: '00000000000000000000000000000000') in 0.000614792 seconds
Import Error Code:(4)
Message: Build asset version error: assets/scripts/minijuego 8/botonbatidora.cs in SourceAssetDB has modification time of '2026-07-15T16:18:20Z' while content on disk has modification time of '2026-07-15T16:18:56Z'
  ERROR: Build asset version error: assets/scripts/minijuego 8/botonbatidora.cs in SourceAssetDB has modification time of '2026-07-15T16:18:20Z' while content on disk has modification time of '2026-07-15T16:18:56Z'
Number of updated asset objects reloaded before import = 0Number of asset objects unloaded after import = 0

========================================================================
Received Import Request.
  Time since last request: 0.083725 seconds.
  path: Assets/Scripts/Minijuego 8/BotonBatidora.cs
  artifactKey: Guid(e91d731bbe11c4551a118c6ba60a92bb) Importer(815301076,1909f56bfc062723c751e8b465ee728b)
Start importing Assets/Scripts/Minijuego 8/BotonBatidora.cs using Guid(e91d731bbe11c4551a118c6ba60a92bb) Importer(815301076,1909f56bfc062723c751e8b465ee728b) (PreviewImporter) -> (artifact id: '00000000000000000000000000000000') in 0.000459042 seconds
Import Error Code:(4)
Message: Build asset version error: assets/scripts/minijuego 8/botonbatidora.cs in SourceAssetDB has modification time of '2026-07-15T16:18:20Z' while content on disk has modification time of '2026-07-15T16:18:56Z'
  ERROR: Build asset version error: assets/scripts/minijuego 8/botonbatidora.cs in SourceAssetDB has modification time of '2026-07-15T16:18:20Z' while content on disk has modification time of '2026-07-15T16:18:56Z'
Number of updated asset objects reloaded before import = 0Number of asset objects unloaded after import = 0

========================================================================
Received Import Request.
  Time since last request: 0.069935 seconds.
  path: Assets/Scripts/Minijuego 8/BotonBatidora.cs
  artifactKey: Guid(e91d731bbe11c4551a118c6ba60a92bb) Importer(815301076,1909f56bfc062723c751e8b465ee728b)
Start importing Assets/Scripts/Minijuego 8/BotonBatidora.cs using Guid(e91d731bbe11c4551a118c6ba60a92bb) Importer(815301076,1909f56bfc062723c751e8b465ee728b) (PreviewImporter) -> (artifact id: '00000000000000000000000000000000') in 0.000607084 seconds
Import Error Code:(4)
Message: Build asset version error: assets/scripts/minijuego 8/botonbatidora.cs in SourceAssetDB has modification time of '2026-07-15T16:18:20Z' while content on disk has modification time of '2026-07-15T16:18:56Z'
  ERROR: Build asset version error: assets/scripts/minijuego 8/botonbatidora.cs in SourceAssetDB has modification time of '2026-07-15T16:18:20Z' while content on disk has modification time of '2026-07-15T16:18:56Z'
Number of updated asset objects reloaded before import = 0Number of asset objects unloaded after import = 0

========================================================================
Received Import Request.
  Time since last request: 0.166580 seconds.
  path: Assets/Scripts/Minijuego 8/BotonBatidora.cs
  artifactKey: Guid(e91d731bbe11c4551a118c6ba60a92bb) Importer(815301076,1909f56bfc062723c751e8b465ee728b)
Start importing Assets/Scripts/Minijuego 8/BotonBatidora.cs using Guid(e91d731bbe11c4551a118c6ba60a92bb) Importer(815301076,1909f56bfc062723c751e8b465ee728b) (PreviewImporter) -> (artifact id: '00000000000000000000000000000000') in 0.000781458 seconds
Import Error Code:(4)
Message: Build asset version error: assets/scripts/minijuego 8/botonbatidora.cs in SourceAssetDB has modification time of '2026-07-15T16:18:20Z' while content on disk has modification time of '2026-07-15T16:18:56Z'
  ERROR: Build asset version error: assets/scripts/minijuego 8/botonbatidora.cs in SourceAssetDB has modification time of '2026-07-15T16:18:20Z' while content on disk has modification time of '2026-07-15T16:18:56Z'
Number of updated asset objects reloaded before import = 0Number of asset objects unloaded after import = 0

========================================================================
Received Import Request.
  Time since last request: 0.164277 seconds.
  path: Assets/Scripts/Minijuego 8/BotonBatidora.cs
  artifactKey: Guid(e91d731bbe11c4551a118c6ba60a92bb) Importer(815301076,1909f56bfc062723c751e8b465ee728b)
Start importing Assets/Scripts/Minijuego 8/BotonBatidora.cs using Guid(e91d731bbe11c4551a118c6ba60a92bb) Importer(815301076,1909f56bfc062723c751e8b465ee728b) (PreviewImporter) -> (artifact id: '00000000000000000000000000000000') in 0.000493208 seconds
Import Error Code:(4)
Message: Build asset version error: assets/scripts/minijuego 8/botonbatidora.cs in SourceAssetDB has modification time of '2026-07-15T16:18:20Z' while content on disk has modification time of '2026-07-15T16:18:56Z'
  ERROR: Build asset version error: assets/scripts/minijuego 8/botonbatidora.cs in SourceAssetDB has modification time of '2026-07-15T16:18:20Z' while content on disk has modification time of '2026-07-15T16:18:56Z'
Number of updated asset objects reloaded before import = 0Number of asset objects unloaded after import = 0

========================================================================
Received Import Request.
  Time since last request: 0.165171 seconds.
  path: Assets/Scripts/Minijuego 8/BotonBatidora.cs
  artifactKey: Guid(e91d731bbe11c4551a118c6ba60a92bb) Importer(815301076,1909f56bfc062723c751e8b465ee728b)
Start importing Assets/Scripts/Minijuego 8/BotonBatidora.cs using Guid(e91d731bbe11c4551a118c6ba60a92bb) Importer(815301076,1909f56bfc062723c751e8b465ee728b) (PreviewImporter) -> (artifact id: '00000000000000000000000000000000') in 0.000518375 seconds
Import Error Code:(4)
Message: Build asset version error: assets/scripts/minijuego 8/botonbatidora.cs in SourceAssetDB has modification time of '2026-07-15T16:18:20Z' while content on disk has modification time of '2026-07-15T16:18:56Z'
  ERROR: Build asset version error: assets/scripts/minijuego 8/botonbatidora.cs in SourceAssetDB has modification time of '2026-07-15T16:18:20Z' while content on disk has modification time of '2026-07-15T16:18:56Z'
Number of updated asset objects reloaded before import = 0Number of asset objects unloaded after import = 0

========================================================================
Received Import Request.
  Time since last request: 0.168469 seconds.
  path: Assets/Scripts/Minijuego 8/BotonBatidora.cs
  artifactKey: Guid(e91d731bbe11c4551a118c6ba60a92bb) Importer(815301076,1909f56bfc062723c751e8b465ee728b)
Start importing Assets/Scripts/Minijuego 8/BotonBatidora.cs using Guid(e91d731bbe11c4551a118c6ba60a92bb) Importer(815301076,1909f56bfc062723c751e8b465ee728b) (PreviewImporter) -> (artifact id: '00000000000000000000000000000000') in 0.000552792 seconds
Import Error Code:(4)
Message: Build asset version error: assets/scripts/minijuego 8/botonbatidora.cs in SourceAssetDB has modification time of '2026-07-15T16:18:20Z' while content on disk has modification time of '2026-07-15T16:18:56Z'
  ERROR: Build asset version error: assets/scripts/minijuego 8/botonbatidora.cs in SourceAssetDB has modification time of '2026-07-15T16:18:20Z' while content on disk has modification time of '2026-07-15T16:18:56Z'
Number of updated asset objects reloaded before import = 0Number of asset objects unloaded after import = 0

========================================================================
Received Import Request.
  Time since last request: 0.064825 seconds.
  path: Assets/Scripts/Minijuego 8/BotonBatidora.cs
  artifactKey: Guid(e91d731bbe11c4551a118c6ba60a92bb) Importer(815301076,1909f56bfc062723c751e8b465ee728b)
Start importing Assets/Scripts/Minijuego 8/BotonBatidora.cs using Guid(e91d731bbe11c4551a118c6ba60a92bb) Importer(815301076,1909f56bfc062723c751e8b465ee728b) (PreviewImporter) -> (artifact id: '00000000000000000000000000000000') in 0.000506167 seconds
Import Error Code:(4)
Message: Build asset version error: assets/scripts/minijuego 8/botonbatidora.cs in SourceAssetDB has modification time of '2026-07-15T16:18:20Z' while content on disk has modification time of '2026-07-15T16:18:56Z'
  ERROR: Build asset version error: assets/scripts/minijuego 8/botonbatidora.cs in SourceAssetDB has modification time of '2026-07-15T16:18:20Z' while content on disk has modification time of '2026-07-15T16:18:56Z'
Number of updated asset objects reloaded before import = 0Number of asset objects unloaded after import = 0

========================================================================
Received Import Request.
  Time since last request: 0.168803 seconds.
  path: Assets/Scripts/Minijuego 8/BotonBatidora.cs
  artifactKey: Guid(e91d731bbe11c4551a118c6ba60a92bb) Importer(815301076,1909f56bfc062723c751e8b465ee728b)
Start importing Assets/Scripts/Minijuego 8/BotonBatidora.cs using Guid(e91d731bbe11c4551a118c6ba60a92bb) Importer(815301076,1909f56bfc062723c751e8b465ee728b) (PreviewImporter) -> (artifact id: '00000000000000000000000000000000') in 0.000569542 seconds
Import Error Code:(4)
Message: Build asset version error: assets/scripts/minijuego 8/botonbatidora.cs in SourceAssetDB has modification time of '2026-07-15T16:18:20Z' while content on disk has modification time of '2026-07-15T16:18:56Z'
  ERROR: Build asset version error: assets/scripts/minijuego 8/botonbatidora.cs in SourceAssetDB has modification time of '2026-07-15T16:18:20Z' while content on disk has modification time of '2026-07-15T16:18:56Z'
Number of updated asset objects reloaded before import = 0Number of asset objects unloaded after import = 0

========================================================================
Received Import Request.
  Time since last request: 0.066299 seconds.
  path: Assets/Scripts/Minijuego 8/BotonBatidora.cs
  artifactKey: Guid(e91d731bbe11c4551a118c6ba60a92bb) Importer(815301076,1909f56bfc062723c751e8b465ee728b)
Start importing Assets/Scripts/Minijuego 8/BotonBatidora.cs using Guid(e91d731bbe11c4551a118c6ba60a92bb) Importer(815301076,1909f56bfc062723c751e8b465ee728b) (PreviewImporter) -> (artifact id: '00000000000000000000000000000000') in 0.000897584 seconds
Import Error Code:(4)
Message: Build asset version error: assets/scripts/minijuego 8/botonbatidora.cs in SourceAssetDB has modification time of '2026-07-15T16:18:20Z' while content on disk has modification time of '2026-07-15T16:18:56Z'
  ERROR: Build asset version error: assets/scripts/minijuego 8/botonbatidora.cs in SourceAssetDB has modification time of '2026-07-15T16:18:20Z' while content on disk has modification time of '2026-07-15T16:18:56Z'
Number of updated asset objects reloaded before import = 0Number of asset objects unloaded after import = 0

========================================================================
Received Import Request.
  Time since last request: 0.063703 seconds.
  path: Assets/Scripts/Minijuego 8/BotonBatidora.cs
  artifactKey: Guid(e91d731bbe11c4551a118c6ba60a92bb) Importer(815301076,1909f56bfc062723c751e8b465ee728b)
Start importing Assets/Scripts/Minijuego 8/BotonBatidora.cs using Guid(e91d731bbe11c4551a118c6ba60a92bb) Importer(815301076,1909f56bfc062723c751e8b465ee728b) (PreviewImporter) -> (artifact id: '00000000000000000000000000000000') in 0.000584333 seconds
Import Error Code:(4)
Message: Build asset version error: assets/scripts/minijuego 8/botonbatidora.cs in SourceAssetDB has modification time of '2026-07-15T16:18:20Z' while content on disk has modification time of '2026-07-15T16:18:56Z'
  ERROR: Build asset version error: assets/scripts/minijuego 8/botonbatidora.cs in SourceAssetDB has modification time of '2026-07-15T16:18:20Z' while content on disk has modification time of '2026-07-15T16:18:56Z'
Number of updated asset objects reloaded before import = 0Number of asset objects unloaded after import = 0

========================================================================
Received Import Request.
  Time since last request: 0.165161 seconds.
  path: Assets/Scripts/Minijuego 8/BotonBatidora.cs
  artifactKey: Guid(e91d731bbe11c4551a118c6ba60a92bb) Importer(815301076,1909f56bfc062723c751e8b465ee728b)
Start importing Assets/Scripts/Minijuego 8/BotonBatidora.cs using Guid(e91d731bbe11c4551a118c6ba60a92bb) Importer(815301076,1909f56bfc062723c751e8b465ee728b) (PreviewImporter) -> (artifact id: '00000000000000000000000000000000') in 0.000860583 seconds
Import Error Code:(4)
Message: Build asset version error: assets/scripts/minijuego 8/botonbatidora.cs in SourceAssetDB has modification time of '2026-07-15T16:18:20Z' while content on disk has modification time of '2026-07-15T16:18:56Z'
  ERROR: Build asset version error: assets/scripts/minijuego 8/botonbatidora.cs in SourceAssetDB has modification time of '2026-07-15T16:18:20Z' while content on disk has modification time of '2026-07-15T16:18:56Z'
Number of updated asset objects reloaded before import = 0Number of asset objects unloaded after import = 0

========================================================================
Received Import Request.
  Time since last request: 0.159429 seconds.
  path: Assets/Scripts/Minijuego 8/BotonBatidora.cs
  artifactKey: Guid(e91d731bbe11c4551a118c6ba60a92bb) Importer(815301076,1909f56bfc062723c751e8b465ee728b)
Start importing Assets/Scripts/Minijuego 8/BotonBatidora.cs using Guid(e91d731bbe11c4551a118c6ba60a92bb) Importer(815301076,1909f56bfc062723c751e8b465ee728b) (PreviewImporter) -> (artifact id: '00000000000000000000000000000000') in 0.001087834 seconds
Import Error Code:(4)
Message: Build asset version error: assets/scripts/minijuego 8/botonbatidora.cs in SourceAssetDB has modification time of '2026-07-15T16:18:20Z' while content on disk has modification time of '2026-07-15T16:18:56Z'
  ERROR: Build asset version error: assets/scripts/minijuego 8/botonbatidora.cs in SourceAssetDB has modification time of '2026-07-15T16:18:20Z' while content on disk has modification time of '2026-07-15T16:18:56Z'
Number of updated asset objects reloaded before import = 0Number of asset objects unloaded after import = 0

========================================================================
Received Import Request.
  Time since last request: 0.055260 seconds.
  path: Assets/Scripts/Minijuego 8/BotonBatidora.cs
  artifactKey: Guid(e91d731bbe11c4551a118c6ba60a92bb) Importer(815301076,1909f56bfc062723c751e8b465ee728b)
Start importing Assets/Scripts/Minijuego 8/BotonBatidora.cs using Guid(e91d731bbe11c4551a118c6ba60a92bb) Importer(815301076,1909f56bfc062723c751e8b465ee728b) (PreviewImporter) -> (artifact id: '00000000000000000000000000000000') in 0.000609916 seconds
Import Error Code:(4)
Message: Build asset version error: assets/scripts/minijuego 8/botonbatidora.cs in SourceAssetDB has modification time of '2026-07-15T16:18:20Z' while content on disk has modification time of '2026-07-15T16:18:56Z'
  ERROR: Build asset version error: assets/scripts/minijuego 8/botonbatidora.cs in SourceAssetDB has modification time of '2026-07-15T16:18:20Z' while content on disk has modification time of '2026-07-15T16:18:56Z'
Number of updated asset objects reloaded before import = 0Number of asset objects unloaded after import = 0

========================================================================
Received Import Request.
  Time since last request: 0.164339 seconds.
  path: Assets/Scripts/Minijuego 8/BotonBatidora.cs
  artifactKey: Guid(e91d731bbe11c4551a118c6ba60a92bb) Importer(815301076,1909f56bfc062723c751e8b465ee728b)
Start importing Assets/Scripts/Minijuego 8/BotonBatidora.cs using Guid(e91d731bbe11c4551a118c6ba60a92bb) Importer(815301076,1909f56bfc062723c751e8b465ee728b) (PreviewImporter) -> (artifact id: '00000000000000000000000000000000') in 0.000731125 seconds
Import Error Code:(4)
Message: Build asset version error: assets/scripts/minijuego 8/botonbatidora.cs in SourceAssetDB has modification time of '2026-07-15T16:18:20Z' while content on disk has modification time of '2026-07-15T16:18:56Z'
  ERROR: Build asset version error: assets/scripts/minijuego 8/botonbatidora.cs in SourceAssetDB has modification time of '2026-07-15T16:18:20Z' while content on disk has modification time of '2026-07-15T16:18:56Z'
Number of updated asset objects reloaded before import = 0Number of asset objects unloaded after import = 0

========================================================================
Received Import Request.
  Time since last request: 0.054513 seconds.
  path: Assets/Scripts/Minijuego 8/BotonBatidora.cs
  artifactKey: Guid(e91d731bbe11c4551a118c6ba60a92bb) Importer(815301076,1909f56bfc062723c751e8b465ee728b)
Start importing Assets/Scripts/Minijuego 8/BotonBatidora.cs using Guid(e91d731bbe11c4551a118c6ba60a92bb) Importer(815301076,1909f56bfc062723c751e8b465ee728b) (PreviewImporter) -> (artifact id: '00000000000000000000000000000000') in 0.000593916 seconds
Import Error Code:(4)
Message: Build asset version error: assets/scripts/minijuego 8/botonbatidora.cs in SourceAssetDB has modification time of '2026-07-15T16:18:20Z' while content on disk has modification time of '2026-07-15T16:18:59Z'
  ERROR: Build asset version error: assets/scripts/minijuego 8/botonbatidora.cs in SourceAssetDB has modification time of '2026-07-15T16:18:20Z' while content on disk has modification time of '2026-07-15T16:18:59Z'
Number of updated asset objects reloaded before import = 0Number of asset objects unloaded after import = 0

========================================================================
Received Import Request.
  Time since last request: 0.160769 seconds.
  path: Assets/Scripts/Minijuego 8/BotonBatidora.cs
  artifactKey: Guid(e91d731bbe11c4551a118c6ba60a92bb) Importer(815301076,1909f56bfc062723c751e8b465ee728b)
Start importing Assets/Scripts/Minijuego 8/BotonBatidora.cs using Guid(e91d731bbe11c4551a118c6ba60a92bb) Importer(815301076,1909f56bfc062723c751e8b465ee728b) (PreviewImporter) -> (artifact id: '00000000000000000000000000000000') in 0.001358417 seconds
Import Error Code:(4)
Message: Build asset version error: assets/scripts/minijuego 8/botonbatidora.cs in SourceAssetDB has modification time of '2026-07-15T16:18:20Z' while content on disk has modification time of '2026-07-15T16:18:59Z'
  ERROR: Build asset version error: assets/scripts/minijuego 8/botonbatidora.cs in SourceAssetDB has modification time of '2026-07-15T16:18:20Z' while content on disk has modification time of '2026-07-15T16:18:59Z'
Number of updated asset objects reloaded before import = 0Number of asset objects unloaded after import = 0

========================================================================
Received Import Request.
  Time since last request: 0.161479 seconds.
  path: Assets/Scripts/Minijuego 8/BotonBatidora.cs
  artifactKey: Guid(e91d731bbe11c4551a118c6ba60a92bb) Importer(815301076,1909f56bfc062723c751e8b465ee728b)
Start importing Assets/Scripts/Minijuego 8/BotonBatidora.cs using Guid(e91d731bbe11c4551a118c6ba60a92bb) Importer(815301076,1909f56bfc062723c751e8b465ee728b) (PreviewImporter) -> (artifact id: '00000000000000000000000000000000') in 0.000773292 seconds
Import Error Code:(4)
Message: Build asset version error: assets/scripts/minijuego 8/botonbatidora.cs in SourceAssetDB has modification time of '2026-07-15T16:18:20Z' while content on disk has modification time of '2026-07-15T16:18:59Z'
  ERROR: Build asset version error: assets/scripts/minijuego 8/botonbatidora.cs in SourceAssetDB has modification time of '2026-07-15T16:18:20Z' while content on disk has modification time of '2026-07-15T16:18:59Z'
Number of updated asset objects reloaded before import = 0Number of asset objects unloaded after import = 0

========================================================================
Received Import Request.
  Time since last request: 0.057227 seconds.
  path: Assets/Scripts/Minijuego 8/BotonBatidora.cs
  artifactKey: Guid(e91d731bbe11c4551a118c6ba60a92bb) Importer(815301076,1909f56bfc062723c751e8b465ee728b)
Start importing Assets/Scripts/Minijuego 8/BotonBatidora.cs using Guid(e91d731bbe11c4551a118c6ba60a92bb) Importer(815301076,1909f56bfc062723c751e8b465ee728b) (PreviewImporter) -> (artifact id: '00000000000000000000000000000000') in 0.000586583 seconds
Import Error Code:(4)
Message: Build asset version error: assets/scripts/minijuego 8/botonbatidora.cs in SourceAssetDB has modification time of '2026-07-15T16:18:20Z' while content on disk has modification time of '2026-07-15T16:18:59Z'
  ERROR: Build asset version error: assets/scripts/minijuego 8/botonbatidora.cs in SourceAssetDB has modification time of '2026-07-15T16:18:20Z' while content on disk has modification time of '2026-07-15T16:18:59Z'
Number of updated asset objects reloaded before import = 0Number of asset objects unloaded after import = 0

========================================================================
Received Import Request.
  Time since last request: 0.061473 seconds.
  path: Assets/Scripts/Minijuego 8/BotonBatidora.cs
  artifactKey: Guid(e91d731bbe11c4551a118c6ba60a92bb) Importer(815301076,1909f56bfc062723c751e8b465ee728b)
Start importing Assets/Scripts/Minijuego 8/BotonBatidora.cs using Guid(e91d731bbe11c4551a118c6ba60a92bb) Importer(815301076,1909f56bfc062723c751e8b465ee728b) (PreviewImporter) -> (artifact id: '00000000000000000000000000000000') in 0.000548542 seconds
Import Error Code:(4)
Message: Build asset version error: assets/scripts/minijuego 8/botonbatidora.cs in SourceAssetDB has modification time of '2026-07-15T16:18:20Z' while content on disk has modification time of '2026-07-15T16:18:59Z'
  ERROR: Build asset version error: assets/scripts/minijuego 8/botonbatidora.cs in SourceAssetDB has modification time of '2026-07-15T16:18:20Z' while content on disk has modification time of '2026-07-15T16:18:59Z'
Number of updated asset objects reloaded before import = 0Number of asset objects unloaded after import = 0

========================================================================
Received Import Request.
  Time since last request: 0.164854 seconds.
  path: Assets/Scripts/Minijuego 8/BotonBatidora.cs
  artifactKey: Guid(e91d731bbe11c4551a118c6ba60a92bb) Importer(815301076,1909f56bfc062723c751e8b465ee728b)
Start importing Assets/Scripts/Minijuego 8/BotonBatidora.cs using Guid(e91d731bbe11c4551a118c6ba60a92bb) Importer(815301076,1909f56bfc062723c751e8b465ee728b) (PreviewImporter) -> (artifact id: '00000000000000000000000000000000') in 0.000768625 seconds
Import Error Code:(4)
Message: Build asset version error: assets/scripts/minijuego 8/botonbatidora.cs in SourceAssetDB has modification time of '2026-07-15T16:18:20Z' while content on disk has modification time of '2026-07-15T16:18:59Z'
  ERROR: Build asset version error: assets/scripts/minijuego 8/botonbatidora.cs in SourceAssetDB has modification time of '2026-07-15T16:18:20Z' while content on disk has modification time of '2026-07-15T16:18:59Z'
Number of updated asset objects reloaded before import = 0Number of asset objects unloaded after import = 0

========================================================================
Received Import Request.
  Time since last request: 0.157034 seconds.
  path: Assets/Scripts/Minijuego 8/BotonBatidora.cs
  artifactKey: Guid(e91d731bbe11c4551a118c6ba60a92bb) Importer(815301076,1909f56bfc062723c751e8b465ee728b)
Start importing Assets/Scripts/Minijuego 8/BotonBatidora.cs using Guid(e91d731bbe11c4551a118c6ba60a92bb) Importer(815301076,1909f56bfc062723c751e8b465ee728b) (PreviewImporter) -> (artifact id: '00000000000000000000000000000000') in 0.001083792 seconds
Import Error Code:(4)
Message: Build asset version error: assets/scripts/minijuego 8/botonbatidora.cs in SourceAssetDB has modification time of '2026-07-15T16:18:20Z' while content on disk has modification time of '2026-07-15T16:18:59Z'
  ERROR: Build asset version error: assets/scripts/minijuego 8/botonbatidora.cs in SourceAssetDB has modification time of '2026-07-15T16:18:20Z' while content on disk has modification time of '2026-07-15T16:18:59Z'
Number of updated asset objects reloaded before import = 0Number of asset objects unloaded after import = 0

========================================================================
Received Import Request.
  Time since last request: 0.151321 seconds.
  path: Assets/Scripts/Minijuego 8/BotonBatidora.cs
  artifactKey: Guid(e91d731bbe11c4551a118c6ba60a92bb) Importer(815301076,1909f56bfc062723c751e8b465ee728b)
Start importing Assets/Scripts/Minijuego 8/BotonBatidora.cs using Guid(e91d731bbe11c4551a118c6ba60a92bb) Importer(815301076,1909f56bfc062723c751e8b465ee728b) (PreviewImporter) -> (artifact id: '00000000000000000000000000000000') in 0.00056425 seconds
Import Error Code:(4)
Message: Build asset version error: assets/scripts/minijuego 8/botonbatidora.cs in SourceAssetDB has modification time of '2026-07-15T16:18:20Z' while content on disk has modification time of '2026-07-15T16:18:59Z'
  ERROR: Build asset version error: assets/scripts/minijuego 8/botonbatidora.cs in SourceAssetDB has modification time of '2026-07-15T16:18:20Z' while content on disk has modification time of '2026-07-15T16:18:59Z'
Number of updated asset objects reloaded before import = 0Number of asset objects unloaded after import = 0

========================================================================
Received Import Request.
  Time since last request: 0.158448 seconds.
  path: Assets/Scripts/Minijuego 8/BotonBatidora.cs
  artifactKey: Guid(e91d731bbe11c4551a118c6ba60a92bb) Importer(815301076,1909f56bfc062723c751e8b465ee728b)
Start importing Assets/Scripts/Minijuego 8/BotonBatidora.cs using Guid(e91d731bbe11c4551a118c6ba60a92bb) Importer(815301076,1909f56bfc062723c751e8b465ee728b) (PreviewImporter) -> (artifact id: '00000000000000000000000000000000') in 0.000639209 seconds
Import Error Code:(4)
Message: Build asset version error: assets/scripts/minijuego 8/botonbatidora.cs in SourceAssetDB has modification time of '2026-07-15T16:18:20Z' while content on disk has modification time of '2026-07-15T16:18:59Z'
  ERROR: Build asset version error: assets/scripts/minijuego 8/botonbatidora.cs in SourceAssetDB has modification time of '2026-07-15T16:18:20Z' while content on disk has modification time of '2026-07-15T16:18:59Z'
Number of updated asset objects reloaded before import = 0Number of asset objects unloaded after import = 0

========================================================================
Received Import Request.
  Time since last request: 0.065800 seconds.
  path: Assets/Scripts/Minijuego 8/BotonBatidora.cs
  artifactKey: Guid(e91d731bbe11c4551a118c6ba60a92bb) Importer(815301076,1909f56bfc062723c751e8b465ee728b)
Start importing Assets/Scripts/Minijuego 8/BotonBatidora.cs using Guid(e91d731bbe11c4551a118c6ba60a92bb) Importer(815301076,1909f56bfc062723c751e8b465ee728b) (PreviewImporter) -> (artifact id: '00000000000000000000000000000000') in 0.000818958 seconds
Import Error Code:(4)
Message: Build asset version error: assets/scripts/minijuego 8/botonbatidora.cs in SourceAssetDB has modification time of '2026-07-15T16:18:20Z' while content on disk has modification time of '2026-07-15T16:18:59Z'
  ERROR: Build asset version error: assets/scripts/minijuego 8/botonbatidora.cs in SourceAssetDB has modification time of '2026-07-15T16:18:20Z' while content on disk has modification time of '2026-07-15T16:18:59Z'
Number of updated asset objects reloaded before import = 0Number of asset objects unloaded after import = 0

========================================================================
Received Import Request.
  Time since last request: 0.066222 seconds.
  path: Assets/Scripts/Minijuego 8/BotonBatidora.cs
  artifactKey: Guid(e91d731bbe11c4551a118c6ba60a92bb) Importer(815301076,1909f56bfc062723c751e8b465ee728b)
Start importing Assets/Scripts/Minijuego 8/BotonBatidora.cs using Guid(e91d731bbe11c4551a118c6ba60a92bb) Importer(815301076,1909f56bfc062723c751e8b465ee728b) (PreviewImporter) -> (artifact id: '00000000000000000000000000000000') in 0.000563583 seconds
Import Error Code:(4)
Message: Build asset version error: assets/scripts/minijuego 8/botonbatidora.cs in SourceAssetDB has modification time of '2026-07-15T16:18:20Z' while content on disk has modification time of '2026-07-15T16:18:59Z'
  ERROR: Build asset version error: assets/scripts/minijuego 8/botonbatidora.cs in SourceAssetDB has modification time of '2026-07-15T16:18:20Z' while content on disk has modification time of '2026-07-15T16:18:59Z'
Number of updated asset objects reloaded before import = 0Number of asset objects unloaded after import = 0

========================================================================
Received Import Request.
  Time since last request: 0.071669 seconds.
  path: Assets/Scripts/Minijuego 8/BotonBatidora.cs
  artifactKey: Guid(e91d731bbe11c4551a118c6ba60a92bb) Importer(815301076,1909f56bfc062723c751e8b465ee728b)
Start importing Assets/Scripts/Minijuego 8/BotonBatidora.cs using Guid(e91d731bbe11c4551a118c6ba60a92bb) Importer(815301076,1909f56bfc062723c751e8b465ee728b) (PreviewImporter) -> (artifact id: '00000000000000000000000000000000') in 0.000433834 seconds
Import Error Code:(4)
Message: Build asset version error: assets/scripts/minijuego 8/botonbatidora.cs in SourceAssetDB has modification time of '2026-07-15T16:18:20Z' while content on disk has modification time of '2026-07-15T16:18:59Z'
  ERROR: Build asset version error: assets/scripts/minijuego 8/botonbatidora.cs in SourceAssetDB has modification time of '2026-07-15T16:18:20Z' while content on disk has modification time of '2026-07-15T16:18:59Z'
Number of updated asset objects reloaded before import = 0Number of asset objects unloaded after import = 0

========================================================================
Received Import Request.
  Time since last request: 0.066182 seconds.
  path: Assets/Scripts/Minijuego 8/BotonBatidora.cs
  artifactKey: Guid(e91d731bbe11c4551a118c6ba60a92bb) Importer(815301076,1909f56bfc062723c751e8b465ee728b)
Start importing Assets/Scripts/Minijuego 8/BotonBatidora.cs using Guid(e91d731bbe11c4551a118c6ba60a92bb) Importer(815301076,1909f56bfc062723c751e8b465ee728b) (PreviewImporter) -> (artifact id: '00000000000000000000000000000000') in 0.000561708 seconds
Import Error Code:(4)
Message: Build asset version error: assets/scripts/minijuego 8/botonbatidora.cs in SourceAssetDB has modification time of '2026-07-15T16:18:20Z' while content on disk has modification time of '2026-07-15T16:18:59Z'
  ERROR: Build asset version error: assets/scripts/minijuego 8/botonbatidora.cs in SourceAssetDB has modification time of '2026-07-15T16:18:20Z' while content on disk has modification time of '2026-07-15T16:18:59Z'
Number of updated asset objects reloaded before import = 0Number of asset objects unloaded after import = 0

========================================================================
Received Import Request.
  Time since last request: 0.063342 seconds.
  path: Assets/Scripts/Minijuego 8/BotonBatidora.cs
  artifactKey: Guid(e91d731bbe11c4551a118c6ba60a92bb) Importer(815301076,1909f56bfc062723c751e8b465ee728b)
Start importing Assets/Scripts/Minijuego 8/BotonBatidora.cs using Guid(e91d731bbe11c4551a118c6ba60a92bb) Importer(815301076,1909f56bfc062723c751e8b465ee728b) (PreviewImporter) -> (artifact id: '00000000000000000000000000000000') in 0.000537584 seconds
Import Error Code:(4)
Message: Build asset version error: assets/scripts/minijuego 8/botonbatidora.cs in SourceAssetDB has modification time of '2026-07-15T16:18:20Z' while content on disk has modification time of '2026-07-15T16:18:59Z'
  ERROR: Build asset version error: assets/scripts/minijuego 8/botonbatidora.cs in SourceAssetDB has modification time of '2026-07-15T16:18:20Z' while content on disk has modification time of '2026-07-15T16:18:59Z'
Number of updated asset objects reloaded before import = 0Number of asset objects unloaded after import = 0

========================================================================
Received Import Request.
  Time since last request: 0.168906 seconds.
  path: Assets/Scripts/Minijuego 8/BotonBatidora.cs
  artifactKey: Guid(e91d731bbe11c4551a118c6ba60a92bb) Importer(815301076,1909f56bfc062723c751e8b465ee728b)
Start importing Assets/Scripts/Minijuego 8/BotonBatidora.cs using Guid(e91d731bbe11c4551a118c6ba60a92bb) Importer(815301076,1909f56bfc062723c751e8b465ee728b) (PreviewImporter) -> (artifact id: '00000000000000000000000000000000') in 0.000670875 seconds
Import Error Code:(4)
Message: Build asset version error: assets/scripts/minijuego 8/botonbatidora.cs in SourceAssetDB has modification time of '2026-07-15T16:18:20Z' while content on disk has modification time of '2026-07-15T16:18:59Z'
  ERROR: Build asset version error: assets/scripts/minijuego 8/botonbatidora.cs in SourceAssetDB has modification time of '2026-07-15T16:18:20Z' while content on disk has modification time of '2026-07-15T16:18:59Z'
Number of updated asset objects reloaded before import = 0Number of asset objects unloaded after import = 0

========================================================================
Received Import Request.
  Time since last request: 0.156242 seconds.
  path: Assets/Scripts/Minijuego 8/BotonBatidora.cs
  artifactKey: Guid(e91d731bbe11c4551a118c6ba60a92bb) Importer(815301076,1909f56bfc062723c751e8b465ee728b)
Start importing Assets/Scripts/Minijuego 8/BotonBatidora.cs using Guid(e91d731bbe11c4551a118c6ba60a92bb) Importer(815301076,1909f56bfc062723c751e8b465ee728b) (PreviewImporter) -> (artifact id: '00000000000000000000000000000000') in 0.0008425 seconds
Import Error Code:(4)
Message: Build asset version error: assets/scripts/minijuego 8/botonbatidora.cs in SourceAssetDB has modification time of '2026-07-15T16:18:20Z' while content on disk has modification time of '2026-07-15T16:18:59Z'
  ERROR: Build asset version error: assets/scripts/minijuego 8/botonbatidora.cs in SourceAssetDB has modification time of '2026-07-15T16:18:20Z' while content on disk has modification time of '2026-07-15T16:18:59Z'
Number of updated asset objects reloaded before import = 0Number of asset objects unloaded after import = 0

========================================================================
Received Import Request.
  Time since last request: 0.058625 seconds.
  path: Assets/Scripts/Minijuego 8/BotonBatidora.cs
  artifactKey: Guid(e91d731bbe11c4551a118c6ba60a92bb) Importer(815301076,1909f56bfc062723c751e8b465ee728b)
Start importing Assets/Scripts/Minijuego 8/BotonBatidora.cs using Guid(e91d731bbe11c4551a118c6ba60a92bb) Importer(815301076,1909f56bfc062723c751e8b465ee728b) (PreviewImporter) -> (artifact id: '00000000000000000000000000000000') in 0.00055825 seconds
Import Error Code:(4)
Message: Build asset version error: assets/scripts/minijuego 8/botonbatidora.cs in SourceAssetDB has modification time of '2026-07-15T16:18:20Z' while content on disk has modification time of '2026-07-15T16:18:59Z'
  ERROR: Build asset version error: assets/scripts/minijuego 8/botonbatidora.cs in SourceAssetDB has modification time of '2026-07-15T16:18:20Z' while content on disk has modification time of '2026-07-15T16:18:59Z'
Number of updated asset objects reloaded before import = 0Number of asset objects unloaded after import = 0

========================================================================
Received Import Request.
  Time since last request: 0.060084 seconds.
  path: Assets/Scripts/Minijuego 8/BotonBatidora.cs
  artifactKey: Guid(e91d731bbe11c4551a118c6ba60a92bb) Importer(815301076,1909f56bfc062723c751e8b465ee728b)
Start importing Assets/Scripts/Minijuego 8/BotonBatidora.cs using Guid(e91d731bbe11c4551a118c6ba60a92bb) Importer(815301076,1909f56bfc062723c751e8b465ee728b) (PreviewImporter) -> (artifact id: '00000000000000000000000000000000') in 0.000532917 seconds
Import Error Code:(4)
Message: Build asset version error: assets/scripts/minijuego 8/botonbatidora.cs in SourceAssetDB has modification time of '2026-07-15T16:18:20Z' while content on disk has modification time of '2026-07-15T16:18:59Z'
  ERROR: Build asset version error: assets/scripts/minijuego 8/botonbatidora.cs in SourceAssetDB has modification time of '2026-07-15T16:18:20Z' while content on disk has modification time of '2026-07-15T16:18:59Z'
Number of updated asset objects reloaded before import = 0Number of asset objects unloaded after import = 0

========================================================================
Received Import Request.
  Time since last request: 0.172648 seconds.
  path: Assets/Scripts/Minijuego 8/BotonBatidora.cs
  artifactKey: Guid(e91d731bbe11c4551a118c6ba60a92bb) Importer(815301076,1909f56bfc062723c751e8b465ee728b)
Start importing Assets/Scripts/Minijuego 8/BotonBatidora.cs using Guid(e91d731bbe11c4551a118c6ba60a92bb) Importer(815301076,1909f56bfc062723c751e8b465ee728b) (PreviewImporter) -> (artifact id: '00000000000000000000000000000000') in 0.000721917 seconds
Import Error Code:(4)
Message: Build asset version error: assets/scripts/minijuego 8/botonbatidora.cs in SourceAssetDB has modification time of '2026-07-15T16:18:20Z' while content on disk has modification time of '2026-07-15T16:18:59Z'
  ERROR: Build asset version error: assets/scripts/minijuego 8/botonbatidora.cs in SourceAssetDB has modification time of '2026-07-15T16:18:20Z' while content on disk has modification time of '2026-07-15T16:18:59Z'
Number of updated asset objects reloaded before import = 0Number of asset objects unloaded after import = 0

========================================================================
Received Import Request.
  Time since last request: 0.145854 seconds.
  path: Assets/Scripts/Minijuego 8/BotonBatidora.cs
  artifactKey: Guid(e91d731bbe11c4551a118c6ba60a92bb) Importer(815301076,1909f56bfc062723c751e8b465ee728b)
Start importing Assets/Scripts/Minijuego 8/BotonBatidora.cs using Guid(e91d731bbe11c4551a118c6ba60a92bb) Importer(815301076,1909f56bfc062723c751e8b465ee728b) (PreviewImporter) -> (artifact id: '00000000000000000000000000000000') in 0.000504542 seconds
Import Error Code:(4)
Message: Build asset version error: assets/scripts/minijuego 8/botonbatidora.cs in SourceAssetDB has modification time of '2026-07-15T16:18:20Z' while content on disk has modification time of '2026-07-15T16:18:59Z'
  ERROR: Build asset version error: assets/scripts/minijuego 8/botonbatidora.cs in SourceAssetDB has modification time of '2026-07-15T16:18:20Z' while content on disk has modification time of '2026-07-15T16:18:59Z'
Number of updated asset objects reloaded before import = 0Number of asset objects unloaded after import = 0

========================================================================
Received Import Request.
  Time since last request: 0.161119 seconds.
  path: Assets/Scripts/Minijuego 8/BotonBatidora.cs
  artifactKey: Guid(e91d731bbe11c4551a118c6ba60a92bb) Importer(815301076,1909f56bfc062723c751e8b465ee728b)
Start importing Assets/Scripts/Minijuego 8/BotonBatidora.cs using Guid(e91d731bbe11c4551a118c6ba60a92bb) Importer(815301076,1909f56bfc062723c751e8b465ee728b) (PreviewImporter) -> (artifact id: '00000000000000000000000000000000') in 0.000489458 seconds
Import Error Code:(4)
Message: Build asset version error: assets/scripts/minijuego 8/botonbatidora.cs in SourceAssetDB has modification time of '2026-07-15T16:18:20Z' while content on disk has modification time of '2026-07-15T16:18:59Z'
  ERROR: Build asset version error: assets/scripts/minijuego 8/botonbatidora.cs in SourceAssetDB has modification time of '2026-07-15T16:18:20Z' while content on disk has modification time of '2026-07-15T16:18:59Z'
Number of updated asset objects reloaded before import = 0Number of asset objects unloaded after import = 0

========================================================================
Received Import Request.
  Time since last request: 0.065724 seconds.
  path: Assets/Scripts/Minijuego 8/BotonBatidora.cs
  artifactKey: Guid(e91d731bbe11c4551a118c6ba60a92bb) Importer(815301076,1909f56bfc062723c751e8b465ee728b)
Start importing Assets/Scripts/Minijuego 8/BotonBatidora.cs using Guid(e91d731bbe11c4551a118c6ba60a92bb) Importer(815301076,1909f56bfc062723c751e8b465ee728b) (PreviewImporter) -> (artifact id: '00000000000000000000000000000000') in 0.000452 seconds
Import Error Code:(4)
Message: Build asset version error: assets/scripts/minijuego 8/botonbatidora.cs in SourceAssetDB has modification time of '2026-07-15T16:18:20Z' while content on disk has modification time of '2026-07-15T16:19:02Z'
  ERROR: Build asset version error: assets/scripts/minijuego 8/botonbatidora.cs in SourceAssetDB has modification time of '2026-07-15T16:18:20Z' while content on disk has modification time of '2026-07-15T16:19:02Z'
Number of updated asset objects reloaded before import = 0Number of asset objects unloaded after import = 0

========================================================================
Received Import Request.
  Time since last request: 0.167518 seconds.
  path: Assets/Scripts/Minijuego 8/BotonBatidora.cs
  artifactKey: Guid(e91d731bbe11c4551a118c6ba60a92bb) Importer(815301076,1909f56bfc062723c751e8b465ee728b)
Start importing Assets/Scripts/Minijuego 8/BotonBatidora.cs using Guid(e91d731bbe11c4551a118c6ba60a92bb) Importer(815301076,1909f56bfc062723c751e8b465ee728b) (PreviewImporter) -> (artifact id: '00000000000000000000000000000000') in 0.000650458 seconds
Import Error Code:(4)
Message: Build asset version error: assets/scripts/minijuego 8/botonbatidora.cs in SourceAssetDB has modification time of '2026-07-15T16:18:20Z' while content on disk has modification time of '2026-07-15T16:19:02Z'
  ERROR: Build asset version error: assets/scripts/minijuego 8/botonbatidora.cs in SourceAssetDB has modification time of '2026-07-15T16:18:20Z' while content on disk has modification time of '2026-07-15T16:19:02Z'
Number of updated asset objects reloaded before import = 0Number of asset objects unloaded after import = 0

========================================================================
Received Import Request.
  Time since last request: 0.153526 seconds.
  path: Assets/Scripts/Minijuego 8/BotonBatidora.cs
  artifactKey: Guid(e91d731bbe11c4551a118c6ba60a92bb) Importer(815301076,1909f56bfc062723c751e8b465ee728b)
Start importing Assets/Scripts/Minijuego 8/BotonBatidora.cs using Guid(e91d731bbe11c4551a118c6ba60a92bb) Importer(815301076,1909f56bfc062723c751e8b465ee728b) (PreviewImporter) -> (artifact id: '00000000000000000000000000000000') in 0.000653416 seconds
Import Error Code:(4)
Message: Build asset version error: assets/scripts/minijuego 8/botonbatidora.cs in SourceAssetDB has modification time of '2026-07-15T16:18:20Z' while content on disk has modification time of '2026-07-15T16:19:02Z'
  ERROR: Build asset version error: assets/scripts/minijuego 8/botonbatidora.cs in SourceAssetDB has modification time of '2026-07-15T16:18:20Z' while content on disk has modification time of '2026-07-15T16:19:02Z'
Number of updated asset objects reloaded before import = 0Number of asset objects unloaded after import = 0

========================================================================
Received Import Request.
  Time since last request: 0.059684 seconds.
  path: Assets/Scripts/Minijuego 8/BotonBatidora.cs
  artifactKey: Guid(e91d731bbe11c4551a118c6ba60a92bb) Importer(815301076,1909f56bfc062723c751e8b465ee728b)
Start importing Assets/Scripts/Minijuego 8/BotonBatidora.cs using Guid(e91d731bbe11c4551a118c6ba60a92bb) Importer(815301076,1909f56bfc062723c751e8b465ee728b) (PreviewImporter) -> (artifact id: '00000000000000000000000000000000') in 0.000588583 seconds
Import Error Code:(4)
Message: Build asset version error: assets/scripts/minijuego 8/botonbatidora.cs in SourceAssetDB has modification time of '2026-07-15T16:18:20Z' while content on disk has modification time of '2026-07-15T16:19:02Z'
  ERROR: Build asset version error: assets/scripts/minijuego 8/botonbatidora.cs in SourceAssetDB has modification time of '2026-07-15T16:18:20Z' while content on disk has modification time of '2026-07-15T16:19:02Z'
Number of updated asset objects reloaded before import = 0Number of asset objects unloaded after import = 0

========================================================================
Received Import Request.
  Time since last request: 0.060624 seconds.
  path: Assets/Scripts/Minijuego 8/BotonBatidora.cs
  artifactKey: Guid(e91d731bbe11c4551a118c6ba60a92bb) Importer(815301076,1909f56bfc062723c751e8b465ee728b)
Start importing Assets/Scripts/Minijuego 8/BotonBatidora.cs using Guid(e91d731bbe11c4551a118c6ba60a92bb) Importer(815301076,1909f56bfc062723c751e8b465ee728b) (PreviewImporter) -> (artifact id: '00000000000000000000000000000000') in 0.000455209 seconds
Import Error Code:(4)
Message: Build asset version error: assets/scripts/minijuego 8/botonbatidora.cs in SourceAssetDB has modification time of '2026-07-15T16:18:20Z' while content on disk has modification time of '2026-07-15T16:19:02Z'
  ERROR: Build asset version error: assets/scripts/minijuego 8/botonbatidora.cs in SourceAssetDB has modification time of '2026-07-15T16:18:20Z' while content on disk has modification time of '2026-07-15T16:19:02Z'
Number of updated asset objects reloaded before import = 0Number of asset objects unloaded after import = 0

========================================================================
Received Import Request.
  Time since last request: 0.168926 seconds.
  path: Assets/Scripts/Minijuego 8/BotonBatidora.cs
  artifactKey: Guid(e91d731bbe11c4551a118c6ba60a92bb) Importer(815301076,1909f56bfc062723c751e8b465ee728b)
Start importing Assets/Scripts/Minijuego 8/BotonBatidora.cs using Guid(e91d731bbe11c4551a118c6ba60a92bb) Importer(815301076,1909f56bfc062723c751e8b465ee728b) (PreviewImporter) -> (artifact id: '00000000000000000000000000000000') in 0.000748042 seconds
Import Error Code:(4)
Message: Build asset version error: assets/scripts/minijuego 8/botonbatidora.cs in SourceAssetDB has modification time of '2026-07-15T16:18:20Z' while content on disk has modification time of '2026-07-15T16:19:02Z'
  ERROR: Build asset version error: assets/scripts/minijuego 8/botonbatidora.cs in SourceAssetDB has modification time of '2026-07-15T16:18:20Z' while content on disk has modification time of '2026-07-15T16:19:02Z'
Number of updated asset objects reloaded before import = 0Number of asset objects unloaded after import = 0

========================================================================
Received Import Request.
  Time since last request: 0.057085 seconds.
  path: Assets/Scripts/Minijuego 8/BotonBatidora.cs
  artifactKey: Guid(e91d731bbe11c4551a118c6ba60a92bb) Importer(815301076,1909f56bfc062723c751e8b465ee728b)
Start importing Assets/Scripts/Minijuego 8/BotonBatidora.cs using Guid(e91d731bbe11c4551a118c6ba60a92bb) Importer(815301076,1909f56bfc062723c751e8b465ee728b) (PreviewImporter) -> (artifact id: '00000000000000000000000000000000') in 0.000532333 seconds
Import Error Code:(4)
Message: Build asset version error: assets/scripts/minijuego 8/botonbatidora.cs in SourceAssetDB has modification time of '2026-07-15T16:18:20Z' while content on disk has modification time of '2026-07-15T16:19:02Z'
  ERROR: Build asset version error: assets/scripts/minijuego 8/botonbatidora.cs in SourceAssetDB has modification time of '2026-07-15T16:18:20Z' while content on disk has modification time of '2026-07-15T16:19:02Z'
Number of updated asset objects reloaded before import = 0Number of asset objects unloaded after import = 0

========================================================================
Received Import Request.
  Time since last request: 0.062309 seconds.
  path: Assets/Scripts/Minijuego 8/BotonBatidora.cs
  artifactKey: Guid(e91d731bbe11c4551a118c6ba60a92bb) Importer(815301076,1909f56bfc062723c751e8b465ee728b)
Start importing Assets/Scripts/Minijuego 8/BotonBatidora.cs using Guid(e91d731bbe11c4551a118c6ba60a92bb) Importer(815301076,1909f56bfc062723c751e8b465ee728b) (PreviewImporter) -> (artifact id: '00000000000000000000000000000000') in 0.000450708 seconds
Import Error Code:(4)
Message: Build asset version error: assets/scripts/minijuego 8/botonbatidora.cs in SourceAssetDB has modification time of '2026-07-15T16:18:20Z' while content on disk has modification time of '2026-07-15T16:19:02Z'
  ERROR: Build asset version error: assets/scripts/minijuego 8/botonbatidora.cs in SourceAssetDB has modification time of '2026-07-15T16:18:20Z' while content on disk has modification time of '2026-07-15T16:19:02Z'
Number of updated asset objects reloaded before import = 0Number of asset objects unloaded after import = 0

========================================================================
Received Import Request.
  Time since last request: 0.169297 seconds.
  path: Assets/Scripts/Minijuego 8/BotonBatidora.cs
  artifactKey: Guid(e91d731bbe11c4551a118c6ba60a92bb) Importer(815301076,1909f56bfc062723c751e8b465ee728b)
Start importing Assets/Scripts/Minijuego 8/BotonBatidora.cs using Guid(e91d731bbe11c4551a118c6ba60a92bb) Importer(815301076,1909f56bfc062723c751e8b465ee728b) (PreviewImporter) -> (artifact id: '00000000000000000000000000000000') in 0.000806333 seconds
Import Error Code:(4)
Message: Build asset version error: assets/scripts/minijuego 8/botonbatidora.cs in SourceAssetDB has modification time of '2026-07-15T16:18:20Z' while content on disk has modification time of '2026-07-15T16:19:02Z'
  ERROR: Build asset version error: assets/scripts/minijuego 8/botonbatidora.cs in SourceAssetDB has modification time of '2026-07-15T16:18:20Z' while content on disk has modification time of '2026-07-15T16:19:02Z'
Number of updated asset objects reloaded before import = 0Number of asset objects unloaded after import = 0

========================================================================
Received Import Request.
  Time since last request: 0.055877 seconds.
  path: Assets/Scripts/Minijuego 8/BotonBatidora.cs
  artifactKey: Guid(e91d731bbe11c4551a118c6ba60a92bb) Importer(815301076,1909f56bfc062723c751e8b465ee728b)
Start importing Assets/Scripts/Minijuego 8/BotonBatidora.cs using Guid(e91d731bbe11c4551a118c6ba60a92bb) Importer(815301076,1909f56bfc062723c751e8b465ee728b) (PreviewImporter) -> (artifact id: '00000000000000000000000000000000') in 0.0006125 seconds
Import Error Code:(4)
Message: Build asset version error: assets/scripts/minijuego 8/botonbatidora.cs in SourceAssetDB has modification time of '2026-07-15T16:18:20Z' while content on disk has modification time of '2026-07-15T16:19:02Z'
  ERROR: Build asset version error: assets/scripts/minijuego 8/botonbatidora.cs in SourceAssetDB has modification time of '2026-07-15T16:18:20Z' while content on disk has modification time of '2026-07-15T16:19:02Z'
Number of updated asset objects reloaded before import = 0Number of asset objects unloaded after import = 0

========================================================================
Received Import Request.
  Time since last request: 0.163412 seconds.
  path: Assets/Scripts/Minijuego 8/BotonBatidora.cs
  artifactKey: Guid(e91d731bbe11c4551a118c6ba60a92bb) Importer(815301076,1909f56bfc062723c751e8b465ee728b)
Start importing Assets/Scripts/Minijuego 8/BotonBatidora.cs using Guid(e91d731bbe11c4551a118c6ba60a92bb) Importer(815301076,1909f56bfc062723c751e8b465ee728b) (PreviewImporter) -> (artifact id: '00000000000000000000000000000000') in 0.000662208 seconds
Import Error Code:(4)
Message: Build asset version error: assets/scripts/minijuego 8/botonbatidora.cs in SourceAssetDB has modification time of '2026-07-15T16:18:20Z' while content on disk has modification time of '2026-07-15T16:19:02Z'
  ERROR: Build asset version error: assets/scripts/minijuego 8/botonbatidora.cs in SourceAssetDB has modification time of '2026-07-15T16:18:20Z' while content on disk has modification time of '2026-07-15T16:19:02Z'
Number of updated asset objects reloaded before import = 0Number of asset objects unloaded after import = 0

========================================================================
Received Import Request.
  Time since last request: 0.157458 seconds.
  path: Assets/Scripts/Minijuego 8/BotonBatidora.cs
  artifactKey: Guid(e91d731bbe11c4551a118c6ba60a92bb) Importer(815301076,1909f56bfc062723c751e8b465ee728b)
Start importing Assets/Scripts/Minijuego 8/BotonBatidora.cs using Guid(e91d731bbe11c4551a118c6ba60a92bb) Importer(815301076,1909f56bfc062723c751e8b465ee728b) (PreviewImporter) -> (artifact id: '00000000000000000000000000000000') in 0.000675167 seconds
Import Error Code:(4)
Message: Build asset version error: assets/scripts/minijuego 8/botonbatidora.cs in SourceAssetDB has modification time of '2026-07-15T16:18:20Z' while content on disk has modification time of '2026-07-15T16:19:02Z'
  ERROR: Build asset version error: assets/scripts/minijuego 8/botonbatidora.cs in SourceAssetDB has modification time of '2026-07-15T16:18:20Z' while content on disk has modification time of '2026-07-15T16:19:02Z'
Number of updated asset objects reloaded before import = 0Number of asset objects unloaded after import = 0

========================================================================
Received Import Request.
  Time since last request: 0.058737 seconds.
  path: Assets/Scripts/Minijuego 8/BotonBatidora.cs
  artifactKey: Guid(e91d731bbe11c4551a118c6ba60a92bb) Importer(815301076,1909f56bfc062723c751e8b465ee728b)
Start importing Assets/Scripts/Minijuego 8/BotonBatidora.cs using Guid(e91d731bbe11c4551a118c6ba60a92bb) Importer(815301076,1909f56bfc062723c751e8b465ee728b) (PreviewImporter) -> (artifact id: '00000000000000000000000000000000') in 0.000565125 seconds
Import Error Code:(4)
Message: Build asset version error: assets/scripts/minijuego 8/botonbatidora.cs in SourceAssetDB has modification time of '2026-07-15T16:18:20Z' while content on disk has modification time of '2026-07-15T16:19:02Z'
  ERROR: Build asset version error: assets/scripts/minijuego 8/botonbatidora.cs in SourceAssetDB has modification time of '2026-07-15T16:18:20Z' while content on disk has modification time of '2026-07-15T16:19:02Z'
Number of updated asset objects reloaded before import = 0Number of asset objects unloaded after import = 0

========================================================================
Received Import Request.
  Time since last request: 0.162224 seconds.
  path: Assets/Scripts/Minijuego 8/BotonBatidora.cs
  artifactKey: Guid(e91d731bbe11c4551a118c6ba60a92bb) Importer(815301076,1909f56bfc062723c751e8b465ee728b)
Start importing Assets/Scripts/Minijuego 8/BotonBatidora.cs using Guid(e91d731bbe11c4551a118c6ba60a92bb) Importer(815301076,1909f56bfc062723c751e8b465ee728b) (PreviewImporter) -> (artifact id: '00000000000000000000000000000000') in 0.000640417 seconds
Import Error Code:(4)
Message: Build asset version error: assets/scripts/minijuego 8/botonbatidora.cs in SourceAssetDB has modification time of '2026-07-15T16:18:20Z' while content on disk has modification time of '2026-07-15T16:19:02Z'
  ERROR: Build asset version error: assets/scripts/minijuego 8/botonbatidora.cs in SourceAssetDB has modification time of '2026-07-15T16:18:20Z' while content on disk has modification time of '2026-07-15T16:19:02Z'
Number of updated asset objects reloaded before import = 0Number of asset objects unloaded after import = 0

========================================================================
Received Import Request.
  Time since last request: 0.155509 seconds.
  path: Assets/Scripts/Minijuego 8/BotonBatidora.cs
  artifactKey: Guid(e91d731bbe11c4551a118c6ba60a92bb) Importer(815301076,1909f56bfc062723c751e8b465ee728b)
Start importing Assets/Scripts/Minijuego 8/BotonBatidora.cs using Guid(e91d731bbe11c4551a118c6ba60a92bb) Importer(815301076,1909f56bfc062723c751e8b465ee728b) (PreviewImporter) -> (artifact id: '00000000000000000000000000000000') in 0.000619875 seconds
Import Error Code:(4)
Message: Build asset version error: assets/scripts/minijuego 8/botonbatidora.cs in SourceAssetDB has modification time of '2026-07-15T16:18:20Z' while content on disk has modification time of '2026-07-15T16:19:02Z'
  ERROR: Build asset version error: assets/scripts/minijuego 8/botonbatidora.cs in SourceAssetDB has modification time of '2026-07-15T16:18:20Z' while content on disk has modification time of '2026-07-15T16:19:02Z'
Number of updated asset objects reloaded before import = 0Number of asset objects unloaded after import = 0

========================================================================
Received Import Request.
  Time since last request: 0.161263 seconds.
  path: Assets/Scripts/Minijuego 8/BotonBatidora.cs
  artifactKey: Guid(e91d731bbe11c4551a118c6ba60a92bb) Importer(815301076,1909f56bfc062723c751e8b465ee728b)
Start importing Assets/Scripts/Minijuego 8/BotonBatidora.cs using Guid(e91d731bbe11c4551a118c6ba60a92bb) Importer(815301076,1909f56bfc062723c751e8b465ee728b) (PreviewImporter) -> (artifact id: '00000000000000000000000000000000') in 0.00054875 seconds
Import Error Code:(4)
Message: Build asset version error: assets/scripts/minijuego 8/botonbatidora.cs in SourceAssetDB has modification time of '2026-07-15T16:18:20Z' while content on disk has modification time of '2026-07-15T16:19:02Z'
  ERROR: Build asset version error: assets/scripts/minijuego 8/botonbatidora.cs in SourceAssetDB has modification time of '2026-07-15T16:18:20Z' while content on disk has modification time of '2026-07-15T16:19:02Z'
Number of updated asset objects reloaded before import = 0Number of asset objects unloaded after import = 0

========================================================================
Received Import Request.
  Time since last request: 0.161300 seconds.
  path: Assets/Scripts/Minijuego 8/BotonBatidora.cs
  artifactKey: Guid(e91d731bbe11c4551a118c6ba60a92bb) Importer(815301076,1909f56bfc062723c751e8b465ee728b)
Start importing Assets/Scripts/Minijuego 8/BotonBatidora.cs using Guid(e91d731bbe11c4551a118c6ba60a92bb) Importer(815301076,1909f56bfc062723c751e8b465ee728b) (PreviewImporter) -> (artifact id: '00000000000000000000000000000000') in 0.000724459 seconds
Import Error Code:(4)
Message: Build asset version error: assets/scripts/minijuego 8/botonbatidora.cs in SourceAssetDB has modification time of '2026-07-15T16:18:20Z' while content on disk has modification time of '2026-07-15T16:19:02Z'
  ERROR: Build asset version error: assets/scripts/minijuego 8/botonbatidora.cs in SourceAssetDB has modification time of '2026-07-15T16:18:20Z' while content on disk has modification time of '2026-07-15T16:19:02Z'
Number of updated asset objects reloaded before import = 0Number of asset objects unloaded after import = 0

========================================================================
Received Import Request.
  Time since last request: 0.058773 seconds.
  path: Assets/Scripts/Minijuego 8/BotonBatidora.cs
  artifactKey: Guid(e91d731bbe11c4551a118c6ba60a92bb) Importer(815301076,1909f56bfc062723c751e8b465ee728b)
Start importing Assets/Scripts/Minijuego 8/BotonBatidora.cs using Guid(e91d731bbe11c4551a118c6ba60a92bb) Importer(815301076,1909f56bfc062723c751e8b465ee728b) (PreviewImporter) -> (artifact id: '00000000000000000000000000000000') in 0.000618167 seconds
Import Error Code:(4)
Message: Build asset version error: assets/scripts/minijuego 8/botonbatidora.cs in SourceAssetDB has modification time of '2026-07-15T16:18:20Z' while content on disk has modification time of '2026-07-15T16:19:02Z'
  ERROR: Build asset version error: assets/scripts/minijuego 8/botonbatidora.cs in SourceAssetDB has modification time of '2026-07-15T16:18:20Z' while content on disk has modification time of '2026-07-15T16:19:02Z'
Number of updated asset objects reloaded before import = 0Number of asset objects unloaded after import = 0

========================================================================
Received Import Request.
  Time since last request: 0.060316 seconds.
  path: Assets/Scripts/Minijuego 8/BotonBatidora.cs
  artifactKey: Guid(e91d731bbe11c4551a118c6ba60a92bb) Importer(815301076,1909f56bfc062723c751e8b465ee728b)
Start importing Assets/Scripts/Minijuego 8/BotonBatidora.cs using Guid(e91d731bbe11c4551a118c6ba60a92bb) Importer(815301076,1909f56bfc062723c751e8b465ee728b) (PreviewImporter) -> (artifact id: '00000000000000000000000000000000') in 0.000511792 seconds
Import Error Code:(4)
Message: Build asset version error: assets/scripts/minijuego 8/botonbatidora.cs in SourceAssetDB has modification time of '2026-07-15T16:18:20Z' while content on disk has modification time of '2026-07-15T16:19:02Z'
  ERROR: Build asset version error: assets/scripts/minijuego 8/botonbatidora.cs in SourceAssetDB has modification time of '2026-07-15T16:18:20Z' while content on disk has modification time of '2026-07-15T16:19:02Z'
Number of updated asset objects reloaded before import = 0Number of asset objects unloaded after import = 0

========================================================================
Received Import Request.
  Time since last request: 0.067737 seconds.
  path: Assets/Scripts/Minijuego 8/BotonBatidora.cs
  artifactKey: Guid(e91d731bbe11c4551a118c6ba60a92bb) Importer(815301076,1909f56bfc062723c751e8b465ee728b)
Start importing Assets/Scripts/Minijuego 8/BotonBatidora.cs using Guid(e91d731bbe11c4551a118c6ba60a92bb) Importer(815301076,1909f56bfc062723c751e8b465ee728b) (PreviewImporter) -> (artifact id: '00000000000000000000000000000000') in 0.000477583 seconds
Import Error Code:(4)
Message: Build asset version error: assets/scripts/minijuego 8/botonbatidora.cs in SourceAssetDB has modification time of '2026-07-15T16:18:20Z' while content on disk has modification time of '2026-07-15T16:19:02Z'
  ERROR: Build asset version error: assets/scripts/minijuego 8/botonbatidora.cs in SourceAssetDB has modification time of '2026-07-15T16:18:20Z' while content on disk has modification time of '2026-07-15T16:19:02Z'
Number of updated asset objects reloaded before import = 0Number of asset objects unloaded after import = 0

========================================================================
Received Import Request.
  Time since last request: 0.170882 seconds.
  path: Assets/Scripts/Minijuego 8/BotonBatidora.cs
  artifactKey: Guid(e91d731bbe11c4551a118c6ba60a92bb) Importer(815301076,1909f56bfc062723c751e8b465ee728b)
Start importing Assets/Scripts/Minijuego 8/BotonBatidora.cs using Guid(e91d731bbe11c4551a118c6ba60a92bb) Importer(815301076,1909f56bfc062723c751e8b465ee728b) (PreviewImporter) -> (artifact id: '00000000000000000000000000000000') in 0.000609167 seconds
Import Error Code:(4)
Message: Build asset version error: assets/scripts/minijuego 8/botonbatidora.cs in SourceAssetDB has modification time of '2026-07-15T16:18:20Z' while content on disk has modification time of '2026-07-15T16:19:02Z'
  ERROR: Build asset version error: assets/scripts/minijuego 8/botonbatidora.cs in SourceAssetDB has modification time of '2026-07-15T16:18:20Z' while content on disk has modification time of '2026-07-15T16:19:02Z'
Number of updated asset objects reloaded before import = 0Number of asset objects unloaded after import = 0

========================================================================
Received Import Request.
  Time since last request: 0.055258 seconds.
  path: Assets/Scripts/Minijuego 8/BotonBatidora.cs
  artifactKey: Guid(e91d731bbe11c4551a118c6ba60a92bb) Importer(815301076,1909f56bfc062723c751e8b465ee728b)
Start importing Assets/Scripts/Minijuego 8/BotonBatidora.cs using Guid(e91d731bbe11c4551a118c6ba60a92bb) Importer(815301076,1909f56bfc062723c751e8b465ee728b) (PreviewImporter) -> (artifact id: '00000000000000000000000000000000') in 0.000539083 seconds
Import Error Code:(4)
Message: Build asset version error: assets/scripts/minijuego 8/botonbatidora.cs in SourceAssetDB has modification time of '2026-07-15T16:18:20Z' while content on disk has modification time of '2026-07-15T16:19:02Z'
  ERROR: Build asset version error: assets/scripts/minijuego 8/botonbatidora.cs in SourceAssetDB has modification time of '2026-07-15T16:18:20Z' while content on disk has modification time of '2026-07-15T16:19:02Z'
Number of updated asset objects reloaded before import = 0Number of asset objects unloaded after import = 0

========================================================================
Received Import Request.
  Time since last request: 0.063357 seconds.
  path: Assets/Scripts/Minijuego 8/BotonBatidora.cs
  artifactKey: Guid(e91d731bbe11c4551a118c6ba60a92bb) Importer(815301076,1909f56bfc062723c751e8b465ee728b)
Start importing Assets/Scripts/Minijuego 8/BotonBatidora.cs using Guid(e91d731bbe11c4551a118c6ba60a92bb) Importer(815301076,1909f56bfc062723c751e8b465ee728b) (PreviewImporter) -> (artifact id: '00000000000000000000000000000000') in 0.000447167 seconds
Import Error Code:(4)
Message: Build asset version error: assets/scripts/minijuego 8/botonbatidora.cs in SourceAssetDB has modification time of '2026-07-15T16:18:20Z' while content on disk has modification time of '2026-07-15T16:19:02Z'
  ERROR: Build asset version error: assets/scripts/minijuego 8/botonbatidora.cs in SourceAssetDB has modification time of '2026-07-15T16:18:20Z' while content on disk has modification time of '2026-07-15T16:19:02Z'
Number of updated asset objects reloaded before import = 0Number of asset objects unloaded after import = 0

========================================================================
Received Import Request.
  Time since last request: 0.168130 seconds.
  path: Assets/Scripts/Minijuego 8/BotonBatidora.cs
  artifactKey: Guid(e91d731bbe11c4551a118c6ba60a92bb) Importer(815301076,1909f56bfc062723c751e8b465ee728b)
Start importing Assets/Scripts/Minijuego 8/BotonBatidora.cs using Guid(e91d731bbe11c4551a118c6ba60a92bb) Importer(815301076,1909f56bfc062723c751e8b465ee728b) (PreviewImporter) -> (artifact id: '00000000000000000000000000000000') in 0.000598625 seconds
Import Error Code:(4)
Message: Build asset version error: assets/scripts/minijuego 8/botonbatidora.cs in SourceAssetDB has modification time of '2026-07-15T16:18:20Z' while content on disk has modification time of '2026-07-15T16:19:02Z'
  ERROR: Build asset version error: assets/scripts/minijuego 8/botonbatidora.cs in SourceAssetDB has modification time of '2026-07-15T16:18:20Z' while content on disk has modification time of '2026-07-15T16:19:02Z'
Number of updated asset objects reloaded before import = 0Number of asset objects unloaded after import = 0

========================================================================
Received Import Request.
  Time since last request: 0.164038 seconds.
  path: Assets/Scripts/Minijuego 8/BotonBatidora.cs
  artifactKey: Guid(e91d731bbe11c4551a118c6ba60a92bb) Importer(815301076,1909f56bfc062723c751e8b465ee728b)
Start importing Assets/Scripts/Minijuego 8/BotonBatidora.cs using Guid(e91d731bbe11c4551a118c6ba60a92bb) Importer(815301076,1909f56bfc062723c751e8b465ee728b) (PreviewImporter) -> (artifact id: '00000000000000000000000000000000') in 0.000680292 seconds
Import Error Code:(4)
Message: Build asset version error: assets/scripts/minijuego 8/botonbatidora.cs in SourceAssetDB has modification time of '2026-07-15T16:18:20Z' while content on disk has modification time of '2026-07-15T16:19:02Z'
  ERROR: Build asset version error: assets/scripts/minijuego 8/botonbatidora.cs in SourceAssetDB has modification time of '2026-07-15T16:18:20Z' while content on disk has modification time of '2026-07-15T16:19:02Z'
Number of updated asset objects reloaded before import = 0Number of asset objects unloaded after import = 0

========================================================================
Received Import Request.
  Time since last request: 0.156713 seconds.
  path: Assets/Scripts/Minijuego 8/BotonBatidora.cs
  artifactKey: Guid(e91d731bbe11c4551a118c6ba60a92bb) Importer(815301076,1909f56bfc062723c751e8b465ee728b)
Start importing Assets/Scripts/Minijuego 8/BotonBatidora.cs using Guid(e91d731bbe11c4551a118c6ba60a92bb) Importer(815301076,1909f56bfc062723c751e8b465ee728b) (PreviewImporter) -> (artifact id: '00000000000000000000000000000000') in 0.00068775 seconds
Import Error Code:(4)
Message: Build asset version error: assets/scripts/minijuego 8/botonbatidora.cs in SourceAssetDB has modification time of '2026-07-15T16:18:20Z' while content on disk has modification time of '2026-07-15T16:19:02Z'
  ERROR: Build asset version error: assets/scripts/minijuego 8/botonbatidora.cs in SourceAssetDB has modification time of '2026-07-15T16:18:20Z' while content on disk has modification time of '2026-07-15T16:19:02Z'
Number of updated asset objects reloaded before import = 0Number of asset objects unloaded after import = 0

========================================================================
Received Import Request.
  Time since last request: 0.058595 seconds.
  path: Assets/Scripts/Minijuego 8/BotonBatidora.cs
  artifactKey: Guid(e91d731bbe11c4551a118c6ba60a92bb) Importer(815301076,1909f56bfc062723c751e8b465ee728b)
Start importing Assets/Scripts/Minijuego 8/BotonBatidora.cs using Guid(e91d731bbe11c4551a118c6ba60a92bb) Importer(815301076,1909f56bfc062723c751e8b465ee728b) (PreviewImporter) -> (artifact id: '00000000000000000000000000000000') in 0.000764833 seconds
Import Error Code:(4)
Message: Build asset version error: assets/scripts/minijuego 8/botonbatidora.cs in SourceAssetDB has modification time of '2026-07-15T16:18:20Z' while content on disk has modification time of '2026-07-15T16:19:02Z'
  ERROR: Build asset version error: assets/scripts/minijuego 8/botonbatidora.cs in SourceAssetDB has modification time of '2026-07-15T16:18:20Z' while content on disk has modification time of '2026-07-15T16:19:02Z'
Number of updated asset objects reloaded before import = 0Number of asset objects unloaded after import = 0

========================================================================
Received Import Request.
  Time since last request: 0.060049 seconds.
  path: Assets/Scripts/Minijuego 8/BotonBatidora.cs
  artifactKey: Guid(e91d731bbe11c4551a118c6ba60a92bb) Importer(815301076,1909f56bfc062723c751e8b465ee728b)
Start importing Assets/Scripts/Minijuego 8/BotonBatidora.cs using Guid(e91d731bbe11c4551a118c6ba60a92bb) Importer(815301076,1909f56bfc062723c751e8b465ee728b) (PreviewImporter) -> (artifact id: '00000000000000000000000000000000') in 0.000622917 seconds
Import Error Code:(4)
Message: Build asset version error: assets/scripts/minijuego 8/botonbatidora.cs in SourceAssetDB has modification time of '2026-07-15T16:18:20Z' while content on disk has modification time of '2026-07-15T16:19:02Z'
  ERROR: Build asset version error: assets/scripts/minijuego 8/botonbatidora.cs in SourceAssetDB has modification time of '2026-07-15T16:18:20Z' while content on disk has modification time of '2026-07-15T16:19:02Z'
Number of updated asset objects reloaded before import = 0Number of asset objects unloaded after import = 0

========================================================================
Received Import Request.
  Time since last request: 0.167217 seconds.
  path: Assets/Scripts/Minijuego 8/BotonBatidora.cs
  artifactKey: Guid(e91d731bbe11c4551a118c6ba60a92bb) Importer(815301076,1909f56bfc062723c751e8b465ee728b)
Start importing Assets/Scripts/Minijuego 8/BotonBatidora.cs using Guid(e91d731bbe11c4551a118c6ba60a92bb) Importer(815301076,1909f56bfc062723c751e8b465ee728b) (PreviewImporter) -> (artifact id: '00000000000000000000000000000000') in 0.000519667 seconds
Import Error Code:(4)
Message: Build asset version error: assets/scripts/minijuego 8/botonbatidora.cs in SourceAssetDB has modification time of '2026-07-15T16:18:20Z' while content on disk has modification time of '2026-07-15T16:19:02Z'
  ERROR: Build asset version error: assets/scripts/minijuego 8/botonbatidora.cs in SourceAssetDB has modification time of '2026-07-15T16:18:20Z' while content on disk has modification time of '2026-07-15T16:19:02Z'
Number of updated asset objects reloaded before import = 0Number of asset objects unloaded after import = 0

========================================================================
Received Import Request.
  Time since last request: 0.163879 seconds.
  path: Assets/Scripts/Minijuego 8/BotonBatidora.cs
  artifactKey: Guid(e91d731bbe11c4551a118c6ba60a92bb) Importer(815301076,1909f56bfc062723c751e8b465ee728b)
Start importing Assets/Scripts/Minijuego 8/BotonBatidora.cs using Guid(e91d731bbe11c4551a118c6ba60a92bb) Importer(815301076,1909f56bfc062723c751e8b465ee728b) (PreviewImporter) -> (artifact id: '00000000000000000000000000000000') in 0.000654125 seconds
Import Error Code:(4)
Message: Build asset version error: assets/scripts/minijuego 8/botonbatidora.cs in SourceAssetDB has modification time of '2026-07-15T16:18:20Z' while content on disk has modification time of '2026-07-15T16:19:02Z'
  ERROR: Build asset version error: assets/scripts/minijuego 8/botonbatidora.cs in SourceAssetDB has modification time of '2026-07-15T16:18:20Z' while content on disk has modification time of '2026-07-15T16:19:02Z'
Number of updated asset objects reloaded before import = 0Number of asset objects unloaded after import = 0

========================================================================
Received Import Request.
  Time since last request: 0.154686 seconds.
  path: Assets/Scripts/Minijuego 8/BotonBatidora.cs
  artifactKey: Guid(e91d731bbe11c4551a118c6ba60a92bb) Importer(815301076,1909f56bfc062723c751e8b465ee728b)
Start importing Assets/Scripts/Minijuego 8/BotonBatidora.cs using Guid(e91d731bbe11c4551a118c6ba60a92bb) Importer(815301076,1909f56bfc062723c751e8b465ee728b) (PreviewImporter) -> (artifact id: '00000000000000000000000000000000') in 0.00052375 seconds
Import Error Code:(4)
Message: Build asset version error: assets/scripts/minijuego 8/botonbatidora.cs in SourceAssetDB has modification time of '2026-07-15T16:18:20Z' while content on disk has modification time of '2026-07-15T16:19:02Z'
  ERROR: Build asset version error: assets/scripts/minijuego 8/botonbatidora.cs in SourceAssetDB has modification time of '2026-07-15T16:18:20Z' while content on disk has modification time of '2026-07-15T16:19:02Z'
Number of updated asset objects reloaded before import = 0Number of asset objects unloaded after import = 0

========================================================================
Received Import Request.
  Time since last request: 0.066772 seconds.
  path: Assets/Scripts/Minijuego 8/BotonBatidora.cs
  artifactKey: Guid(e91d731bbe11c4551a118c6ba60a92bb) Importer(815301076,1909f56bfc062723c751e8b465ee728b)
Start importing Assets/Scripts/Minijuego 8/BotonBatidora.cs using Guid(e91d731bbe11c4551a118c6ba60a92bb) Importer(815301076,1909f56bfc062723c751e8b465ee728b) (PreviewImporter) -> (artifact id: '00000000000000000000000000000000') in 0.00061775 seconds
Import Error Code:(4)
Message: Build asset version error: assets/scripts/minijuego 8/botonbatidora.cs in SourceAssetDB has modification time of '2026-07-15T16:18:20Z' while content on disk has modification time of '2026-07-15T16:19:02Z'
  ERROR: Build asset version error: assets/scripts/minijuego 8/botonbatidora.cs in SourceAssetDB has modification time of '2026-07-15T16:18:20Z' while content on disk has modification time of '2026-07-15T16:19:02Z'
Number of updated asset objects reloaded before import = 0Number of asset objects unloaded after import = 0

========================================================================
Received Import Request.
  Time since last request: 0.059565 seconds.
  path: Assets/Scripts/Minijuego 8/BotonBatidora.cs
  artifactKey: Guid(e91d731bbe11c4551a118c6ba60a92bb) Importer(815301076,1909f56bfc062723c751e8b465ee728b)
Start importing Assets/Scripts/Minijuego 8/BotonBatidora.cs using Guid(e91d731bbe11c4551a118c6ba60a92bb) Importer(815301076,1909f56bfc062723c751e8b465ee728b) (PreviewImporter) -> (artifact id: '00000000000000000000000000000000') in 0.000701041 seconds
Import Error Code:(4)
Message: Build asset version error: assets/scripts/minijuego 8/botonbatidora.cs in SourceAssetDB has modification time of '2026-07-15T16:18:20Z' while content on disk has modification time of '2026-07-15T16:19:02Z'
  ERROR: Build asset version error: assets/scripts/minijuego 8/botonbatidora.cs in SourceAssetDB has modification time of '2026-07-15T16:18:20Z' while content on disk has modification time of '2026-07-15T16:19:02Z'
Number of updated asset objects reloaded before import = 0Number of asset objects unloaded after import = 0

========================================================================
Received Import Request.
  Time since last request: 0.167721 seconds.
  path: Assets/Scripts/Minijuego 8/BotonBatidora.cs
  artifactKey: Guid(e91d731bbe11c4551a118c6ba60a92bb) Importer(815301076,1909f56bfc062723c751e8b465ee728b)
Start importing Assets/Scripts/Minijuego 8/BotonBatidora.cs using Guid(e91d731bbe11c4551a118c6ba60a92bb) Importer(815301076,1909f56bfc062723c751e8b465ee728b) (PreviewImporter) -> (artifact id: '00000000000000000000000000000000') in 0.000511458 seconds
Import Error Code:(4)
Message: Build asset version error: assets/scripts/minijuego 8/botonbatidora.cs in SourceAssetDB has modification time of '2026-07-15T16:18:20Z' while content on disk has modification time of '2026-07-15T16:19:02Z'
  ERROR: Build asset version error: assets/scripts/minijuego 8/botonbatidora.cs in SourceAssetDB has modification time of '2026-07-15T16:18:20Z' while content on disk has modification time of '2026-07-15T16:19:02Z'
Number of updated asset objects reloaded before import = 0Number of asset objects unloaded after import = 0

========================================================================
Received Import Request.
  Time since last request: 0.167931 seconds.
  path: Assets/Scripts/Minijuego 8/BotonBatidora.cs
  artifactKey: Guid(e91d731bbe11c4551a118c6ba60a92bb) Importer(815301076,1909f56bfc062723c751e8b465ee728b)
Start importing Assets/Scripts/Minijuego 8/BotonBatidora.cs using Guid(e91d731bbe11c4551a118c6ba60a92bb) Importer(815301076,1909f56bfc062723c751e8b465ee728b) (PreviewImporter) -> (artifact id: '00000000000000000000000000000000') in 0.000438542 seconds
Import Error Code:(4)
Message: Build asset version error: assets/scripts/minijuego 8/botonbatidora.cs in SourceAssetDB has modification time of '2026-07-15T16:18:20Z' while content on disk has modification time of '2026-07-15T16:19:02Z'
  ERROR: Build asset version error: assets/scripts/minijuego 8/botonbatidora.cs in SourceAssetDB has modification time of '2026-07-15T16:18:20Z' while content on disk has modification time of '2026-07-15T16:19:02Z'
Number of updated asset objects reloaded before import = 0Number of asset objects unloaded after import = 0

========================================================================
Received Import Request.
  Time since last request: 0.069841 seconds.
  path: Assets/Scripts/Minijuego 8/BotonBatidora.cs
  artifactKey: Guid(e91d731bbe11c4551a118c6ba60a92bb) Importer(815301076,1909f56bfc062723c751e8b465ee728b)
Start importing Assets/Scripts/Minijuego 8/BotonBatidora.cs using Guid(e91d731bbe11c4551a118c6ba60a92bb) Importer(815301076,1909f56bfc062723c751e8b465ee728b) (PreviewImporter) -> (artifact id: '00000000000000000000000000000000') in 0.000686084 seconds
Import Error Code:(4)
Message: Build asset version error: assets/scripts/minijuego 8/botonbatidora.cs in SourceAssetDB has modification time of '2026-07-15T16:18:20Z' while content on disk has modification time of '2026-07-15T16:19:02Z'
  ERROR: Build asset version error: assets/scripts/minijuego 8/botonbatidora.cs in SourceAssetDB has modification time of '2026-07-15T16:18:20Z' while content on disk has modification time of '2026-07-15T16:19:02Z'
Number of updated asset objects reloaded before import = 0Number of asset objects unloaded after import = 0

========================================================================
Received Import Request.
  Time since last request: 0.160709 seconds.
  path: Assets/Scripts/Minijuego 8/BotonBatidora.cs
  artifactKey: Guid(e91d731bbe11c4551a118c6ba60a92bb) Importer(815301076,1909f56bfc062723c751e8b465ee728b)
Start importing Assets/Scripts/Minijuego 8/BotonBatidora.cs using Guid(e91d731bbe11c4551a118c6ba60a92bb) Importer(815301076,1909f56bfc062723c751e8b465ee728b) (PreviewImporter) -> (artifact id: '00000000000000000000000000000000') in 0.000678417 seconds
Import Error Code:(4)
Message: Build asset version error: assets/scripts/minijuego 8/botonbatidora.cs in SourceAssetDB has modification time of '2026-07-15T16:18:20Z' while content on disk has modification time of '2026-07-15T16:19:02Z'
  ERROR: Build asset version error: assets/scripts/minijuego 8/botonbatidora.cs in SourceAssetDB has modification time of '2026-07-15T16:18:20Z' while content on disk has modification time of '2026-07-15T16:19:02Z'
Number of updated asset objects reloaded before import = 0Number of asset objects unloaded after import = 0

========================================================================
Received Import Request.
  Time since last request: 0.163275 seconds.
  path: Assets/Scripts/Minijuego 8/BotonBatidora.cs
  artifactKey: Guid(e91d731bbe11c4551a118c6ba60a92bb) Importer(815301076,1909f56bfc062723c751e8b465ee728b)
Start importing Assets/Scripts/Minijuego 8/BotonBatidora.cs using Guid(e91d731bbe11c4551a118c6ba60a92bb) Importer(815301076,1909f56bfc062723c751e8b465ee728b) (PreviewImporter) -> (artifact id: '00000000000000000000000000000000') in 0.000556375 seconds
Import Error Code:(4)
Message: Build asset version error: assets/scripts/minijuego 8/botonbatidora.cs in SourceAssetDB has modification time of '2026-07-15T16:18:20Z' while content on disk has modification time of '2026-07-15T16:19:02Z'
  ERROR: Build asset version error: assets/scripts/minijuego 8/botonbatidora.cs in SourceAssetDB has modification time of '2026-07-15T16:18:20Z' while content on disk has modification time of '2026-07-15T16:19:02Z'
Number of updated asset objects reloaded before import = 0Number of asset objects unloaded after import = 0

========================================================================
Received Import Request.
  Time since last request: 0.063846 seconds.
  path: Assets/Scripts/Minijuego 8/BotonBatidora.cs
  artifactKey: Guid(e91d731bbe11c4551a118c6ba60a92bb) Importer(815301076,1909f56bfc062723c751e8b465ee728b)
Start importing Assets/Scripts/Minijuego 8/BotonBatidora.cs using Guid(e91d731bbe11c4551a118c6ba60a92bb) Importer(815301076,1909f56bfc062723c751e8b465ee728b) (PreviewImporter) -> (artifact id: '00000000000000000000000000000000') in 0.000512625 seconds
Import Error Code:(4)
Message: Build asset version error: assets/scripts/minijuego 8/botonbatidora.cs in SourceAssetDB has modification time of '2026-07-15T16:18:20Z' while content on disk has modification time of '2026-07-15T16:19:02Z'
  ERROR: Build asset version error: assets/scripts/minijuego 8/botonbatidora.cs in SourceAssetDB has modification time of '2026-07-15T16:18:20Z' while content on disk has modification time of '2026-07-15T16:19:02Z'
Number of updated asset objects reloaded before import = 0Number of asset objects unloaded after import = 0

========================================================================
Received Import Request.
  Time since last request: 0.166177 seconds.
  path: Assets/Scripts/Minijuego 8/BotonBatidora.cs
  artifactKey: Guid(e91d731bbe11c4551a118c6ba60a92bb) Importer(815301076,1909f56bfc062723c751e8b465ee728b)
Start importing Assets/Scripts/Minijuego 8/BotonBatidora.cs using Guid(e91d731bbe11c4551a118c6ba60a92bb) Importer(815301076,1909f56bfc062723c751e8b465ee728b) (PreviewImporter) -> (artifact id: '00000000000000000000000000000000') in 0.000609333 seconds
Import Error Code:(4)
Message: Build asset version error: assets/scripts/minijuego 8/botonbatidora.cs in SourceAssetDB has modification time of '2026-07-15T16:18:20Z' while content on disk has modification time of '2026-07-15T16:19:02Z'
  ERROR: Build asset version error: assets/scripts/minijuego 8/botonbatidora.cs in SourceAssetDB has modification time of '2026-07-15T16:18:20Z' while content on disk has modification time of '2026-07-15T16:19:02Z'
Number of updated asset objects reloaded before import = 0Number of asset objects unloaded after import = 0

========================================================================
Received Import Request.
  Time since last request: 0.152216 seconds.
  path: Assets/Scripts/Minijuego 8/BotonBatidora.cs
  artifactKey: Guid(e91d731bbe11c4551a118c6ba60a92bb) Importer(815301076,1909f56bfc062723c751e8b465ee728b)
Start importing Assets/Scripts/Minijuego 8/BotonBatidora.cs using Guid(e91d731bbe11c4551a118c6ba60a92bb) Importer(815301076,1909f56bfc062723c751e8b465ee728b) (PreviewImporter) -> (artifact id: '00000000000000000000000000000000') in 0.000440333 seconds
Import Error Code:(4)
Message: Build asset version error: assets/scripts/minijuego 8/botonbatidora.cs in SourceAssetDB has modification time of '2026-07-15T16:18:20Z' while content on disk has modification time of '2026-07-15T16:19:02Z'
  ERROR: Build asset version error: assets/scripts/minijuego 8/botonbatidora.cs in SourceAssetDB has modification time of '2026-07-15T16:18:20Z' while content on disk has modification time of '2026-07-15T16:19:02Z'
Number of updated asset objects reloaded before import = 0Number of asset objects unloaded after import = 0

========================================================================
Received Import Request.
  Time since last request: 0.067387 seconds.
  path: Assets/Scripts/Minijuego 8/BotonBatidora.cs
  artifactKey: Guid(e91d731bbe11c4551a118c6ba60a92bb) Importer(815301076,1909f56bfc062723c751e8b465ee728b)
Start importing Assets/Scripts/Minijuego 8/BotonBatidora.cs using Guid(e91d731bbe11c4551a118c6ba60a92bb) Importer(815301076,1909f56bfc062723c751e8b465ee728b) (PreviewImporter) -> (artifact id: '00000000000000000000000000000000') in 0.000489583 seconds
Import Error Code:(4)
Message: Build asset version error: assets/scripts/minijuego 8/botonbatidora.cs in SourceAssetDB has modification time of '2026-07-15T16:18:20Z' while content on disk has modification time of '2026-07-15T16:19:02Z'
  ERROR: Build asset version error: assets/scripts/minijuego 8/botonbatidora.cs in SourceAssetDB has modification time of '2026-07-15T16:18:20Z' while content on disk has modification time of '2026-07-15T16:19:02Z'
Number of updated asset objects reloaded before import = 0Number of asset objects unloaded after import = 0

========================================================================
Received Import Request.
  Time since last request: 0.056065 seconds.
  path: Assets/Scripts/Minijuego 8/BotonBatidora.cs
  artifactKey: Guid(e91d731bbe11c4551a118c6ba60a92bb) Importer(815301076,1909f56bfc062723c751e8b465ee728b)
Start importing Assets/Scripts/Minijuego 8/BotonBatidora.cs using Guid(e91d731bbe11c4551a118c6ba60a92bb) Importer(815301076,1909f56bfc062723c751e8b465ee728b) (PreviewImporter) -> (artifact id: '00000000000000000000000000000000') in 0.000469334 seconds
Import Error Code:(4)
Message: Build asset version error: assets/scripts/minijuego 8/botonbatidora.cs in SourceAssetDB has modification time of '2026-07-15T16:18:20Z' while content on disk has modification time of '2026-07-15T16:19:02Z'
  ERROR: Build asset version error: assets/scripts/minijuego 8/botonbatidora.cs in SourceAssetDB has modification time of '2026-07-15T16:18:20Z' while content on disk has modification time of '2026-07-15T16:19:02Z'
Number of updated asset objects reloaded before import = 0Number of asset objects unloaded after import = 0

========================================================================
Received Import Request.
  Time since last request: 0.165556 seconds.
  path: Assets/Scripts/Minijuego 8/BotonBatidora.cs
  artifactKey: Guid(e91d731bbe11c4551a118c6ba60a92bb) Importer(815301076,1909f56bfc062723c751e8b465ee728b)
Start importing Assets/Scripts/Minijuego 8/BotonBatidora.cs using Guid(e91d731bbe11c4551a118c6ba60a92bb) Importer(815301076,1909f56bfc062723c751e8b465ee728b) (PreviewImporter) -> (artifact id: '00000000000000000000000000000000') in 0.000766042 seconds
Import Error Code:(4)
Message: Build asset version error: assets/scripts/minijuego 8/botonbatidora.cs in SourceAssetDB has modification time of '2026-07-15T16:18:20Z' while content on disk has modification time of '2026-07-15T16:19:02Z'
  ERROR: Build asset version error: assets/scripts/minijuego 8/botonbatidora.cs in SourceAssetDB has modification time of '2026-07-15T16:18:20Z' while content on disk has modification time of '2026-07-15T16:19:02Z'
Number of updated asset objects reloaded before import = 0Number of asset objects unloaded after import = 0

========================================================================
Received Import Request.
  Time since last request: 0.153549 seconds.
  path: Assets/Scripts/Minijuego 8/BotonBatidora.cs
  artifactKey: Guid(e91d731bbe11c4551a118c6ba60a92bb) Importer(815301076,1909f56bfc062723c751e8b465ee728b)
Start importing Assets/Scripts/Minijuego 8/BotonBatidora.cs using Guid(e91d731bbe11c4551a118c6ba60a92bb) Importer(815301076,1909f56bfc062723c751e8b465ee728b) (PreviewImporter) -> (artifact id: '00000000000000000000000000000000') in 0.000654584 seconds
Import Error Code:(4)
Message: Build asset version error: assets/scripts/minijuego 8/botonbatidora.cs in SourceAssetDB has modification time of '2026-07-15T16:18:20Z' while content on disk has modification time of '2026-07-15T16:19:02Z'
  ERROR: Build asset version error: assets/scripts/minijuego 8/botonbatidora.cs in SourceAssetDB has modification time of '2026-07-15T16:18:20Z' while content on disk has modification time of '2026-07-15T16:19:02Z'
Number of updated asset objects reloaded before import = 0Number of asset objects unloaded after import = 0

========================================================================
Received Import Request.
  Time since last request: 0.159471 seconds.
  path: Assets/Scripts/Minijuego 8/BotonBatidora.cs
  artifactKey: Guid(e91d731bbe11c4551a118c6ba60a92bb) Importer(815301076,1909f56bfc062723c751e8b465ee728b)
Start importing Assets/Scripts/Minijuego 8/BotonBatidora.cs using Guid(e91d731bbe11c4551a118c6ba60a92bb) Importer(815301076,1909f56bfc062723c751e8b465ee728b) (PreviewImporter) -> (artifact id: '00000000000000000000000000000000') in 0.000629208 seconds
Import Error Code:(4)
Message: Build asset version error: assets/scripts/minijuego 8/botonbatidora.cs in SourceAssetDB has modification time of '2026-07-15T16:18:20Z' while content on disk has modification time of '2026-07-15T16:19:02Z'
  ERROR: Build asset version error: assets/scripts/minijuego 8/botonbatidora.cs in SourceAssetDB has modification time of '2026-07-15T16:18:20Z' while content on disk has modification time of '2026-07-15T16:19:02Z'
Number of updated asset objects reloaded before import = 0Number of asset objects unloaded after import = 0

========================================================================
Received Import Request.
  Time since last request: 0.155419 seconds.
  path: Assets/Scripts/Minijuego 8/BotonBatidora.cs
  artifactKey: Guid(e91d731bbe11c4551a118c6ba60a92bb) Importer(815301076,1909f56bfc062723c751e8b465ee728b)
Start importing Assets/Scripts/Minijuego 8/BotonBatidora.cs using Guid(e91d731bbe11c4551a118c6ba60a92bb) Importer(815301076,1909f56bfc062723c751e8b465ee728b) (PreviewImporter) -> (artifact id: '00000000000000000000000000000000') in 0.000624667 seconds
Import Error Code:(4)
Message: Build asset version error: assets/scripts/minijuego 8/botonbatidora.cs in SourceAssetDB has modification time of '2026-07-15T16:18:20Z' while content on disk has modification time of '2026-07-15T16:19:02Z'
  ERROR: Build asset version error: assets/scripts/minijuego 8/botonbatidora.cs in SourceAssetDB has modification time of '2026-07-15T16:18:20Z' while content on disk has modification time of '2026-07-15T16:19:02Z'
Number of updated asset objects reloaded before import = 0Number of asset objects unloaded after import = 0

========================================================================
Received Import Request.
  Time since last request: 0.051322 seconds.
  path: Assets/Scripts/Minijuego 8/BotonBatidora.cs
  artifactKey: Guid(e91d731bbe11c4551a118c6ba60a92bb) Importer(815301076,1909f56bfc062723c751e8b465ee728b)
Start importing Assets/Scripts/Minijuego 8/BotonBatidora.cs using Guid(e91d731bbe11c4551a118c6ba60a92bb) Importer(815301076,1909f56bfc062723c751e8b465ee728b) (PreviewImporter) -> (artifact id: '00000000000000000000000000000000') in 0.000510083 seconds
Import Error Code:(4)
Message: Build asset version error: assets/scripts/minijuego 8/botonbatidora.cs in SourceAssetDB has modification time of '2026-07-15T16:18:20Z' while content on disk has modification time of '2026-07-15T16:19:02Z'
  ERROR: Build asset version error: assets/scripts/minijuego 8/botonbatidora.cs in SourceAssetDB has modification time of '2026-07-15T16:18:20Z' while content on disk has modification time of '2026-07-15T16:19:02Z'
Number of updated asset objects reloaded before import = 0Number of asset objects unloaded after import = 0

========================================================================
Received Import Request.
  Time since last request: 0.065153 seconds.
  path: Assets/Scripts/Minijuego 8/BotonBatidora.cs
  artifactKey: Guid(e91d731bbe11c4551a118c6ba60a92bb) Importer(815301076,1909f56bfc062723c751e8b465ee728b)
Start importing Assets/Scripts/Minijuego 8/BotonBatidora.cs using Guid(e91d731bbe11c4551a118c6ba60a92bb) Importer(815301076,1909f56bfc062723c751e8b465ee728b) (PreviewImporter) -> (artifact id: '00000000000000000000000000000000') in 0.000441292 seconds
Import Error Code:(4)
Message: Build asset version error: assets/scripts/minijuego 8/botonbatidora.cs in SourceAssetDB has modification time of '2026-07-15T16:18:20Z' while content on disk has modification time of '2026-07-15T16:19:02Z'
  ERROR: Build asset version error: assets/scripts/minijuego 8/botonbatidora.cs in SourceAssetDB has modification time of '2026-07-15T16:18:20Z' while content on disk has modification time of '2026-07-15T16:19:02Z'
Number of updated asset objects reloaded before import = 0Number of asset objects unloaded after import = 0

========================================================================
Received Import Request.
  Time since last request: 0.067400 seconds.
  path: Assets/Scripts/Minijuego 8/BotonBatidora.cs
  artifactKey: Guid(e91d731bbe11c4551a118c6ba60a92bb) Importer(815301076,1909f56bfc062723c751e8b465ee728b)
Start importing Assets/Scripts/Minijuego 8/BotonBatidora.cs using Guid(e91d731bbe11c4551a118c6ba60a92bb) Importer(815301076,1909f56bfc062723c751e8b465ee728b) (PreviewImporter) -> (artifact id: '00000000000000000000000000000000') in 0.000419541 seconds
Import Error Code:(4)
Message: Build asset version error: assets/scripts/minijuego 8/botonbatidora.cs in SourceAssetDB has modification time of '2026-07-15T16:18:20Z' while content on disk has modification time of '2026-07-15T16:19:02Z'
  ERROR: Build asset version error: assets/scripts/minijuego 8/botonbatidora.cs in SourceAssetDB has modification time of '2026-07-15T16:18:20Z' while content on disk has modification time of '2026-07-15T16:19:02Z'
Number of updated asset objects reloaded before import = 0Number of asset objects unloaded after import = 0

========================================================================
Received Import Request.
  Time since last request: 0.070153 seconds.
  path: Assets/Scripts/Minijuego 8/BotonBatidora.cs
  artifactKey: Guid(e91d731bbe11c4551a118c6ba60a92bb) Importer(815301076,1909f56bfc062723c751e8b465ee728b)
Start importing Assets/Scripts/Minijuego 8/BotonBatidora.cs using Guid(e91d731bbe11c4551a118c6ba60a92bb) Importer(815301076,1909f56bfc062723c751e8b465ee728b) (PreviewImporter) -> (artifact id: '00000000000000000000000000000000') in 0.000409291 seconds
Import Error Code:(4)
Message: Build asset version error: assets/scripts/minijuego 8/botonbatidora.cs in SourceAssetDB has modification time of '2026-07-15T16:18:20Z' while content on disk has modification time of '2026-07-15T16:19:02Z'
  ERROR: Build asset version error: assets/scripts/minijuego 8/botonbatidora.cs in SourceAssetDB has modification time of '2026-07-15T16:18:20Z' while content on disk has modification time of '2026-07-15T16:19:02Z'
Number of updated asset objects reloaded before import = 0Number of asset objects unloaded after import = 0

========================================================================
Received Import Request.
  Time since last request: 0.069323 seconds.
  path: Assets/Scripts/Minijuego 8/BotonBatidora.cs
  artifactKey: Guid(e91d731bbe11c4551a118c6ba60a92bb) Importer(815301076,1909f56bfc062723c751e8b465ee728b)
Start importing Assets/Scripts/Minijuego 8/BotonBatidora.cs using Guid(e91d731bbe11c4551a118c6ba60a92bb) Importer(815301076,1909f56bfc062723c751e8b465ee728b) (PreviewImporter) -> (artifact id: '00000000000000000000000000000000') in 0.000426542 seconds
Import Error Code:(4)
Message: Build asset version error: assets/scripts/minijuego 8/botonbatidora.cs in SourceAssetDB has modification time of '2026-07-15T16:18:20Z' while content on disk has modification time of '2026-07-15T16:19:02Z'
  ERROR: Build asset version error: assets/scripts/minijuego 8/botonbatidora.cs in SourceAssetDB has modification time of '2026-07-15T16:18:20Z' while content on disk has modification time of '2026-07-15T16:19:02Z'
Number of updated asset objects reloaded before import = 0Number of asset objects unloaded after import = 0

========================================================================
Received Import Request.
  Time since last request: 0.069438 seconds.
  path: Assets/Scripts/Minijuego 8/BotonBatidora.cs
  artifactKey: Guid(e91d731bbe11c4551a118c6ba60a92bb) Importer(815301076,1909f56bfc062723c751e8b465ee728b)
Start importing Assets/Scripts/Minijuego 8/BotonBatidora.cs using Guid(e91d731bbe11c4551a118c6ba60a92bb) Importer(815301076,1909f56bfc062723c751e8b465ee728b) (PreviewImporter) -> (artifact id: '00000000000000000000000000000000') in 0.00041575 seconds
Import Error Code:(4)
Message: Build asset version error: assets/scripts/minijuego 8/botonbatidora.cs in SourceAssetDB has modification time of '2026-07-15T16:18:20Z' while content on disk has modification time of '2026-07-15T16:19:02Z'
  ERROR: Build asset version error: assets/scripts/minijuego 8/botonbatidora.cs in SourceAssetDB has modification time of '2026-07-15T16:18:20Z' while content on disk has modification time of '2026-07-15T16:19:02Z'
Number of updated asset objects reloaded before import = 0Number of asset objects unloaded after import = 0

========================================================================
Received Import Request.
  Time since last request: 0.070482 seconds.
  path: Assets/Scripts/Minijuego 8/BotonBatidora.cs
  artifactKey: Guid(e91d731bbe11c4551a118c6ba60a92bb) Importer(815301076,1909f56bfc062723c751e8b465ee728b)
Start importing Assets/Scripts/Minijuego 8/BotonBatidora.cs using Guid(e91d731bbe11c4551a118c6ba60a92bb) Importer(815301076,1909f56bfc062723c751e8b465ee728b) (PreviewImporter) -> (artifact id: '00000000000000000000000000000000') in 0.000412292 seconds
Import Error Code:(4)
Message: Build asset version error: assets/scripts/minijuego 8/botonbatidora.cs in SourceAssetDB has modification time of '2026-07-15T16:18:20Z' while content on disk has modification time of '2026-07-15T16:19:02Z'
  ERROR: Build asset version error: assets/scripts/minijuego 8/botonbatidora.cs in SourceAssetDB has modification time of '2026-07-15T16:18:20Z' while content on disk has modification time of '2026-07-15T16:19:02Z'
Number of updated asset objects reloaded before import = 0Number of asset objects unloaded after import = 0

========================================================================
Received Import Request.
  Time since last request: 0.070587 seconds.
  path: Assets/Scripts/Minijuego 8/BotonBatidora.cs
  artifactKey: Guid(e91d731bbe11c4551a118c6ba60a92bb) Importer(815301076,1909f56bfc062723c751e8b465ee728b)
Start importing Assets/Scripts/Minijuego 8/BotonBatidora.cs using Guid(e91d731bbe11c4551a118c6ba60a92bb) Importer(815301076,1909f56bfc062723c751e8b465ee728b) (PreviewImporter) -> (artifact id: '00000000000000000000000000000000') in 0.0004205 seconds
Import Error Code:(4)
Message: Build asset version error: assets/scripts/minijuego 8/botonbatidora.cs in SourceAssetDB has modification time of '2026-07-15T16:18:20Z' while content on disk has modification time of '2026-07-15T16:19:02Z'
  ERROR: Build asset version error: assets/scripts/minijuego 8/botonbatidora.cs in SourceAssetDB has modification time of '2026-07-15T16:18:20Z' while content on disk has modification time of '2026-07-15T16:19:02Z'
Number of updated asset objects reloaded before import = 0Number of asset objects unloaded after import = 0

========================================================================
Received Import Request.
  Time since last request: 0.170958 seconds.
  path: Assets/Scripts/Minijuego 8/BotonBatidora.cs
  artifactKey: Guid(e91d731bbe11c4551a118c6ba60a92bb) Importer(815301076,1909f56bfc062723c751e8b465ee728b)
Start importing Assets/Scripts/Minijuego 8/BotonBatidora.cs using Guid(e91d731bbe11c4551a118c6ba60a92bb) Importer(815301076,1909f56bfc062723c751e8b465ee728b) (PreviewImporter) -> (artifact id: '00000000000000000000000000000000') in 0.000505166 seconds
Import Error Code:(4)
Message: Build asset version error: assets/scripts/minijuego 8/botonbatidora.cs in SourceAssetDB has modification time of '2026-07-15T16:18:20Z' while content on disk has modification time of '2026-07-15T16:19:02Z'
  ERROR: Build asset version error: assets/scripts/minijuego 8/botonbatidora.cs in SourceAssetDB has modification time of '2026-07-15T16:18:20Z' while content on disk has modification time of '2026-07-15T16:19:02Z'
Number of updated asset objects reloaded before import = 0Number of asset objects unloaded after import = 0

========================================================================
Received Import Request.
  Time since last request: 0.056566 seconds.
  path: Assets/Scripts/Minijuego 8/BotonBatidora.cs
  artifactKey: Guid(e91d731bbe11c4551a118c6ba60a92bb) Importer(815301076,1909f56bfc062723c751e8b465ee728b)
Start importing Assets/Scripts/Minijuego 8/BotonBatidora.cs using Guid(e91d731bbe11c4551a118c6ba60a92bb) Importer(815301076,1909f56bfc062723c751e8b465ee728b) (PreviewImporter) -> (artifact id: '00000000000000000000000000000000') in 0.000569167 seconds
Import Error Code:(4)
Message: Build asset version error: assets/scripts/minijuego 8/botonbatidora.cs in SourceAssetDB has modification time of '2026-07-15T16:18:20Z' while content on disk has modification time of '2026-07-15T16:19:02Z'
  ERROR: Build asset version error: assets/scripts/minijuego 8/botonbatidora.cs in SourceAssetDB has modification time of '2026-07-15T16:18:20Z' while content on disk has modification time of '2026-07-15T16:19:02Z'
Number of updated asset objects reloaded before import = 0Number of asset objects unloaded after import = 0

========================================================================
Received Import Request.
  Time since last request: 0.057919 seconds.
  path: Assets/Scripts/Minijuego 8/BotonBatidora.cs
  artifactKey: Guid(e91d731bbe11c4551a118c6ba60a92bb) Importer(815301076,1909f56bfc062723c751e8b465ee728b)
Start importing Assets/Scripts/Minijuego 8/BotonBatidora.cs using Guid(e91d731bbe11c4551a118c6ba60a92bb) Importer(815301076,1909f56bfc062723c751e8b465ee728b) (PreviewImporter) -> (artifact id: '00000000000000000000000000000000') in 0.000576958 seconds
Import Error Code:(4)
Message: Build asset version error: assets/scripts/minijuego 8/botonbatidora.cs in SourceAssetDB has modification time of '2026-07-15T16:18:20Z' while content on disk has modification time of '2026-07-15T16:19:02Z'
  ERROR: Build asset version error: assets/scripts/minijuego 8/botonbatidora.cs in SourceAssetDB has modification time of '2026-07-15T16:18:20Z' while content on disk has modification time of '2026-07-15T16:19:02Z'
Number of updated asset objects reloaded before import = 0Number of asset objects unloaded after import = 0

========================================================================
Received Import Request.
  Time since last request: 0.166461 seconds.
  path: Assets/Scripts/Minijuego 8/BotonBatidora.cs
  artifactKey: Guid(e91d731bbe11c4551a118c6ba60a92bb) Importer(815301076,1909f56bfc062723c751e8b465ee728b)
Start importing Assets/Scripts/Minijuego 8/BotonBatidora.cs using Guid(e91d731bbe11c4551a118c6ba60a92bb) Importer(815301076,1909f56bfc062723c751e8b465ee728b) (PreviewImporter) -> (artifact id: '00000000000000000000000000000000') in 0.000719834 seconds
Import Error Code:(4)
Message: Build asset version error: assets/scripts/minijuego 8/botonbatidora.cs in SourceAssetDB has modification time of '2026-07-15T16:18:20Z' while content on disk has modification time of '2026-07-15T16:19:02Z'
  ERROR: Build asset version error: assets/scripts/minijuego 8/botonbatidora.cs in SourceAssetDB has modification time of '2026-07-15T16:18:20Z' while content on disk has modification time of '2026-07-15T16:19:02Z'
Number of updated asset objects reloaded before import = 0Number of asset objects unloaded after import = 0

========================================================================
Received Import Request.
  Time since last request: 0.056268 seconds.
  path: Assets/Scripts/Minijuego 8/BotonBatidora.cs
  artifactKey: Guid(e91d731bbe11c4551a118c6ba60a92bb) Importer(815301076,1909f56bfc062723c751e8b465ee728b)
Start importing Assets/Scripts/Minijuego 8/BotonBatidora.cs using Guid(e91d731bbe11c4551a118c6ba60a92bb) Importer(815301076,1909f56bfc062723c751e8b465ee728b) (PreviewImporter) -> (artifact id: '00000000000000000000000000000000') in 0.000471583 seconds
Import Error Code:(4)
Message: Build asset version error: assets/scripts/minijuego 8/botonbatidora.cs in SourceAssetDB has modification time of '2026-07-15T16:18:20Z' while content on disk has modification time of '2026-07-15T16:19:02Z'
  ERROR: Build asset version error: assets/scripts/minijuego 8/botonbatidora.cs in SourceAssetDB has modification time of '2026-07-15T16:18:20Z' while content on disk has modification time of '2026-07-15T16:19:02Z'
Number of updated asset objects reloaded before import = 0Number of asset objects unloaded after import = 0

========================================================================
Received Import Request.
  Time since last request: 0.163598 seconds.
  path: Assets/Scripts/Minijuego 8/BotonBatidora.cs
  artifactKey: Guid(e91d731bbe11c4551a118c6ba60a92bb) Importer(815301076,1909f56bfc062723c751e8b465ee728b)
Start importing Assets/Scripts/Minijuego 8/BotonBatidora.cs using Guid(e91d731bbe11c4551a118c6ba60a92bb) Importer(815301076,1909f56bfc062723c751e8b465ee728b) (PreviewImporter) -> (artifact id: '00000000000000000000000000000000') in 0.000892917 seconds
Import Error Code:(4)
Message: Build asset version error: assets/scripts/minijuego 8/botonbatidora.cs in SourceAssetDB has modification time of '2026-07-15T16:18:20Z' while content on disk has modification time of '2026-07-15T16:19:02Z'
  ERROR: Build asset version error: assets/scripts/minijuego 8/botonbatidora.cs in SourceAssetDB has modification time of '2026-07-15T16:18:20Z' while content on disk has modification time of '2026-07-15T16:19:02Z'
Number of updated asset objects reloaded before import = 0Number of asset objects unloaded after import = 0

========================================================================
Received Import Request.
  Time since last request: 0.059790 seconds.
  path: Assets/Scripts/Minijuego 8/BotonBatidora.cs
  artifactKey: Guid(e91d731bbe11c4551a118c6ba60a92bb) Importer(815301076,1909f56bfc062723c751e8b465ee728b)
Start importing Assets/Scripts/Minijuego 8/BotonBatidora.cs using Guid(e91d731bbe11c4551a118c6ba60a92bb) Importer(815301076,1909f56bfc062723c751e8b465ee728b) (PreviewImporter) -> (artifact id: '00000000000000000000000000000000') in 0.0005565 seconds
Import Error Code:(4)
Message: Build asset version error: assets/scripts/minijuego 8/botonbatidora.cs in SourceAssetDB has modification time of '2026-07-15T16:18:20Z' while content on disk has modification time of '2026-07-15T16:19:02Z'
  ERROR: Build asset version error: assets/scripts/minijuego 8/botonbatidora.cs in SourceAssetDB has modification time of '2026-07-15T16:18:20Z' while content on disk has modification time of '2026-07-15T16:19:02Z'
Number of updated asset objects reloaded before import = 0Number of asset objects unloaded after import = 0

========================================================================
Received Import Request.
  Time since last request: 0.159133 seconds.
  path: Assets/Scripts/Minijuego 8/BotonBatidora.cs
  artifactKey: Guid(e91d731bbe11c4551a118c6ba60a92bb) Importer(815301076,1909f56bfc062723c751e8b465ee728b)
Start importing Assets/Scripts/Minijuego 8/BotonBatidora.cs using Guid(e91d731bbe11c4551a118c6ba60a92bb) Importer(815301076,1909f56bfc062723c751e8b465ee728b) (PreviewImporter) -> (artifact id: '00000000000000000000000000000000') in 0.000653792 seconds
Import Error Code:(4)
Message: Build asset version error: assets/scripts/minijuego 8/botonbatidora.cs in SourceAssetDB has modification time of '2026-07-15T16:18:20Z' while content on disk has modification time of '2026-07-15T16:19:02Z'
  ERROR: Build asset version error: assets/scripts/minijuego 8/botonbatidora.cs in SourceAssetDB has modification time of '2026-07-15T16:18:20Z' while content on disk has modification time of '2026-07-15T16:19:02Z'
Number of updated asset objects reloaded before import = 0Number of asset objects unloaded after import = 0

========================================================================
Received Import Request.
  Time since last request: 0.056561 seconds.
  path: Assets/Scripts/Minijuego 8/BotonBatidora.cs
  artifactKey: Guid(e91d731bbe11c4551a118c6ba60a92bb) Importer(815301076,1909f56bfc062723c751e8b465ee728b)
Start importing Assets/Scripts/Minijuego 8/BotonBatidora.cs using Guid(e91d731bbe11c4551a118c6ba60a92bb) Importer(815301076,1909f56bfc062723c751e8b465ee728b) (PreviewImporter) -> (artifact id: '00000000000000000000000000000000') in 0.000509333 seconds
Import Error Code:(4)
Message: Build asset version error: assets/scripts/minijuego 8/botonbatidora.cs in SourceAssetDB has modification time of '2026-07-15T16:18:20Z' while content on disk has modification time of '2026-07-15T16:19:02Z'
  ERROR: Build asset version error: assets/scripts/minijuego 8/botonbatidora.cs in SourceAssetDB has modification time of '2026-07-15T16:18:20Z' while content on disk has modification time of '2026-07-15T16:19:02Z'
Number of updated asset objects reloaded before import = 0Number of asset objects unloaded after import = 0

========================================================================
Received Import Request.
  Time since last request: 0.062692 seconds.
  path: Assets/Scripts/Minijuego 8/BotonBatidora.cs
  artifactKey: Guid(e91d731bbe11c4551a118c6ba60a92bb) Importer(815301076,1909f56bfc062723c751e8b465ee728b)
Start importing Assets/Scripts/Minijuego 8/BotonBatidora.cs using Guid(e91d731bbe11c4551a118c6ba60a92bb) Importer(815301076,1909f56bfc062723c751e8b465ee728b) (PreviewImporter) -> (artifact id: '00000000000000000000000000000000') in 0.000472042 seconds
Import Error Code:(4)
Message: Build asset version error: assets/scripts/minijuego 8/botonbatidora.cs in SourceAssetDB has modification time of '2026-07-15T16:18:20Z' while content on disk has modification time of '2026-07-15T16:19:02Z'
  ERROR: Build asset version error: assets/scripts/minijuego 8/botonbatidora.cs in SourceAssetDB has modification time of '2026-07-15T16:18:20Z' while content on disk has modification time of '2026-07-15T16:19:02Z'
Number of updated asset objects reloaded before import = 0Number of asset objects unloaded after import = 0

========================================================================
Received Import Request.
  Time since last request: 0.169664 seconds.
  path: Assets/Scripts/Minijuego 8/BotonBatidora.cs
  artifactKey: Guid(e91d731bbe11c4551a118c6ba60a92bb) Importer(815301076,1909f56bfc062723c751e8b465ee728b)
Start importing Assets/Scripts/Minijuego 8/BotonBatidora.cs using Guid(e91d731bbe11c4551a118c6ba60a92bb) Importer(815301076,1909f56bfc062723c751e8b465ee728b) (PreviewImporter) -> (artifact id: '00000000000000000000000000000000') in 0.000652083 seconds
Import Error Code:(4)
Message: Build asset version error: assets/scripts/minijuego 8/botonbatidora.cs in SourceAssetDB has modification time of '2026-07-15T16:18:20Z' while content on disk has modification time of '2026-07-15T16:19:02Z'
  ERROR: Build asset version error: assets/scripts/minijuego 8/botonbatidora.cs in SourceAssetDB has modification time of '2026-07-15T16:18:20Z' while content on disk has modification time of '2026-07-15T16:19:02Z'
Number of updated asset objects reloaded before import = 0Number of asset objects unloaded after import = 0

========================================================================
Received Import Request.
  Time since last request: 0.057314 seconds.
  path: Assets/Scripts/Minijuego 8/BotonBatidora.cs
  artifactKey: Guid(e91d731bbe11c4551a118c6ba60a92bb) Importer(815301076,1909f56bfc062723c751e8b465ee728b)
Start importing Assets/Scripts/Minijuego 8/BotonBatidora.cs using Guid(e91d731bbe11c4551a118c6ba60a92bb) Importer(815301076,1909f56bfc062723c751e8b465ee728b) (PreviewImporter) -> (artifact id: '00000000000000000000000000000000') in 0.000534959 seconds
Import Error Code:(4)
Message: Build asset version error: assets/scripts/minijuego 8/botonbatidora.cs in SourceAssetDB has modification time of '2026-07-15T16:18:20Z' while content on disk has modification time of '2026-07-15T16:19:02Z'
  ERROR: Build asset version error: assets/scripts/minijuego 8/botonbatidora.cs in SourceAssetDB has modification time of '2026-07-15T16:18:20Z' while content on disk has modification time of '2026-07-15T16:19:02Z'
Number of updated asset objects reloaded before import = 0Number of asset objects unloaded after import = 0

========================================================================
Received Import Request.
  Time since last request: 0.063061 seconds.
  path: Assets/Scripts/Minijuego 8/BotonBatidora.cs
  artifactKey: Guid(e91d731bbe11c4551a118c6ba60a92bb) Importer(815301076,1909f56bfc062723c751e8b465ee728b)
Start importing Assets/Scripts/Minijuego 8/BotonBatidora.cs using Guid(e91d731bbe11c4551a118c6ba60a92bb) Importer(815301076,1909f56bfc062723c751e8b465ee728b) (PreviewImporter) -> (artifact id: '00000000000000000000000000000000') in 0.000433875 seconds
Import Error Code:(4)
Message: Build asset version error: assets/scripts/minijuego 8/botonbatidora.cs in SourceAssetDB has modification time of '2026-07-15T16:18:20Z' while content on disk has modification time of '2026-07-15T16:19:02Z'
  ERROR: Build asset version error: assets/scripts/minijuego 8/botonbatidora.cs in SourceAssetDB has modification time of '2026-07-15T16:18:20Z' while content on disk has modification time of '2026-07-15T16:19:02Z'
Number of updated asset objects reloaded before import = 0Number of asset objects unloaded after import = 0

========================================================================
Received Import Request.
  Time since last request: 0.169033 seconds.
  path: Assets/Scripts/Minijuego 8/BotonBatidora.cs
  artifactKey: Guid(e91d731bbe11c4551a118c6ba60a92bb) Importer(815301076,1909f56bfc062723c751e8b465ee728b)
Start importing Assets/Scripts/Minijuego 8/BotonBatidora.cs using Guid(e91d731bbe11c4551a118c6ba60a92bb) Importer(815301076,1909f56bfc062723c751e8b465ee728b) (PreviewImporter) -> (artifact id: '00000000000000000000000000000000') in 0.000687041 seconds
Import Error Code:(4)
Message: Build asset version error: assets/scripts/minijuego 8/botonbatidora.cs in SourceAssetDB has modification time of '2026-07-15T16:18:20Z' while content on disk has modification time of '2026-07-15T16:19:02Z'
  ERROR: Build asset version error: assets/scripts/minijuego 8/botonbatidora.cs in SourceAssetDB has modification time of '2026-07-15T16:18:20Z' while content on disk has modification time of '2026-07-15T16:19:02Z'
Number of updated asset objects reloaded before import = 0Number of asset objects unloaded after import = 0

========================================================================
Received Import Request.
  Time since last request: 0.155599 seconds.
  path: Assets/Scripts/Minijuego 8/BotonBatidora.cs
  artifactKey: Guid(e91d731bbe11c4551a118c6ba60a92bb) Importer(815301076,1909f56bfc062723c751e8b465ee728b)
Start importing Assets/Scripts/Minijuego 8/BotonBatidora.cs using Guid(e91d731bbe11c4551a118c6ba60a92bb) Importer(815301076,1909f56bfc062723c751e8b465ee728b) (PreviewImporter) -> (artifact id: '00000000000000000000000000000000') in 0.000677834 seconds
Import Error Code:(4)
Message: Build asset version error: assets/scripts/minijuego 8/botonbatidora.cs in SourceAssetDB has modification time of '2026-07-15T16:18:20Z' while content on disk has modification time of '2026-07-15T16:19:02Z'
  ERROR: Build asset version error: assets/scripts/minijuego 8/botonbatidora.cs in SourceAssetDB has modification time of '2026-07-15T16:18:20Z' while content on disk has modification time of '2026-07-15T16:19:02Z'
Number of updated asset objects reloaded before import = 0Number of asset objects unloaded after import = 0

========================================================================
Received Import Request.
  Time since last request: 0.154869 seconds.
  path: Assets/Scripts/Minijuego 8/BotonBatidora.cs
  artifactKey: Guid(e91d731bbe11c4551a118c6ba60a92bb) Importer(815301076,1909f56bfc062723c751e8b465ee728b)
Start importing Assets/Scripts/Minijuego 8/BotonBatidora.cs using Guid(e91d731bbe11c4551a118c6ba60a92bb) Importer(815301076,1909f56bfc062723c751e8b465ee728b) (PreviewImporter) -> (artifact id: '00000000000000000000000000000000') in 0.000975792 seconds
Import Error Code:(4)
Message: Build asset version error: assets/scripts/minijuego 8/botonbatidora.cs in SourceAssetDB has modification time of '2026-07-15T16:18:20Z' while content on disk has modification time of '2026-07-15T16:19:02Z'
  ERROR: Build asset version error: assets/scripts/minijuego 8/botonbatidora.cs in SourceAssetDB has modification time of '2026-07-15T16:18:20Z' while content on disk has modification time of '2026-07-15T16:19:02Z'
Number of updated asset objects reloaded before import = 0Number of asset objects unloaded after import = 0

========================================================================
Received Import Request.
  Time since last request: 0.058717 seconds.
  path: Assets/Scripts/Minijuego 8/BotonBatidora.cs
  artifactKey: Guid(e91d731bbe11c4551a118c6ba60a92bb) Importer(815301076,1909f56bfc062723c751e8b465ee728b)
Start importing Assets/Scripts/Minijuego 8/BotonBatidora.cs using Guid(e91d731bbe11c4551a118c6ba60a92bb) Importer(815301076,1909f56bfc062723c751e8b465ee728b) (PreviewImporter) -> (artifact id: '00000000000000000000000000000000') in 0.000588833 seconds
Import Error Code:(4)
Message: Build asset version error: assets/scripts/minijuego 8/botonbatidora.cs in SourceAssetDB has modification time of '2026-07-15T16:18:20Z' while content on disk has modification time of '2026-07-15T16:19:02Z'
  ERROR: Build asset version error: assets/scripts/minijuego 8/botonbatidora.cs in SourceAssetDB has modification time of '2026-07-15T16:18:20Z' while content on disk has modification time of '2026-07-15T16:19:02Z'
Number of updated asset objects reloaded before import = 0Number of asset objects unloaded after import = 0

========================================================================
Received Import Request.
  Time since last request: 0.162291 seconds.
  path: Assets/Scripts/Minijuego 8/BotonBatidora.cs
  artifactKey: Guid(e91d731bbe11c4551a118c6ba60a92bb) Importer(815301076,1909f56bfc062723c751e8b465ee728b)
Start importing Assets/Scripts/Minijuego 8/BotonBatidora.cs using Guid(e91d731bbe11c4551a118c6ba60a92bb) Importer(815301076,1909f56bfc062723c751e8b465ee728b) (PreviewImporter) -> (artifact id: '00000000000000000000000000000000') in 0.000507667 seconds
Import Error Code:(4)
Message: Build asset version error: assets/scripts/minijuego 8/botonbatidora.cs in SourceAssetDB has modification time of '2026-07-15T16:18:20Z' while content on disk has modification time of '2026-07-15T16:19:02Z'
  ERROR: Build asset version error: assets/scripts/minijuego 8/botonbatidora.cs in SourceAssetDB has modification time of '2026-07-15T16:18:20Z' while content on disk has modification time of '2026-07-15T16:19:02Z'
Number of updated asset objects reloaded before import = 0Number of asset objects unloaded after import = 0

========================================================================
Received Import Request.
  Time since last request: 0.056362 seconds.
  path: Assets/Scripts/Minijuego 8/BotonBatidora.cs
  artifactKey: Guid(e91d731bbe11c4551a118c6ba60a92bb) Importer(815301076,1909f56bfc062723c751e8b465ee728b)
Start importing Assets/Scripts/Minijuego 8/BotonBatidora.cs using Guid(e91d731bbe11c4551a118c6ba60a92bb) Importer(815301076,1909f56bfc062723c751e8b465ee728b) (PreviewImporter) -> (artifact id: '00000000000000000000000000000000') in 0.000503708 seconds
Import Error Code:(4)
Message: Build asset version error: assets/scripts/minijuego 8/botonbatidora.cs in SourceAssetDB has modification time of '2026-07-15T16:18:20Z' while content on disk has modification time of '2026-07-15T16:19:02Z'
  ERROR: Build asset version error: assets/scripts/minijuego 8/botonbatidora.cs in SourceAssetDB has modification time of '2026-07-15T16:18:20Z' while content on disk has modification time of '2026-07-15T16:19:02Z'
Number of updated asset objects reloaded before import = 0Number of asset objects unloaded after import = 0

========================================================================
Received Import Request.
  Time since last request: 0.060499 seconds.
  path: Assets/Scripts/Minijuego 8/BotonBatidora.cs
  artifactKey: Guid(e91d731bbe11c4551a118c6ba60a92bb) Importer(815301076,1909f56bfc062723c751e8b465ee728b)
Start importing Assets/Scripts/Minijuego 8/BotonBatidora.cs using Guid(e91d731bbe11c4551a118c6ba60a92bb) Importer(815301076,1909f56bfc062723c751e8b465ee728b) (PreviewImporter) -> (artifact id: '00000000000000000000000000000000') in 0.000421 seconds
Import Error Code:(4)
Message: Build asset version error: assets/scripts/minijuego 8/botonbatidora.cs in SourceAssetDB has modification time of '2026-07-15T16:18:20Z' while content on disk has modification time of '2026-07-15T16:19:02Z'
  ERROR: Build asset version error: assets/scripts/minijuego 8/botonbatidora.cs in SourceAssetDB has modification time of '2026-07-15T16:18:20Z' while content on disk has modification time of '2026-07-15T16:19:02Z'
Number of updated asset objects reloaded before import = 0Number of asset objects unloaded after import = 0

========================================================================
Received Import Request.
  Time since last request: 0.067912 seconds.
  path: Assets/Scripts/Minijuego 8/BotonBatidora.cs
  artifactKey: Guid(e91d731bbe11c4551a118c6ba60a92bb) Importer(815301076,1909f56bfc062723c751e8b465ee728b)
Start importing Assets/Scripts/Minijuego 8/BotonBatidora.cs using Guid(e91d731bbe11c4551a118c6ba60a92bb) Importer(815301076,1909f56bfc062723c751e8b465ee728b) (PreviewImporter) -> (artifact id: '00000000000000000000000000000000') in 0.000419 seconds
Import Error Code:(4)
Message: Build asset version error: assets/scripts/minijuego 8/botonbatidora.cs in SourceAssetDB has modification time of '2026-07-15T16:18:20Z' while content on disk has modification time of '2026-07-15T16:19:02Z'
  ERROR: Build asset version error: assets/scripts/minijuego 8/botonbatidora.cs in SourceAssetDB has modification time of '2026-07-15T16:18:20Z' while content on disk has modification time of '2026-07-15T16:19:02Z'
Number of updated asset objects reloaded before import = 0Number of asset objects unloaded after import = 0

========================================================================
Received Import Request.
  Time since last request: 0.172668 seconds.
  path: Assets/Scripts/Minijuego 8/BotonBatidora.cs
  artifactKey: Guid(e91d731bbe11c4551a118c6ba60a92bb) Importer(815301076,1909f56bfc062723c751e8b465ee728b)
Start importing Assets/Scripts/Minijuego 8/BotonBatidora.cs using Guid(e91d731bbe11c4551a118c6ba60a92bb) Importer(815301076,1909f56bfc062723c751e8b465ee728b) (PreviewImporter) -> (artifact id: '00000000000000000000000000000000') in 0.000690208 seconds
Import Error Code:(4)
Message: Build asset version error: assets/scripts/minijuego 8/botonbatidora.cs in SourceAssetDB has modification time of '2026-07-15T16:18:20Z' while content on disk has modification time of '2026-07-15T16:19:02Z'
  ERROR: Build asset version error: assets/scripts/minijuego 8/botonbatidora.cs in SourceAssetDB has modification time of '2026-07-15T16:18:20Z' while content on disk has modification time of '2026-07-15T16:19:02Z'
Number of updated asset objects reloaded before import = 0Number of asset objects unloaded after import = 0

========================================================================
Received Import Request.
  Time since last request: 0.054980 seconds.
  path: Assets/Scripts/Minijuego 8/BotonBatidora.cs
  artifactKey: Guid(e91d731bbe11c4551a118c6ba60a92bb) Importer(815301076,1909f56bfc062723c751e8b465ee728b)
Start importing Assets/Scripts/Minijuego 8/BotonBatidora.cs using Guid(e91d731bbe11c4551a118c6ba60a92bb) Importer(815301076,1909f56bfc062723c751e8b465ee728b) (PreviewImporter) -> (artifact id: '00000000000000000000000000000000') in 0.000518542 seconds
Import Error Code:(4)
Message: Build asset version error: assets/scripts/minijuego 8/botonbatidora.cs in SourceAssetDB has modification time of '2026-07-15T16:18:20Z' while content on disk has modification time of '2026-07-15T16:19:02Z'
  ERROR: Build asset version error: assets/scripts/minijuego 8/botonbatidora.cs in SourceAssetDB has modification time of '2026-07-15T16:18:20Z' while content on disk has modification time of '2026-07-15T16:19:02Z'
Number of updated asset objects reloaded before import = 0Number of asset objects unloaded after import = 0

========================================================================
Received Import Request.
  Time since last request: 0.166286 seconds.
  path: Assets/Scripts/Minijuego 8/BotonBatidora.cs
  artifactKey: Guid(e91d731bbe11c4551a118c6ba60a92bb) Importer(815301076,1909f56bfc062723c751e8b465ee728b)
Start importing Assets/Scripts/Minijuego 8/BotonBatidora.cs using Guid(e91d731bbe11c4551a118c6ba60a92bb) Importer(815301076,1909f56bfc062723c751e8b465ee728b) (PreviewImporter) -> (artifact id: '00000000000000000000000000000000') in 0.000621667 seconds
Import Error Code:(4)
Message: Build asset version error: assets/scripts/minijuego 8/botonbatidora.cs in SourceAssetDB has modification time of '2026-07-15T16:18:20Z' while content on disk has modification time of '2026-07-15T16:19:02Z'
  ERROR: Build asset version error: assets/scripts/minijuego 8/botonbatidora.cs in SourceAssetDB has modification time of '2026-07-15T16:18:20Z' while content on disk has modification time of '2026-07-15T16:19:02Z'
Number of updated asset objects reloaded before import = 0Number of asset objects unloaded after import = 0

========================================================================
Received Import Request.
  Time since last request: 0.157483 seconds.
  path: Assets/Scripts/Minijuego 8/BotonBatidora.cs
  artifactKey: Guid(e91d731bbe11c4551a118c6ba60a92bb) Importer(815301076,1909f56bfc062723c751e8b465ee728b)
Start importing Assets/Scripts/Minijuego 8/BotonBatidora.cs using Guid(e91d731bbe11c4551a118c6ba60a92bb) Importer(815301076,1909f56bfc062723c751e8b465ee728b) (PreviewImporter) -> (artifact id: '00000000000000000000000000000000') in 0.000486333 seconds
Import Error Code:(4)
Message: Build asset version error: assets/scripts/minijuego 8/botonbatidora.cs in SourceAssetDB has modification time of '2026-07-15T16:18:20Z' while content on disk has modification time of '2026-07-15T16:19:02Z'
  ERROR: Build asset version error: assets/scripts/minijuego 8/botonbatidora.cs in SourceAssetDB has modification time of '2026-07-15T16:18:20Z' while content on disk has modification time of '2026-07-15T16:19:02Z'
Number of updated asset objects reloaded before import = 0Number of asset objects unloaded after import = 0

========================================================================
Received Import Request.
  Time since last request: 0.165331 seconds.
  path: Assets/Scripts/Minijuego 8/BotonBatidora.cs
  artifactKey: Guid(e91d731bbe11c4551a118c6ba60a92bb) Importer(815301076,1909f56bfc062723c751e8b465ee728b)
Start importing Assets/Scripts/Minijuego 8/BotonBatidora.cs using Guid(e91d731bbe11c4551a118c6ba60a92bb) Importer(815301076,1909f56bfc062723c751e8b465ee728b) (PreviewImporter) -> (artifact id: '00000000000000000000000000000000') in 0.000547958 seconds
Import Error Code:(4)
Message: Build asset version error: assets/scripts/minijuego 8/botonbatidora.cs in SourceAssetDB has modification time of '2026-07-15T16:18:20Z' while content on disk has modification time of '2026-07-15T16:19:02Z'
  ERROR: Build asset version error: assets/scripts/minijuego 8/botonbatidora.cs in SourceAssetDB has modification time of '2026-07-15T16:18:20Z' while content on disk has modification time of '2026-07-15T16:19:02Z'
Number of updated asset objects reloaded before import = 0Number of asset objects unloaded after import = 0

========================================================================
Received Import Request.
  Time since last request: 0.162028 seconds.
  path: Assets/Scripts/Minijuego 8/BotonBatidora.cs
  artifactKey: Guid(e91d731bbe11c4551a118c6ba60a92bb) Importer(815301076,1909f56bfc062723c751e8b465ee728b)
Start importing Assets/Scripts/Minijuego 8/BotonBatidora.cs using Guid(e91d731bbe11c4551a118c6ba60a92bb) Importer(815301076,1909f56bfc062723c751e8b465ee728b) (PreviewImporter) -> (artifact id: '00000000000000000000000000000000') in 0.00043675 seconds
Import Error Code:(4)
Message: Build asset version error: assets/scripts/minijuego 8/botonbatidora.cs in SourceAssetDB has modification time of '2026-07-15T16:18:20Z' while content on disk has modification time of '2026-07-15T16:19:02Z'
  ERROR: Build asset version error: assets/scripts/minijuego 8/botonbatidora.cs in SourceAssetDB has modification time of '2026-07-15T16:18:20Z' while content on disk has modification time of '2026-07-15T16:19:02Z'
Number of updated asset objects reloaded before import = 0Number of asset objects unloaded after import = 0

========================================================================
Received Import Request.
  Time since last request: 0.069324 seconds.
  path: Assets/Scripts/Minijuego 8/BotonBatidora.cs
  artifactKey: Guid(e91d731bbe11c4551a118c6ba60a92bb) Importer(815301076,1909f56bfc062723c751e8b465ee728b)
Start importing Assets/Scripts/Minijuego 8/BotonBatidora.cs using Guid(e91d731bbe11c4551a118c6ba60a92bb) Importer(815301076,1909f56bfc062723c751e8b465ee728b) (PreviewImporter) -> (artifact id: '00000000000000000000000000000000') in 0.000524417 seconds
Import Error Code:(4)
Message: Build asset version error: assets/scripts/minijuego 8/botonbatidora.cs in SourceAssetDB has modification time of '2026-07-15T16:18:20Z' while content on disk has modification time of '2026-07-15T16:19:02Z'
  ERROR: Build asset version error: assets/scripts/minijuego 8/botonbatidora.cs in SourceAssetDB has modification time of '2026-07-15T16:18:20Z' while content on disk has modification time of '2026-07-15T16:19:02Z'
Number of updated asset objects reloaded before import = 0Number of asset objects unloaded after import = 0

========================================================================
Received Import Request.
  Time since last request: 0.156597 seconds.
  path: Assets/Scripts/Minijuego 8/BotonBatidora.cs
  artifactKey: Guid(e91d731bbe11c4551a118c6ba60a92bb) Importer(815301076,1909f56bfc062723c751e8b465ee728b)
Start importing Assets/Scripts/Minijuego 8/BotonBatidora.cs using Guid(e91d731bbe11c4551a118c6ba60a92bb) Importer(815301076,1909f56bfc062723c751e8b465ee728b) (PreviewImporter) -> (artifact id: '00000000000000000000000000000000') in 0.000468208 seconds
Import Error Code:(4)
Message: Build asset version error: assets/scripts/minijuego 8/botonbatidora.cs in SourceAssetDB has modification time of '2026-07-15T16:18:20Z' while content on disk has modification time of '2026-07-15T16:19:02Z'
  ERROR: Build asset version error: assets/scripts/minijuego 8/botonbatidora.cs in SourceAssetDB has modification time of '2026-07-15T16:18:20Z' while content on disk has modification time of '2026-07-15T16:19:02Z'
Number of updated asset objects reloaded before import = 0Number of asset objects unloaded after import = 0

========================================================================
Received Import Request.
  Time since last request: 0.165433 seconds.
  path: Assets/Scripts/Minijuego 8/BotonBatidora.cs
  artifactKey: Guid(e91d731bbe11c4551a118c6ba60a92bb) Importer(815301076,1909f56bfc062723c751e8b465ee728b)
Start importing Assets/Scripts/Minijuego 8/BotonBatidora.cs using Guid(e91d731bbe11c4551a118c6ba60a92bb) Importer(815301076,1909f56bfc062723c751e8b465ee728b) (PreviewImporter) -> (artifact id: '00000000000000000000000000000000') in 0.000526208 seconds
Import Error Code:(4)
Message: Build asset version error: assets/scripts/minijuego 8/botonbatidora.cs in SourceAssetDB has modification time of '2026-07-15T16:18:20Z' while content on disk has modification time of '2026-07-15T16:19:02Z'
  ERROR: Build asset version error: assets/scripts/minijuego 8/botonbatidora.cs in SourceAssetDB has modification time of '2026-07-15T16:18:20Z' while content on disk has modification time of '2026-07-15T16:19:02Z'
Number of updated asset objects reloaded before import = 0Number of asset objects unloaded after import = 0

========================================================================
Received Import Request.
  Time since last request: 0.162797 seconds.
  path: Assets/Scripts/Minijuego 8/BotonBatidora.cs
  artifactKey: Guid(e91d731bbe11c4551a118c6ba60a92bb) Importer(815301076,1909f56bfc062723c751e8b465ee728b)
Start importing Assets/Scripts/Minijuego 8/BotonBatidora.cs using Guid(e91d731bbe11c4551a118c6ba60a92bb) Importer(815301076,1909f56bfc062723c751e8b465ee728b) (PreviewImporter) -> (artifact id: '00000000000000000000000000000000') in 0.000690958 seconds
Import Error Code:(4)
Message: Build asset version error: assets/scripts/minijuego 8/botonbatidora.cs in SourceAssetDB has modification time of '2026-07-15T16:18:20Z' while content on disk has modification time of '2026-07-15T16:19:02Z'
  ERROR: Build asset version error: assets/scripts/minijuego 8/botonbatidora.cs in SourceAssetDB has modification time of '2026-07-15T16:18:20Z' while content on disk has modification time of '2026-07-15T16:19:02Z'
Number of updated asset objects reloaded before import = 0Number of asset objects unloaded after import = 0

========================================================================
Received Import Request.
  Time since last request: 0.155071 seconds.
  path: Assets/Scripts/Minijuego 8/BotonBatidora.cs
  artifactKey: Guid(e91d731bbe11c4551a118c6ba60a92bb) Importer(815301076,1909f56bfc062723c751e8b465ee728b)
Start importing Assets/Scripts/Minijuego 8/BotonBatidora.cs using Guid(e91d731bbe11c4551a118c6ba60a92bb) Importer(815301076,1909f56bfc062723c751e8b465ee728b) (PreviewImporter) -> (artifact id: '00000000000000000000000000000000') in 0.00081525 seconds
Import Error Code:(4)
Message: Build asset version error: assets/scripts/minijuego 8/botonbatidora.cs in SourceAssetDB has modification time of '2026-07-15T16:18:20Z' while content on disk has modification time of '2026-07-15T16:19:02Z'
  ERROR: Build asset version error: assets/scripts/minijuego 8/botonbatidora.cs in SourceAssetDB has modification time of '2026-07-15T16:18:20Z' while content on disk has modification time of '2026-07-15T16:19:02Z'
Number of updated asset objects reloaded before import = 0Number of asset objects unloaded after import = 0

========================================================================
Received Import Request.
  Time since last request: 0.055598 seconds.
  path: Assets/Scripts/Minijuego 8/BotonBatidora.cs
  artifactKey: Guid(e91d731bbe11c4551a118c6ba60a92bb) Importer(815301076,1909f56bfc062723c751e8b465ee728b)
Start importing Assets/Scripts/Minijuego 8/BotonBatidora.cs using Guid(e91d731bbe11c4551a118c6ba60a92bb) Importer(815301076,1909f56bfc062723c751e8b465ee728b) (PreviewImporter) -> (artifact id: '00000000000000000000000000000000') in 0.000526625 seconds
Import Error Code:(4)
Message: Build asset version error: assets/scripts/minijuego 8/botonbatidora.cs in SourceAssetDB has modification time of '2026-07-15T16:18:20Z' while content on disk has modification time of '2026-07-15T16:19:02Z'
  ERROR: Build asset version error: assets/scripts/minijuego 8/botonbatidora.cs in SourceAssetDB has modification time of '2026-07-15T16:18:20Z' while content on disk has modification time of '2026-07-15T16:19:02Z'
Number of updated asset objects reloaded before import = 0Number of asset objects unloaded after import = 0

========================================================================
Received Import Request.
  Time since last request: 0.161919 seconds.
  path: Assets/Scripts/Minijuego 8/BotonBatidora.cs
  artifactKey: Guid(e91d731bbe11c4551a118c6ba60a92bb) Importer(815301076,1909f56bfc062723c751e8b465ee728b)
Start importing Assets/Scripts/Minijuego 8/BotonBatidora.cs using Guid(e91d731bbe11c4551a118c6ba60a92bb) Importer(815301076,1909f56bfc062723c751e8b465ee728b) (PreviewImporter) -> (artifact id: '00000000000000000000000000000000') in 0.000684541 seconds
Import Error Code:(4)
Message: Build asset version error: assets/scripts/minijuego 8/botonbatidora.cs in SourceAssetDB has modification time of '2026-07-15T16:18:20Z' while content on disk has modification time of '2026-07-15T16:19:02Z'
  ERROR: Build asset version error: assets/scripts/minijuego 8/botonbatidora.cs in SourceAssetDB has modification time of '2026-07-15T16:18:20Z' while content on disk has modification time of '2026-07-15T16:19:02Z'
Number of updated asset objects reloaded before import = 0Number of asset objects unloaded after import = 0

========================================================================
Received Import Request.
  Time since last request: 0.154265 seconds.
  path: Assets/Scripts/Minijuego 8/BotonBatidora.cs
  artifactKey: Guid(e91d731bbe11c4551a118c6ba60a92bb) Importer(815301076,1909f56bfc062723c751e8b465ee728b)
Start importing Assets/Scripts/Minijuego 8/BotonBatidora.cs using Guid(e91d731bbe11c4551a118c6ba60a92bb) Importer(815301076,1909f56bfc062723c751e8b465ee728b) (PreviewImporter) -> (artifact id: '00000000000000000000000000000000') in 0.000633791 seconds
Import Error Code:(4)
Message: Build asset version error: assets/scripts/minijuego 8/botonbatidora.cs in SourceAssetDB has modification time of '2026-07-15T16:18:20Z' while content on disk has modification time of '2026-07-15T16:19:02Z'
  ERROR: Build asset version error: assets/scripts/minijuego 8/botonbatidora.cs in SourceAssetDB has modification time of '2026-07-15T16:18:20Z' while content on disk has modification time of '2026-07-15T16:19:02Z'
Number of updated asset objects reloaded before import = 0Number of asset objects unloaded after import = 0

========================================================================
Received Import Request.
  Time since last request: 0.167093 seconds.
  path: Assets/Scripts/Minijuego 8/BotonBatidora.cs
  artifactKey: Guid(e91d731bbe11c4551a118c6ba60a92bb) Importer(815301076,1909f56bfc062723c751e8b465ee728b)
Start importing Assets/Scripts/Minijuego 8/BotonBatidora.cs using Guid(e91d731bbe11c4551a118c6ba60a92bb) Importer(815301076,1909f56bfc062723c751e8b465ee728b) (PreviewImporter) -> (artifact id: '00000000000000000000000000000000') in 0.000708458 seconds
Import Error Code:(4)
Message: Build asset version error: assets/scripts/minijuego 8/botonbatidora.cs in SourceAssetDB has modification time of '2026-07-15T16:18:20Z' while content on disk has modification time of '2026-07-15T16:19:02Z'
  ERROR: Build asset version error: assets/scripts/minijuego 8/botonbatidora.cs in SourceAssetDB has modification time of '2026-07-15T16:18:20Z' while content on disk has modification time of '2026-07-15T16:19:02Z'
Number of updated asset objects reloaded before import = 0Number of asset objects unloaded after import = 0

========================================================================
Received Import Request.
  Time since last request: 0.281471 seconds.
  path: Assets/Scripts/Minijuego 8/BotonBatidora.cs
  artifactKey: Guid(e91d731bbe11c4551a118c6ba60a92bb) Importer(815301076,1909f56bfc062723c751e8b465ee728b)
Start importing Assets/Scripts/Minijuego 8/BotonBatidora.cs using Guid(e91d731bbe11c4551a118c6ba60a92bb) Importer(815301076,1909f56bfc062723c751e8b465ee728b) (PreviewImporter) -> (artifact id: '00000000000000000000000000000000') in 0.000703916 seconds
Import Error Code:(4)
Message: Build asset version error: assets/scripts/minijuego 8/botonbatidora.cs in SourceAssetDB has modification time of '2026-07-15T16:18:20Z' while content on disk has modification time of '2026-07-15T16:19:02Z'
  ERROR: Build asset version error: assets/scripts/minijuego 8/botonbatidora.cs in SourceAssetDB has modification time of '2026-07-15T16:18:20Z' while content on disk has modification time of '2026-07-15T16:19:02Z'
Number of updated asset objects reloaded before import = 0Number of asset objects unloaded after import = 0

========================================================================
Received Import Request.
  Time since last request: 0.005972 seconds.
  path: Assets/Scripts/Minijuego 8/BotonBatidora.cs
  artifactKey: Guid(e91d731bbe11c4551a118c6ba60a92bb) Importer(815301076,1909f56bfc062723c751e8b465ee728b)
Start importing Assets/Scripts/Minijuego 8/BotonBatidora.cs using Guid(e91d731bbe11c4551a118c6ba60a92bb) Importer(815301076,1909f56bfc062723c751e8b465ee728b) (PreviewImporter) -> (artifact id: '00000000000000000000000000000000') in 0.000704792 seconds
Import Error Code:(4)
Message: Build asset version error: assets/scripts/minijuego 8/botonbatidora.cs in SourceAssetDB has modification time of '2026-07-15T16:18:20Z' while content on disk has modification time of '2026-07-15T16:19:02Z'
  ERROR: Build asset version error: assets/scripts/minijuego 8/botonbatidora.cs in SourceAssetDB has modification time of '2026-07-15T16:18:20Z' while content on disk has modification time of '2026-07-15T16:19:02Z'
Number of updated asset objects reloaded before import = 0Number of asset objects unloaded after import = 0

========================================================================
Received Import Request.
  Time since last request: 0.151299 seconds.
  path: Assets/Scripts/Minijuego 8/BotonBatidora.cs
  artifactKey: Guid(e91d731bbe11c4551a118c6ba60a92bb) Importer(815301076,1909f56bfc062723c751e8b465ee728b)
Start importing Assets/Scripts/Minijuego 8/BotonBatidora.cs using Guid(e91d731bbe11c4551a118c6ba60a92bb) Importer(815301076,1909f56bfc062723c751e8b465ee728b) (PreviewImporter) -> (artifact id: '00000000000000000000000000000000') in 0.000657667 seconds
Import Error Code:(4)
Message: Build asset version error: assets/scripts/minijuego 8/botonbatidora.cs in SourceAssetDB has modification time of '2026-07-15T16:18:20Z' while content on disk has modification time of '2026-07-15T16:19:02Z'
  ERROR: Build asset version error: assets/scripts/minijuego 8/botonbatidora.cs in SourceAssetDB has modification time of '2026-07-15T16:18:20Z' while content on disk has modification time of '2026-07-15T16:19:02Z'
Number of updated asset objects reloaded before import = 0Number of asset objects unloaded after import = 0

========================================================================
Received Import Request.
  Time since last request: 0.050322 seconds.
  path: Assets/Scripts/Minijuego 8/BotonBatidora.cs
  artifactKey: Guid(e91d731bbe11c4551a118c6ba60a92bb) Importer(815301076,1909f56bfc062723c751e8b465ee728b)
Start importing Assets/Scripts/Minijuego 8/BotonBatidora.cs using Guid(e91d731bbe11c4551a118c6ba60a92bb) Importer(815301076,1909f56bfc062723c751e8b465ee728b) (PreviewImporter) -> (artifact id: '00000000000000000000000000000000') in 0.001178625 seconds
Import Error Code:(4)
Message: Build asset version error: assets/scripts/minijuego 8/botonbatidora.cs in SourceAssetDB has modification time of '2026-07-15T16:18:20Z' while content on disk has modification time of '2026-07-15T16:19:02Z'
  ERROR: Build asset version error: assets/scripts/minijuego 8/botonbatidora.cs in SourceAssetDB has modification time of '2026-07-15T16:18:20Z' while content on disk has modification time of '2026-07-15T16:19:02Z'
Number of updated asset objects reloaded before import = 0Number of asset objects unloaded after import = 0

========================================================================
Received Import Request.
  Time since last request: 0.048150 seconds.
  path: Assets/Scripts/Minijuego 8/BotonBatidora.cs
  artifactKey: Guid(e91d731bbe11c4551a118c6ba60a92bb) Importer(815301076,1909f56bfc062723c751e8b465ee728b)
Start importing Assets/Scripts/Minijuego 8/BotonBatidora.cs using Guid(e91d731bbe11c4551a118c6ba60a92bb) Importer(815301076,1909f56bfc062723c751e8b465ee728b) (PreviewImporter) -> (artifact id: '00000000000000000000000000000000') in 0.000917333 seconds
Import Error Code:(4)
Message: Build asset version error: assets/scripts/minijuego 8/botonbatidora.cs in SourceAssetDB has modification time of '2026-07-15T16:18:20Z' while content on disk has modification time of '2026-07-15T16:19:02Z'
  ERROR: Build asset version error: assets/scripts/minijuego 8/botonbatidora.cs in SourceAssetDB has modification time of '2026-07-15T16:18:20Z' while content on disk has modification time of '2026-07-15T16:19:02Z'
Number of updated asset objects reloaded before import = 0Number of asset objects unloaded after import = 0

========================================================================
Received Import Request.
  Time since last request: 0.040679 seconds.
  path: Assets/Scripts/Minijuego 8/BotonBatidora.cs
  artifactKey: Guid(e91d731bbe11c4551a118c6ba60a92bb) Importer(815301076,1909f56bfc062723c751e8b465ee728b)
Start importing Assets/Scripts/Minijuego 8/BotonBatidora.cs using Guid(e91d731bbe11c4551a118c6ba60a92bb) Importer(815301076,1909f56bfc062723c751e8b465ee728b) (PreviewImporter) -> (artifact id: '00000000000000000000000000000000') in 0.000753792 seconds
Import Error Code:(4)
Message: Build asset version error: assets/scripts/minijuego 8/botonbatidora.cs in SourceAssetDB has modification time of '2026-07-15T16:18:20Z' while content on disk has modification time of '2026-07-15T16:19:02Z'
  ERROR: Build asset version error: assets/scripts/minijuego 8/botonbatidora.cs in SourceAssetDB has modification time of '2026-07-15T16:18:20Z' while content on disk has modification time of '2026-07-15T16:19:02Z'
Number of updated asset objects reloaded before import = 0Number of asset objects unloaded after import = 0

========================================================================
Received Import Request.
  Time since last request: 0.148416 seconds.
  path: Assets/Scripts/Minijuego 8/BotonBatidora.cs
  artifactKey: Guid(e91d731bbe11c4551a118c6ba60a92bb) Importer(815301076,1909f56bfc062723c751e8b465ee728b)
Start importing Assets/Scripts/Minijuego 8/BotonBatidora.cs using Guid(e91d731bbe11c4551a118c6ba60a92bb) Importer(815301076,1909f56bfc062723c751e8b465ee728b) (PreviewImporter) -> (artifact id: '00000000000000000000000000000000') in 0.000472083 seconds
Import Error Code:(4)
Message: Build asset version error: assets/scripts/minijuego 8/botonbatidora.cs in SourceAssetDB has modification time of '2026-07-15T16:18:20Z' while content on disk has modification time of '2026-07-15T16:19:02Z'
  ERROR: Build asset version error: assets/scripts/minijuego 8/botonbatidora.cs in SourceAssetDB has modification time of '2026-07-15T16:18:20Z' while content on disk has modification time of '2026-07-15T16:19:02Z'
Number of updated asset objects reloaded before import = 0Number of asset objects unloaded after import = 0

========================================================================
Received Import Request.
  Time since last request: 0.173120 seconds.
  path: Assets/Scripts/Minijuego 8/BotonBatidora.cs
  artifactKey: Guid(e91d731bbe11c4551a118c6ba60a92bb) Importer(815301076,1909f56bfc062723c751e8b465ee728b)
Start importing Assets/Scripts/Minijuego 8/BotonBatidora.cs using Guid(e91d731bbe11c4551a118c6ba60a92bb) Importer(815301076,1909f56bfc062723c751e8b465ee728b) (PreviewImporter) -> (artifact id: '00000000000000000000000000000000') in 0.000614792 seconds
Import Error Code:(4)
Message: Build asset version error: assets/scripts/minijuego 8/botonbatidora.cs in SourceAssetDB has modification time of '2026-07-15T16:18:20Z' while content on disk has modification time of '2026-07-15T16:19:02Z'
  ERROR: Build asset version error: assets/scripts/minijuego 8/botonbatidora.cs in SourceAssetDB has modification time of '2026-07-15T16:18:20Z' while content on disk has modification time of '2026-07-15T16:19:02Z'
Number of updated asset objects reloaded before import = 0Number of asset objects unloaded after import = 0

========================================================================
Received Import Request.
  Time since last request: 0.056842 seconds.
  path: Assets/Scripts/Minijuego 8/BotonBatidora.cs
  artifactKey: Guid(e91d731bbe11c4551a118c6ba60a92bb) Importer(815301076,1909f56bfc062723c751e8b465ee728b)
Start importing Assets/Scripts/Minijuego 8/BotonBatidora.cs using Guid(e91d731bbe11c4551a118c6ba60a92bb) Importer(815301076,1909f56bfc062723c751e8b465ee728b) (PreviewImporter) -> (artifact id: '00000000000000000000000000000000') in 0.000585 seconds
Import Error Code:(4)
Message: Build asset version error: assets/scripts/minijuego 8/botonbatidora.cs in SourceAssetDB has modification time of '2026-07-15T16:18:20Z' while content on disk has modification time of '2026-07-15T16:19:02Z'
  ERROR: Build asset version error: assets/scripts/minijuego 8/botonbatidora.cs in SourceAssetDB has modification time of '2026-07-15T16:18:20Z' while content on disk has modification time of '2026-07-15T16:19:02Z'
Number of updated asset objects reloaded before import = 0Number of asset objects unloaded after import = 0

========================================================================
Received Import Request.
  Time since last request: 0.060817 seconds.
  path: Assets/Scripts/Minijuego 8/BotonBatidora.cs
  artifactKey: Guid(e91d731bbe11c4551a118c6ba60a92bb) Importer(815301076,1909f56bfc062723c751e8b465ee728b)
Start importing Assets/Scripts/Minijuego 8/BotonBatidora.cs using Guid(e91d731bbe11c4551a118c6ba60a92bb) Importer(815301076,1909f56bfc062723c751e8b465ee728b) (PreviewImporter) -> (artifact id: '00000000000000000000000000000000') in 0.000545459 seconds
Import Error Code:(4)
Message: Build asset version error: assets/scripts/minijuego 8/botonbatidora.cs in SourceAssetDB has modification time of '2026-07-15T16:18:20Z' while content on disk has modification time of '2026-07-15T16:19:02Z'
  ERROR: Build asset version error: assets/scripts/minijuego 8/botonbatidora.cs in SourceAssetDB has modification time of '2026-07-15T16:18:20Z' while content on disk has modification time of '2026-07-15T16:19:02Z'
Number of updated asset objects reloaded before import = 0Number of asset objects unloaded after import = 0

========================================================================
Received Import Request.
  Time since last request: 0.168298 seconds.
  path: Assets/Scripts/Minijuego 8/BotonBatidora.cs
  artifactKey: Guid(e91d731bbe11c4551a118c6ba60a92bb) Importer(815301076,1909f56bfc062723c751e8b465ee728b)
Start importing Assets/Scripts/Minijuego 8/BotonBatidora.cs using Guid(e91d731bbe11c4551a118c6ba60a92bb) Importer(815301076,1909f56bfc062723c751e8b465ee728b) (PreviewImporter) -> (artifact id: '00000000000000000000000000000000') in 0.000687792 seconds
Import Error Code:(4)
Message: Build asset version error: assets/scripts/minijuego 8/botonbatidora.cs in SourceAssetDB has modification time of '2026-07-15T16:18:20Z' while content on disk has modification time of '2026-07-15T16:19:02Z'
  ERROR: Build asset version error: assets/scripts/minijuego 8/botonbatidora.cs in SourceAssetDB has modification time of '2026-07-15T16:18:20Z' while content on disk has modification time of '2026-07-15T16:19:02Z'
Number of updated asset objects reloaded before import = 0Number of asset objects unloaded after import = 0

========================================================================
Received Import Request.
  Time since last request: 0.056850 seconds.
  path: Assets/Scripts/Minijuego 8/BotonBatidora.cs
  artifactKey: Guid(e91d731bbe11c4551a118c6ba60a92bb) Importer(815301076,1909f56bfc062723c751e8b465ee728b)
Start importing Assets/Scripts/Minijuego 8/BotonBatidora.cs using Guid(e91d731bbe11c4551a118c6ba60a92bb) Importer(815301076,1909f56bfc062723c751e8b465ee728b) (PreviewImporter) -> (artifact id: '00000000000000000000000000000000') in 0.00049325 seconds
Import Error Code:(4)
Message: Build asset version error: assets/scripts/minijuego 8/botonbatidora.cs in SourceAssetDB has modification time of '2026-07-15T16:18:20Z' while content on disk has modification time of '2026-07-15T16:19:02Z'
  ERROR: Build asset version error: assets/scripts/minijuego 8/botonbatidora.cs in SourceAssetDB has modification time of '2026-07-15T16:18:20Z' while content on disk has modification time of '2026-07-15T16:19:02Z'
Number of updated asset objects reloaded before import = 0Number of asset objects unloaded after import = 0

========================================================================
Received Import Request.
  Time since last request: 0.166132 seconds.
  path: Assets/Scripts/Minijuego 8/BotonBatidora.cs
  artifactKey: Guid(e91d731bbe11c4551a118c6ba60a92bb) Importer(815301076,1909f56bfc062723c751e8b465ee728b)
Start importing Assets/Scripts/Minijuego 8/BotonBatidora.cs using Guid(e91d731bbe11c4551a118c6ba60a92bb) Importer(815301076,1909f56bfc062723c751e8b465ee728b) (PreviewImporter) -> (artifact id: '00000000000000000000000000000000') in 0.000605333 seconds
Import Error Code:(4)
Message: Build asset version error: assets/scripts/minijuego 8/botonbatidora.cs in SourceAssetDB has modification time of '2026-07-15T16:18:20Z' while content on disk has modification time of '2026-07-15T16:19:02Z'
  ERROR: Build asset version error: assets/scripts/minijuego 8/botonbatidora.cs in SourceAssetDB has modification time of '2026-07-15T16:18:20Z' while content on disk has modification time of '2026-07-15T16:19:02Z'
Number of updated asset objects reloaded before import = 0Number of asset objects unloaded after import = 0

========================================================================
Received Import Request.
  Time since last request: 0.152312 seconds.
  path: Assets/Scripts/Minijuego 8/BotonBatidora.cs
  artifactKey: Guid(e91d731bbe11c4551a118c6ba60a92bb) Importer(815301076,1909f56bfc062723c751e8b465ee728b)
Start importing Assets/Scripts/Minijuego 8/BotonBatidora.cs using Guid(e91d731bbe11c4551a118c6ba60a92bb) Importer(815301076,1909f56bfc062723c751e8b465ee728b) (PreviewImporter) -> (artifact id: '00000000000000000000000000000000') in 0.000636291 seconds
Import Error Code:(4)
Message: Build asset version error: assets/scripts/minijuego 8/botonbatidora.cs in SourceAssetDB has modification time of '2026-07-15T16:18:20Z' while content on disk has modification time of '2026-07-15T16:19:02Z'
  ERROR: Build asset version error: assets/scripts/minijuego 8/botonbatidora.cs in SourceAssetDB has modification time of '2026-07-15T16:18:20Z' while content on disk has modification time of '2026-07-15T16:19:02Z'
Number of updated asset objects reloaded before import = 0Number of asset objects unloaded after import = 0

========================================================================
Received Import Request.
  Time since last request: 0.156403 seconds.
  path: Assets/Scripts/Minijuego 8/BotonBatidora.cs
  artifactKey: Guid(e91d731bbe11c4551a118c6ba60a92bb) Importer(815301076,1909f56bfc062723c751e8b465ee728b)
Start importing Assets/Scripts/Minijuego 8/BotonBatidora.cs using Guid(e91d731bbe11c4551a118c6ba60a92bb) Importer(815301076,1909f56bfc062723c751e8b465ee728b) (PreviewImporter) -> (artifact id: '00000000000000000000000000000000') in 0.000841041 seconds
Import Error Code:(4)
Message: Build asset version error: assets/scripts/minijuego 8/botonbatidora.cs in SourceAssetDB has modification time of '2026-07-15T16:18:20Z' while content on disk has modification time of '2026-07-15T16:19:02Z'
  ERROR: Build asset version error: assets/scripts/minijuego 8/botonbatidora.cs in SourceAssetDB has modification time of '2026-07-15T16:18:20Z' while content on disk has modification time of '2026-07-15T16:19:02Z'
Number of updated asset objects reloaded before import = 0Number of asset objects unloaded after import = 0

========================================================================
Received Import Request.
  Time since last request: 0.058193 seconds.
  path: Assets/Scripts/Minijuego 8/BotonBatidora.cs
  artifactKey: Guid(e91d731bbe11c4551a118c6ba60a92bb) Importer(815301076,1909f56bfc062723c751e8b465ee728b)
Start importing Assets/Scripts/Minijuego 8/BotonBatidora.cs using Guid(e91d731bbe11c4551a118c6ba60a92bb) Importer(815301076,1909f56bfc062723c751e8b465ee728b) (PreviewImporter) -> (artifact id: '00000000000000000000000000000000') in 0.000495917 seconds
Import Error Code:(4)
Message: Build asset version error: assets/scripts/minijuego 8/botonbatidora.cs in SourceAssetDB has modification time of '2026-07-15T16:18:20Z' while content on disk has modification time of '2026-07-15T16:19:02Z'
  ERROR: Build asset version error: assets/scripts/minijuego 8/botonbatidora.cs in SourceAssetDB has modification time of '2026-07-15T16:18:20Z' while content on disk has modification time of '2026-07-15T16:19:02Z'
Number of updated asset objects reloaded before import = 0Number of asset objects unloaded after import = 0

========================================================================
Received Import Request.
  Time since last request: 0.162397 seconds.
  path: Assets/Scripts/Minijuego 8/BotonBatidora.cs
  artifactKey: Guid(e91d731bbe11c4551a118c6ba60a92bb) Importer(815301076,1909f56bfc062723c751e8b465ee728b)
Start importing Assets/Scripts/Minijuego 8/BotonBatidora.cs using Guid(e91d731bbe11c4551a118c6ba60a92bb) Importer(815301076,1909f56bfc062723c751e8b465ee728b) (PreviewImporter) -> (artifact id: '00000000000000000000000000000000') in 0.000689375 seconds
Import Error Code:(4)
Message: Build asset version error: assets/scripts/minijuego 8/botonbatidora.cs in SourceAssetDB has modification time of '2026-07-15T16:18:20Z' while content on disk has modification time of '2026-07-15T16:19:02Z'
  ERROR: Build asset version error: assets/scripts/minijuego 8/botonbatidora.cs in SourceAssetDB has modification time of '2026-07-15T16:18:20Z' while content on disk has modification time of '2026-07-15T16:19:02Z'
Number of updated asset objects reloaded before import = 0Number of asset objects unloaded after import = 0

========================================================================
Received Import Request.
  Time since last request: 0.056825 seconds.
  path: Assets/Scripts/Minijuego 8/BotonBatidora.cs
  artifactKey: Guid(e91d731bbe11c4551a118c6ba60a92bb) Importer(815301076,1909f56bfc062723c751e8b465ee728b)
Start importing Assets/Scripts/Minijuego 8/BotonBatidora.cs using Guid(e91d731bbe11c4551a118c6ba60a92bb) Importer(815301076,1909f56bfc062723c751e8b465ee728b) (PreviewImporter) -> (artifact id: '00000000000000000000000000000000') in 0.000546583 seconds
Import Error Code:(4)
Message: Build asset version error: assets/scripts/minijuego 8/botonbatidora.cs in SourceAssetDB has modification time of '2026-07-15T16:18:20Z' while content on disk has modification time of '2026-07-15T16:19:02Z'
  ERROR: Build asset version error: assets/scripts/minijuego 8/botonbatidora.cs in SourceAssetDB has modification time of '2026-07-15T16:18:20Z' while content on disk has modification time of '2026-07-15T16:19:02Z'
Number of updated asset objects reloaded before import = 0Number of asset objects unloaded after import = 0

========================================================================
Received Import Request.
  Time since last request: 0.061278 seconds.
  path: Assets/Scripts/Minijuego 8/BotonBatidora.cs
  artifactKey: Guid(e91d731bbe11c4551a118c6ba60a92bb) Importer(815301076,1909f56bfc062723c751e8b465ee728b)
Start importing Assets/Scripts/Minijuego 8/BotonBatidora.cs using Guid(e91d731bbe11c4551a118c6ba60a92bb) Importer(815301076,1909f56bfc062723c751e8b465ee728b) (PreviewImporter) -> (artifact id: '00000000000000000000000000000000') in 0.00044025 seconds
Import Error Code:(4)
Message: Build asset version error: assets/scripts/minijuego 8/botonbatidora.cs in SourceAssetDB has modification time of '2026-07-15T16:18:20Z' while content on disk has modification time of '2026-07-15T16:19:02Z'
  ERROR: Build asset version error: assets/scripts/minijuego 8/botonbatidora.cs in SourceAssetDB has modification time of '2026-07-15T16:18:20Z' while content on disk has modification time of '2026-07-15T16:19:02Z'
Number of updated asset objects reloaded before import = 0Number of asset objects unloaded after import = 0

========================================================================
Received Import Request.
  Time since last request: 0.066577 seconds.
  path: Assets/Scripts/Minijuego 8/BotonBatidora.cs
  artifactKey: Guid(e91d731bbe11c4551a118c6ba60a92bb) Importer(815301076,1909f56bfc062723c751e8b465ee728b)
Start importing Assets/Scripts/Minijuego 8/BotonBatidora.cs using Guid(e91d731bbe11c4551a118c6ba60a92bb) Importer(815301076,1909f56bfc062723c751e8b465ee728b) (PreviewImporter) -> (artifact id: '00000000000000000000000000000000') in 0.000421875 seconds
Import Error Code:(4)
Message: Build asset version error: assets/scripts/minijuego 8/botonbatidora.cs in SourceAssetDB has modification time of '2026-07-15T16:18:20Z' while content on disk has modification time of '2026-07-15T16:19:02Z'
  ERROR: Build asset version error: assets/scripts/minijuego 8/botonbatidora.cs in SourceAssetDB has modification time of '2026-07-15T16:18:20Z' while content on disk has modification time of '2026-07-15T16:19:02Z'
Number of updated asset objects reloaded before import = 0Number of asset objects unloaded after import = 0

========================================================================
Received Import Request.
  Time since last request: 0.068957 seconds.
  path: Assets/Scripts/Minijuego 8/BotonBatidora.cs
  artifactKey: Guid(e91d731bbe11c4551a118c6ba60a92bb) Importer(815301076,1909f56bfc062723c751e8b465ee728b)
Start importing Assets/Scripts/Minijuego 8/BotonBatidora.cs using Guid(e91d731bbe11c4551a118c6ba60a92bb) Importer(815301076,1909f56bfc062723c751e8b465ee728b) (PreviewImporter) -> (artifact id: '00000000000000000000000000000000') in 0.000410167 seconds
Import Error Code:(4)
Message: Build asset version error: assets/scripts/minijuego 8/botonbatidora.cs in SourceAssetDB has modification time of '2026-07-15T16:18:20Z' while content on disk has modification time of '2026-07-15T16:19:02Z'
  ERROR: Build asset version error: assets/scripts/minijuego 8/botonbatidora.cs in SourceAssetDB has modification time of '2026-07-15T16:18:20Z' while content on disk has modification time of '2026-07-15T16:19:02Z'
Number of updated asset objects reloaded before import = 0Number of asset objects unloaded after import = 0

========================================================================
Received Import Request.
  Time since last request: 0.068357 seconds.
  path: Assets/Scripts/Minijuego 8/BotonBatidora.cs
  artifactKey: Guid(e91d731bbe11c4551a118c6ba60a92bb) Importer(815301076,1909f56bfc062723c751e8b465ee728b)
Start importing Assets/Scripts/Minijuego 8/BotonBatidora.cs using Guid(e91d731bbe11c4551a118c6ba60a92bb) Importer(815301076,1909f56bfc062723c751e8b465ee728b) (PreviewImporter) -> (artifact id: '00000000000000000000000000000000') in 0.000456792 seconds
Import Error Code:(4)
Message: Build asset version error: assets/scripts/minijuego 8/botonbatidora.cs in SourceAssetDB has modification time of '2026-07-15T16:18:20Z' while content on disk has modification time of '2026-07-15T16:19:02Z'
  ERROR: Build asset version error: assets/scripts/minijuego 8/botonbatidora.cs in SourceAssetDB has modification time of '2026-07-15T16:18:20Z' while content on disk has modification time of '2026-07-15T16:19:02Z'
Number of updated asset objects reloaded before import = 0Number of asset objects unloaded after import = 0

========================================================================
Received Import Request.
  Time since last request: 0.169619 seconds.
  path: Assets/Scripts/Minijuego 8/BotonBatidora.cs
  artifactKey: Guid(e91d731bbe11c4551a118c6ba60a92bb) Importer(815301076,1909f56bfc062723c751e8b465ee728b)
Start importing Assets/Scripts/Minijuego 8/BotonBatidora.cs using Guid(e91d731bbe11c4551a118c6ba60a92bb) Importer(815301076,1909f56bfc062723c751e8b465ee728b) (PreviewImporter) -> (artifact id: '00000000000000000000000000000000') in 0.000633125 seconds
Import Error Code:(4)
Message: Build asset version error: assets/scripts/minijuego 8/botonbatidora.cs in SourceAssetDB has modification time of '2026-07-15T16:18:20Z' while content on disk has modification time of '2026-07-15T16:19:02Z'
  ERROR: Build asset version error: assets/scripts/minijuego 8/botonbatidora.cs in SourceAssetDB has modification time of '2026-07-15T16:18:20Z' while content on disk has modification time of '2026-07-15T16:19:02Z'
Number of updated asset objects reloaded before import = 0Number of asset objects unloaded after import = 0

========================================================================
Received Import Request.
  Time since last request: 0.059523 seconds.
  path: Assets/Scripts/Minijuego 8/BotonBatidora.cs
  artifactKey: Guid(e91d731bbe11c4551a118c6ba60a92bb) Importer(815301076,1909f56bfc062723c751e8b465ee728b)
Start importing Assets/Scripts/Minijuego 8/BotonBatidora.cs using Guid(e91d731bbe11c4551a118c6ba60a92bb) Importer(815301076,1909f56bfc062723c751e8b465ee728b) (PreviewImporter) -> (artifact id: '00000000000000000000000000000000') in 0.000517458 seconds
Import Error Code:(4)
Message: Build asset version error: assets/scripts/minijuego 8/botonbatidora.cs in SourceAssetDB has modification time of '2026-07-15T16:18:20Z' while content on disk has modification time of '2026-07-15T16:19:02Z'
  ERROR: Build asset version error: assets/scripts/minijuego 8/botonbatidora.cs in SourceAssetDB has modification time of '2026-07-15T16:18:20Z' while content on disk has modification time of '2026-07-15T16:19:02Z'
Number of updated asset objects reloaded before import = 0Number of asset objects unloaded after import = 0

========================================================================
Received Import Request.
  Time since last request: 0.059360 seconds.
  path: Assets/Scripts/Minijuego 8/BotonBatidora.cs
  artifactKey: Guid(e91d731bbe11c4551a118c6ba60a92bb) Importer(815301076,1909f56bfc062723c751e8b465ee728b)
Start importing Assets/Scripts/Minijuego 8/BotonBatidora.cs using Guid(e91d731bbe11c4551a118c6ba60a92bb) Importer(815301076,1909f56bfc062723c751e8b465ee728b) (PreviewImporter) -> (artifact id: '00000000000000000000000000000000') in 0.000448375 seconds
Import Error Code:(4)
Message: Build asset version error: assets/scripts/minijuego 8/botonbatidora.cs in SourceAssetDB has modification time of '2026-07-15T16:18:20Z' while content on disk has modification time of '2026-07-15T16:19:02Z'
  ERROR: Build asset version error: assets/scripts/minijuego 8/botonbatidora.cs in SourceAssetDB has modification time of '2026-07-15T16:18:20Z' while content on disk has modification time of '2026-07-15T16:19:02Z'
Number of updated asset objects reloaded before import = 0Number of asset objects unloaded after import = 0

========================================================================
Received Import Request.
  Time since last request: 0.167265 seconds.
  path: Assets/Scripts/Minijuego 8/BotonBatidora.cs
  artifactKey: Guid(e91d731bbe11c4551a118c6ba60a92bb) Importer(815301076,1909f56bfc062723c751e8b465ee728b)
Start importing Assets/Scripts/Minijuego 8/BotonBatidora.cs using Guid(e91d731bbe11c4551a118c6ba60a92bb) Importer(815301076,1909f56bfc062723c751e8b465ee728b) (PreviewImporter) -> (artifact id: '00000000000000000000000000000000') in 0.000636625 seconds
Import Error Code:(4)
Message: Build asset version error: assets/scripts/minijuego 8/botonbatidora.cs in SourceAssetDB has modification time of '2026-07-15T16:18:20Z' while content on disk has modification time of '2026-07-15T16:19:02Z'
  ERROR: Build asset version error: assets/scripts/minijuego 8/botonbatidora.cs in SourceAssetDB has modification time of '2026-07-15T16:18:20Z' while content on disk has modification time of '2026-07-15T16:19:02Z'
Number of updated asset objects reloaded before import = 0Number of asset objects unloaded after import = 0

========================================================================
Received Import Request.
  Time since last request: 0.056917 seconds.
  path: Assets/Scripts/Minijuego 8/BotonBatidora.cs
  artifactKey: Guid(e91d731bbe11c4551a118c6ba60a92bb) Importer(815301076,1909f56bfc062723c751e8b465ee728b)
Start importing Assets/Scripts/Minijuego 8/BotonBatidora.cs using Guid(e91d731bbe11c4551a118c6ba60a92bb) Importer(815301076,1909f56bfc062723c751e8b465ee728b) (PreviewImporter) -> (artifact id: '00000000000000000000000000000000') in 0.000579625 seconds
Import Error Code:(4)
Message: Build asset version error: assets/scripts/minijuego 8/botonbatidora.cs in SourceAssetDB has modification time of '2026-07-15T16:18:20Z' while content on disk has modification time of '2026-07-15T16:19:02Z'
  ERROR: Build asset version error: assets/scripts/minijuego 8/botonbatidora.cs in SourceAssetDB has modification time of '2026-07-15T16:18:20Z' while content on disk has modification time of '2026-07-15T16:19:02Z'
Number of updated asset objects reloaded before import = 0Number of asset objects unloaded after import = 0

========================================================================
Received Import Request.
  Time since last request: 0.061058 seconds.
  path: Assets/Scripts/Minijuego 8/BotonBatidora.cs
  artifactKey: Guid(e91d731bbe11c4551a118c6ba60a92bb) Importer(815301076,1909f56bfc062723c751e8b465ee728b)
Start importing Assets/Scripts/Minijuego 8/BotonBatidora.cs using Guid(e91d731bbe11c4551a118c6ba60a92bb) Importer(815301076,1909f56bfc062723c751e8b465ee728b) (PreviewImporter) -> (artifact id: '00000000000000000000000000000000') in 0.000426792 seconds
Import Error Code:(4)
Message: Build asset version error: assets/scripts/minijuego 8/botonbatidora.cs in SourceAssetDB has modification time of '2026-07-15T16:18:20Z' while content on disk has modification time of '2026-07-15T16:19:02Z'
  ERROR: Build asset version error: assets/scripts/minijuego 8/botonbatidora.cs in SourceAssetDB has modification time of '2026-07-15T16:18:20Z' while content on disk has modification time of '2026-07-15T16:19:02Z'
Number of updated asset objects reloaded before import = 0Number of asset objects unloaded after import = 0

========================================================================
Received Import Request.
  Time since last request: 0.068683 seconds.
  path: Assets/Scripts/Minijuego 8/BotonBatidora.cs
  artifactKey: Guid(e91d731bbe11c4551a118c6ba60a92bb) Importer(815301076,1909f56bfc062723c751e8b465ee728b)
Start importing Assets/Scripts/Minijuego 8/BotonBatidora.cs using Guid(e91d731bbe11c4551a118c6ba60a92bb) Importer(815301076,1909f56bfc062723c751e8b465ee728b) (PreviewImporter) -> (artifact id: '00000000000000000000000000000000') in 0.000484458 seconds
Import Error Code:(4)
Message: Build asset version error: assets/scripts/minijuego 8/botonbatidora.cs in SourceAssetDB has modification time of '2026-07-15T16:18:20Z' while content on disk has modification time of '2026-07-15T16:19:02Z'
  ERROR: Build asset version error: assets/scripts/minijuego 8/botonbatidora.cs in SourceAssetDB has modification time of '2026-07-15T16:18:20Z' while content on disk has modification time of '2026-07-15T16:19:02Z'
Number of updated asset objects reloaded before import = 0Number of asset objects unloaded after import = 0

========================================================================
Received Import Request.
  Time since last request: 0.170409 seconds.
  path: Assets/Scripts/Minijuego 8/BotonBatidora.cs
  artifactKey: Guid(e91d731bbe11c4551a118c6ba60a92bb) Importer(815301076,1909f56bfc062723c751e8b465ee728b)
Start importing Assets/Scripts/Minijuego 8/BotonBatidora.cs using Guid(e91d731bbe11c4551a118c6ba60a92bb) Importer(815301076,1909f56bfc062723c751e8b465ee728b) (PreviewImporter) -> (artifact id: '00000000000000000000000000000000') in 0.000523375 seconds
Import Error Code:(4)
Message: Build asset version error: assets/scripts/minijuego 8/botonbatidora.cs in SourceAssetDB has modification time of '2026-07-15T16:18:20Z' while content on disk has modification time of '2026-07-15T16:19:02Z'
  ERROR: Build asset version error: assets/scripts/minijuego 8/botonbatidora.cs in SourceAssetDB has modification time of '2026-07-15T16:18:20Z' while content on disk has modification time of '2026-07-15T16:19:02Z'
Number of updated asset objects reloaded before import = 0Number of asset objects unloaded after import = 0

========================================================================
Received Import Request.
  Time since last request: 0.157133 seconds.
  path: Assets/Scripts/Minijuego 8/BotonBatidora.cs
  artifactKey: Guid(e91d731bbe11c4551a118c6ba60a92bb) Importer(815301076,1909f56bfc062723c751e8b465ee728b)
Start importing Assets/Scripts/Minijuego 8/BotonBatidora.cs using Guid(e91d731bbe11c4551a118c6ba60a92bb) Importer(815301076,1909f56bfc062723c751e8b465ee728b) (PreviewImporter) -> (artifact id: '00000000000000000000000000000000') in 0.00091575 seconds
Import Error Code:(4)
Message: Build asset version error: assets/scripts/minijuego 8/botonbatidora.cs in SourceAssetDB has modification time of '2026-07-15T16:18:20Z' while content on disk has modification time of '2026-07-15T16:19:02Z'
  ERROR: Build asset version error: assets/scripts/minijuego 8/botonbatidora.cs in SourceAssetDB has modification time of '2026-07-15T16:18:20Z' while content on disk has modification time of '2026-07-15T16:19:02Z'
Number of updated asset objects reloaded before import = 0Number of asset objects unloaded after import = 0

========================================================================
Received Import Request.
  Time since last request: 0.056751 seconds.
  path: Assets/Scripts/Minijuego 8/BotonBatidora.cs
  artifactKey: Guid(e91d731bbe11c4551a118c6ba60a92bb) Importer(815301076,1909f56bfc062723c751e8b465ee728b)
Start importing Assets/Scripts/Minijuego 8/BotonBatidora.cs using Guid(e91d731bbe11c4551a118c6ba60a92bb) Importer(815301076,1909f56bfc062723c751e8b465ee728b) (PreviewImporter) -> (artifact id: '00000000000000000000000000000000') in 0.000547542 seconds
Import Error Code:(4)
Message: Build asset version error: assets/scripts/minijuego 8/botonbatidora.cs in SourceAssetDB has modification time of '2026-07-15T16:18:20Z' while content on disk has modification time of '2026-07-15T16:19:02Z'
  ERROR: Build asset version error: assets/scripts/minijuego 8/botonbatidora.cs in SourceAssetDB has modification time of '2026-07-15T16:18:20Z' while content on disk has modification time of '2026-07-15T16:19:02Z'
Number of updated asset objects reloaded before import = 0Number of asset objects unloaded after import = 0

========================================================================
Received Import Request.
  Time since last request: 0.061743 seconds.
  path: Assets/Scripts/Minijuego 8/BotonBatidora.cs
  artifactKey: Guid(e91d731bbe11c4551a118c6ba60a92bb) Importer(815301076,1909f56bfc062723c751e8b465ee728b)
Start importing Assets/Scripts/Minijuego 8/BotonBatidora.cs using Guid(e91d731bbe11c4551a118c6ba60a92bb) Importer(815301076,1909f56bfc062723c751e8b465ee728b) (PreviewImporter) -> (artifact id: '00000000000000000000000000000000') in 0.000438709 seconds
Import Error Code:(4)
Message: Build asset version error: assets/scripts/minijuego 8/botonbatidora.cs in SourceAssetDB has modification time of '2026-07-15T16:18:20Z' while content on disk has modification time of '2026-07-15T16:19:02Z'
  ERROR: Build asset version error: assets/scripts/minijuego 8/botonbatidora.cs in SourceAssetDB has modification time of '2026-07-15T16:18:20Z' while content on disk has modification time of '2026-07-15T16:19:02Z'
Number of updated asset objects reloaded before import = 0Number of asset objects unloaded after import = 0

========================================================================
Received Import Request.
  Time since last request: 0.168244 seconds.
  path: Assets/Scripts/Minijuego 8/BotonBatidora.cs
  artifactKey: Guid(e91d731bbe11c4551a118c6ba60a92bb) Importer(815301076,1909f56bfc062723c751e8b465ee728b)
Start importing Assets/Scripts/Minijuego 8/BotonBatidora.cs using Guid(e91d731bbe11c4551a118c6ba60a92bb) Importer(815301076,1909f56bfc062723c751e8b465ee728b) (PreviewImporter) -> (artifact id: '00000000000000000000000000000000') in 0.000769625 seconds
Import Error Code:(4)
Message: Build asset version error: assets/scripts/minijuego 8/botonbatidora.cs in SourceAssetDB has modification time of '2026-07-15T16:18:20Z' while content on disk has modification time of '2026-07-15T16:19:02Z'
  ERROR: Build asset version error: assets/scripts/minijuego 8/botonbatidora.cs in SourceAssetDB has modification time of '2026-07-15T16:18:20Z' while content on disk has modification time of '2026-07-15T16:19:02Z'
Number of updated asset objects reloaded before import = 0Number of asset objects unloaded after import = 0

========================================================================
Received Import Request.
  Time since last request: 0.055824 seconds.
  path: Assets/Scripts/Minijuego 8/BotonBatidora.cs
  artifactKey: Guid(e91d731bbe11c4551a118c6ba60a92bb) Importer(815301076,1909f56bfc062723c751e8b465ee728b)
Start importing Assets/Scripts/Minijuego 8/BotonBatidora.cs using Guid(e91d731bbe11c4551a118c6ba60a92bb) Importer(815301076,1909f56bfc062723c751e8b465ee728b) (PreviewImporter) -> (artifact id: '00000000000000000000000000000000') in 0.0005665 seconds
Import Error Code:(4)
Message: Build asset version error: assets/scripts/minijuego 8/botonbatidora.cs in SourceAssetDB has modification time of '2026-07-15T16:18:20Z' while content on disk has modification time of '2026-07-15T16:19:02Z'
  ERROR: Build asset version error: assets/scripts/minijuego 8/botonbatidora.cs in SourceAssetDB has modification time of '2026-07-15T16:18:20Z' while content on disk has modification time of '2026-07-15T16:19:02Z'
Number of updated asset objects reloaded before import = 0Number of asset objects unloaded after import = 0

========================================================================
Received Import Request.
  Time since last request: 0.164022 seconds.
  path: Assets/Scripts/Minijuego 8/BotonBatidora.cs
  artifactKey: Guid(e91d731bbe11c4551a118c6ba60a92bb) Importer(815301076,1909f56bfc062723c751e8b465ee728b)
Start importing Assets/Scripts/Minijuego 8/BotonBatidora.cs using Guid(e91d731bbe11c4551a118c6ba60a92bb) Importer(815301076,1909f56bfc062723c751e8b465ee728b) (PreviewImporter) -> (artifact id: '00000000000000000000000000000000') in 0.000763166 seconds
Import Error Code:(4)
Message: Build asset version error: assets/scripts/minijuego 8/botonbatidora.cs in SourceAssetDB has modification time of '2026-07-15T16:18:20Z' while content on disk has modification time of '2026-07-15T16:19:02Z'
  ERROR: Build asset version error: assets/scripts/minijuego 8/botonbatidora.cs in SourceAssetDB has modification time of '2026-07-15T16:18:20Z' while content on disk has modification time of '2026-07-15T16:19:02Z'
Number of updated asset objects reloaded before import = 0Number of asset objects unloaded after import = 0

========================================================================
Received Import Request.
  Time since last request: 0.156594 seconds.
  path: Assets/Scripts/Minijuego 8/BotonBatidora.cs
  artifactKey: Guid(e91d731bbe11c4551a118c6ba60a92bb) Importer(815301076,1909f56bfc062723c751e8b465ee728b)
Start importing Assets/Scripts/Minijuego 8/BotonBatidora.cs using Guid(e91d731bbe11c4551a118c6ba60a92bb) Importer(815301076,1909f56bfc062723c751e8b465ee728b) (PreviewImporter) -> (artifact id: '00000000000000000000000000000000') in 0.000744042 seconds
Import Error Code:(4)
Message: Build asset version error: assets/scripts/minijuego 8/botonbatidora.cs in SourceAssetDB has modification time of '2026-07-15T16:18:20Z' while content on disk has modification time of '2026-07-15T16:19:02Z'
  ERROR: Build asset version error: assets/scripts/minijuego 8/botonbatidora.cs in SourceAssetDB has modification time of '2026-07-15T16:18:20Z' while content on disk has modification time of '2026-07-15T16:19:02Z'
Number of updated asset objects reloaded before import = 0Number of asset objects unloaded after import = 0

========================================================================
Received Import Request.
  Time since last request: 0.158636 seconds.
  path: Assets/Scripts/Minijuego 8/BotonBatidora.cs
  artifactKey: Guid(e91d731bbe11c4551a118c6ba60a92bb) Importer(815301076,1909f56bfc062723c751e8b465ee728b)
Start importing Assets/Scripts/Minijuego 8/BotonBatidora.cs using Guid(e91d731bbe11c4551a118c6ba60a92bb) Importer(815301076,1909f56bfc062723c751e8b465ee728b) (PreviewImporter) -> (artifact id: '00000000000000000000000000000000') in 0.000675667 seconds
Import Error Code:(4)
Message: Build asset version error: assets/scripts/minijuego 8/botonbatidora.cs in SourceAssetDB has modification time of '2026-07-15T16:18:20Z' while content on disk has modification time of '2026-07-15T16:19:02Z'
  ERROR: Build asset version error: assets/scripts/minijuego 8/botonbatidora.cs in SourceAssetDB has modification time of '2026-07-15T16:18:20Z' while content on disk has modification time of '2026-07-15T16:19:02Z'
Number of updated asset objects reloaded before import = 0Number of asset objects unloaded after import = 0

========================================================================
Received Import Request.
  Time since last request: 0.156913 seconds.
  path: Assets/Scripts/Minijuego 8/BotonBatidora.cs
  artifactKey: Guid(e91d731bbe11c4551a118c6ba60a92bb) Importer(815301076,1909f56bfc062723c751e8b465ee728b)
Start importing Assets/Scripts/Minijuego 8/BotonBatidora.cs using Guid(e91d731bbe11c4551a118c6ba60a92bb) Importer(815301076,1909f56bfc062723c751e8b465ee728b) (PreviewImporter) -> (artifact id: '00000000000000000000000000000000') in 0.000763917 seconds
Import Error Code:(4)
Message: Build asset version error: assets/scripts/minijuego 8/botonbatidora.cs in SourceAssetDB has modification time of '2026-07-15T16:18:20Z' while content on disk has modification time of '2026-07-15T16:19:02Z'
  ERROR: Build asset version error: assets/scripts/minijuego 8/botonbatidora.cs in SourceAssetDB has modification time of '2026-07-15T16:18:20Z' while content on disk has modification time of '2026-07-15T16:19:02Z'
Number of updated asset objects reloaded before import = 0Number of asset objects unloaded after import = 0

========================================================================
Received Import Request.
  Time since last request: 0.057589 seconds.
  path: Assets/Scripts/Minijuego 8/BotonBatidora.cs
  artifactKey: Guid(e91d731bbe11c4551a118c6ba60a92bb) Importer(815301076,1909f56bfc062723c751e8b465ee728b)
Start importing Assets/Scripts/Minijuego 8/BotonBatidora.cs using Guid(e91d731bbe11c4551a118c6ba60a92bb) Importer(815301076,1909f56bfc062723c751e8b465ee728b) (PreviewImporter) -> (artifact id: '00000000000000000000000000000000') in 0.000496416 seconds
Import Error Code:(4)
Message: Build asset version error: assets/scripts/minijuego 8/botonbatidora.cs in SourceAssetDB has modification time of '2026-07-15T16:18:20Z' while content on disk has modification time of '2026-07-15T16:19:02Z'
  ERROR: Build asset version error: assets/scripts/minijuego 8/botonbatidora.cs in SourceAssetDB has modification time of '2026-07-15T16:18:20Z' while content on disk has modification time of '2026-07-15T16:19:02Z'
Number of updated asset objects reloaded before import = 0Number of asset objects unloaded after import = 0

========================================================================
Received Import Request.
  Time since last request: 0.164128 seconds.
  path: Assets/Scripts/Minijuego 8/BotonBatidora.cs
  artifactKey: Guid(e91d731bbe11c4551a118c6ba60a92bb) Importer(815301076,1909f56bfc062723c751e8b465ee728b)
Start importing Assets/Scripts/Minijuego 8/BotonBatidora.cs using Guid(e91d731bbe11c4551a118c6ba60a92bb) Importer(815301076,1909f56bfc062723c751e8b465ee728b) (PreviewImporter) -> (artifact id: '00000000000000000000000000000000') in 0.000733125 seconds
Import Error Code:(4)
Message: Build asset version error: assets/scripts/minijuego 8/botonbatidora.cs in SourceAssetDB has modification time of '2026-07-15T16:18:20Z' while content on disk has modification time of '2026-07-15T16:19:02Z'
  ERROR: Build asset version error: assets/scripts/minijuego 8/botonbatidora.cs in SourceAssetDB has modification time of '2026-07-15T16:18:20Z' while content on disk has modification time of '2026-07-15T16:19:02Z'
Number of updated asset objects reloaded before import = 0Number of asset objects unloaded after import = 0

========================================================================
Received Import Request.
  Time since last request: 0.053602 seconds.
  path: Assets/Scripts/Minijuego 8/BotonBatidora.cs
  artifactKey: Guid(e91d731bbe11c4551a118c6ba60a92bb) Importer(815301076,1909f56bfc062723c751e8b465ee728b)
Start importing Assets/Scripts/Minijuego 8/BotonBatidora.cs using Guid(e91d731bbe11c4551a118c6ba60a92bb) Importer(815301076,1909f56bfc062723c751e8b465ee728b) (PreviewImporter) -> (artifact id: '00000000000000000000000000000000') in 0.000674792 seconds
Import Error Code:(4)
Message: Build asset version error: assets/scripts/minijuego 8/botonbatidora.cs in SourceAssetDB has modification time of '2026-07-15T16:18:20Z' while content on disk has modification time of '2026-07-15T16:19:02Z'
  ERROR: Build asset version error: assets/scripts/minijuego 8/botonbatidora.cs in SourceAssetDB has modification time of '2026-07-15T16:18:20Z' while content on disk has modification time of '2026-07-15T16:19:02Z'
Number of updated asset objects reloaded before import = 0Number of asset objects unloaded after import = 0

========================================================================
Received Import Request.
  Time since last request: 0.164394 seconds.
  path: Assets/Scripts/Minijuego 8/BotonBatidora.cs
  artifactKey: Guid(e91d731bbe11c4551a118c6ba60a92bb) Importer(815301076,1909f56bfc062723c751e8b465ee728b)
Start importing Assets/Scripts/Minijuego 8/BotonBatidora.cs using Guid(e91d731bbe11c4551a118c6ba60a92bb) Importer(815301076,1909f56bfc062723c751e8b465ee728b) (PreviewImporter) -> (artifact id: '00000000000000000000000000000000') in 0.000709292 seconds
Import Error Code:(4)
Message: Build asset version error: assets/scripts/minijuego 8/botonbatidora.cs in SourceAssetDB has modification time of '2026-07-15T16:18:20Z' while content on disk has modification time of '2026-07-15T16:19:02Z'
  ERROR: Build asset version error: assets/scripts/minijuego 8/botonbatidora.cs in SourceAssetDB has modification time of '2026-07-15T16:18:20Z' while content on disk has modification time of '2026-07-15T16:19:02Z'
Number of updated asset objects reloaded before import = 0Number of asset objects unloaded after import = 0

========================================================================
Received Import Request.
  Time since last request: 0.155006 seconds.
  path: Assets/Scripts/Minijuego 8/BotonBatidora.cs
  artifactKey: Guid(e91d731bbe11c4551a118c6ba60a92bb) Importer(815301076,1909f56bfc062723c751e8b465ee728b)
Start importing Assets/Scripts/Minijuego 8/BotonBatidora.cs using Guid(e91d731bbe11c4551a118c6ba60a92bb) Importer(815301076,1909f56bfc062723c751e8b465ee728b) (PreviewImporter) -> (artifact id: '00000000000000000000000000000000') in 0.000694958 seconds
Import Error Code:(4)
Message: Build asset version error: assets/scripts/minijuego 8/botonbatidora.cs in SourceAssetDB has modification time of '2026-07-15T16:18:20Z' while content on disk has modification time of '2026-07-15T16:19:02Z'
  ERROR: Build asset version error: assets/scripts/minijuego 8/botonbatidora.cs in SourceAssetDB has modification time of '2026-07-15T16:18:20Z' while content on disk has modification time of '2026-07-15T16:19:02Z'
Number of updated asset objects reloaded before import = 0Number of asset objects unloaded after import = 0

========================================================================
Received Import Request.
  Time since last request: 0.159492 seconds.
  path: Assets/Scripts/Minijuego 8/BotonBatidora.cs
  artifactKey: Guid(e91d731bbe11c4551a118c6ba60a92bb) Importer(815301076,1909f56bfc062723c751e8b465ee728b)
Start importing Assets/Scripts/Minijuego 8/BotonBatidora.cs using Guid(e91d731bbe11c4551a118c6ba60a92bb) Importer(815301076,1909f56bfc062723c751e8b465ee728b) (PreviewImporter) -> (artifact id: '00000000000000000000000000000000') in 0.000804625 seconds
Import Error Code:(4)
Message: Build asset version error: assets/scripts/minijuego 8/botonbatidora.cs in SourceAssetDB has modification time of '2026-07-15T16:18:20Z' while content on disk has modification time of '2026-07-15T16:19:02Z'
  ERROR: Build asset version error: assets/scripts/minijuego 8/botonbatidora.cs in SourceAssetDB has modification time of '2026-07-15T16:18:20Z' while content on disk has modification time of '2026-07-15T16:19:02Z'
Number of updated asset objects reloaded before import = 0Number of asset objects unloaded after import = 0

========================================================================
Received Import Request.
  Time since last request: 0.059167 seconds.
  path: Assets/Scripts/Minijuego 8/BotonBatidora.cs
  artifactKey: Guid(e91d731bbe11c4551a118c6ba60a92bb) Importer(815301076,1909f56bfc062723c751e8b465ee728b)
Start importing Assets/Scripts/Minijuego 8/BotonBatidora.cs using Guid(e91d731bbe11c4551a118c6ba60a92bb) Importer(815301076,1909f56bfc062723c751e8b465ee728b) (PreviewImporter) -> (artifact id: '00000000000000000000000000000000') in 0.000539292 seconds
Import Error Code:(4)
Message: Build asset version error: assets/scripts/minijuego 8/botonbatidora.cs in SourceAssetDB has modification time of '2026-07-15T16:18:20Z' while content on disk has modification time of '2026-07-15T16:19:02Z'
  ERROR: Build asset version error: assets/scripts/minijuego 8/botonbatidora.cs in SourceAssetDB has modification time of '2026-07-15T16:18:20Z' while content on disk has modification time of '2026-07-15T16:19:02Z'
Number of updated asset objects reloaded before import = 0Number of asset objects unloaded after import = 0

========================================================================
Received Import Request.
  Time since last request: 0.160780 seconds.
  path: Assets/Scripts/Minijuego 8/BotonBatidora.cs
  artifactKey: Guid(e91d731bbe11c4551a118c6ba60a92bb) Importer(815301076,1909f56bfc062723c751e8b465ee728b)
Start importing Assets/Scripts/Minijuego 8/BotonBatidora.cs using Guid(e91d731bbe11c4551a118c6ba60a92bb) Importer(815301076,1909f56bfc062723c751e8b465ee728b) (PreviewImporter) -> (artifact id: '00000000000000000000000000000000') in 0.003194667 seconds
Import Error Code:(4)
Message: Build asset version error: assets/scripts/minijuego 8/botonbatidora.cs in SourceAssetDB has modification time of '2026-07-15T16:18:20Z' while content on disk has modification time of '2026-07-15T16:19:23Z'
  ERROR: Build asset version error: assets/scripts/minijuego 8/botonbatidora.cs in SourceAssetDB has modification time of '2026-07-15T16:18:20Z' while content on disk has modification time of '2026-07-15T16:19:23Z'
Number of updated asset objects reloaded before import = 0Number of asset objects unloaded after import = 0

========================================================================
Received Import Request.
  Time since last request: 0.049839 seconds.
  path: Assets/Scripts/Minijuego 8/BotonBatidora.cs
  artifactKey: Guid(e91d731bbe11c4551a118c6ba60a92bb) Importer(815301076,1909f56bfc062723c751e8b465ee728b)
Start importing Assets/Scripts/Minijuego 8/BotonBatidora.cs using Guid(e91d731bbe11c4551a118c6ba60a92bb) Importer(815301076,1909f56bfc062723c751e8b465ee728b) (PreviewImporter) -> (artifact id: '00000000000000000000000000000000') in 0.000572584 seconds
Import Error Code:(4)
Message: Build asset version error: assets/scripts/minijuego 8/botonbatidora.cs in SourceAssetDB has modification time of '2026-07-15T16:18:20Z' while content on disk has modification time of '2026-07-15T16:19:23Z'
  ERROR: Build asset version error: assets/scripts/minijuego 8/botonbatidora.cs in SourceAssetDB has modification time of '2026-07-15T16:18:20Z' while content on disk has modification time of '2026-07-15T16:19:23Z'
Number of updated asset objects reloaded before import = 0Number of asset objects unloaded after import = 0

========================================================================
Received Import Request.
  Time since last request: 0.062001 seconds.
  path: Assets/Scripts/Minijuego 8/BotonBatidora.cs
  artifactKey: Guid(e91d731bbe11c4551a118c6ba60a92bb) Importer(815301076,1909f56bfc062723c751e8b465ee728b)
Start importing Assets/Scripts/Minijuego 8/BotonBatidora.cs using Guid(e91d731bbe11c4551a118c6ba60a92bb) Importer(815301076,1909f56bfc062723c751e8b465ee728b) (PreviewImporter) -> (artifact id: '00000000000000000000000000000000') in 0.000523708 seconds
Import Error Code:(4)
Message: Build asset version error: assets/scripts/minijuego 8/botonbatidora.cs in SourceAssetDB has modification time of '2026-07-15T16:18:20Z' while content on disk has modification time of '2026-07-15T16:19:23Z'
  ERROR: Build asset version error: assets/scripts/minijuego 8/botonbatidora.cs in SourceAssetDB has modification time of '2026-07-15T16:18:20Z' while content on disk has modification time of '2026-07-15T16:19:23Z'
Number of updated asset objects reloaded before import = 0Number of asset objects unloaded after import = 0

========================================================================
Received Import Request.
  Time since last request: 0.069117 seconds.
  path: Assets/Scripts/Minijuego 8/BotonBatidora.cs
  artifactKey: Guid(e91d731bbe11c4551a118c6ba60a92bb) Importer(815301076,1909f56bfc062723c751e8b465ee728b)
Start importing Assets/Scripts/Minijuego 8/BotonBatidora.cs using Guid(e91d731bbe11c4551a118c6ba60a92bb) Importer(815301076,1909f56bfc062723c751e8b465ee728b) (PreviewImporter) -> (artifact id: '00000000000000000000000000000000') in 0.00078 seconds
Import Error Code:(4)
Message: Build asset version error: assets/scripts/minijuego 8/botonbatidora.cs in SourceAssetDB has modification time of '2026-07-15T16:18:20Z' while content on disk has modification time of '2026-07-15T16:19:23Z'
  ERROR: Build asset version error: assets/scripts/minijuego 8/botonbatidora.cs in SourceAssetDB has modification time of '2026-07-15T16:18:20Z' while content on disk has modification time of '2026-07-15T16:19:23Z'
Number of updated asset objects reloaded before import = 0Number of asset objects unloaded after import = 0

========================================================================
Received Import Request.
  Time since last request: 0.158837 seconds.
  path: Assets/Scripts/Minijuego 8/BotonBatidora.cs
  artifactKey: Guid(e91d731bbe11c4551a118c6ba60a92bb) Importer(815301076,1909f56bfc062723c751e8b465ee728b)
Start importing Assets/Scripts/Minijuego 8/BotonBatidora.cs using Guid(e91d731bbe11c4551a118c6ba60a92bb) Importer(815301076,1909f56bfc062723c751e8b465ee728b) (PreviewImporter) -> (artifact id: '00000000000000000000000000000000') in 0.000790792 seconds
Import Error Code:(4)
Message: Build asset version error: assets/scripts/minijuego 8/botonbatidora.cs in SourceAssetDB has modification time of '2026-07-15T16:18:20Z' while content on disk has modification time of '2026-07-15T16:19:23Z'
  ERROR: Build asset version error: assets/scripts/minijuego 8/botonbatidora.cs in SourceAssetDB has modification time of '2026-07-15T16:18:20Z' while content on disk has modification time of '2026-07-15T16:19:23Z'
Number of updated asset objects reloaded before import = 0Number of asset objects unloaded after import = 0

========================================================================
Received Import Request.
  Time since last request: 0.057446 seconds.
  path: Assets/Scripts/Minijuego 8/BotonBatidora.cs
  artifactKey: Guid(e91d731bbe11c4551a118c6ba60a92bb) Importer(815301076,1909f56bfc062723c751e8b465ee728b)
Start importing Assets/Scripts/Minijuego 8/BotonBatidora.cs using Guid(e91d731bbe11c4551a118c6ba60a92bb) Importer(815301076,1909f56bfc062723c751e8b465ee728b) (PreviewImporter) -> (artifact id: '00000000000000000000000000000000') in 0.000539667 seconds
Import Error Code:(4)
Message: Build asset version error: assets/scripts/minijuego 8/botonbatidora.cs in SourceAssetDB has modification time of '2026-07-15T16:18:20Z' while content on disk has modification time of '2026-07-15T16:19:23Z'
  ERROR: Build asset version error: assets/scripts/minijuego 8/botonbatidora.cs in SourceAssetDB has modification time of '2026-07-15T16:18:20Z' while content on disk has modification time of '2026-07-15T16:19:23Z'
Number of updated asset objects reloaded before import = 0Number of asset objects unloaded after import = 0

========================================================================
Received Import Request.
  Time since last request: 0.068437 seconds.
  path: Assets/Scripts/Minijuego 8/BotonBatidora.cs
  artifactKey: Guid(e91d731bbe11c4551a118c6ba60a92bb) Importer(815301076,1909f56bfc062723c751e8b465ee728b)
Start importing Assets/Scripts/Minijuego 8/BotonBatidora.cs using Guid(e91d731bbe11c4551a118c6ba60a92bb) Importer(815301076,1909f56bfc062723c751e8b465ee728b) (PreviewImporter) -> (artifact id: '00000000000000000000000000000000') in 0.000561459 seconds
Import Error Code:(4)
Message: Build asset version error: assets/scripts/minijuego 8/botonbatidora.cs in SourceAssetDB has modification time of '2026-07-15T16:18:20Z' while content on disk has modification time of '2026-07-15T16:19:23Z'
  ERROR: Build asset version error: assets/scripts/minijuego 8/botonbatidora.cs in SourceAssetDB has modification time of '2026-07-15T16:18:20Z' while content on disk has modification time of '2026-07-15T16:19:23Z'
Number of updated asset objects reloaded before import = 0Number of asset objects unloaded after import = 0

========================================================================
Received Import Request.
  Time since last request: 0.172714 seconds.
  path: Assets/Scripts/Minijuego 8/BotonBatidora.cs
  artifactKey: Guid(e91d731bbe11c4551a118c6ba60a92bb) Importer(815301076,1909f56bfc062723c751e8b465ee728b)
Start importing Assets/Scripts/Minijuego 8/BotonBatidora.cs using Guid(e91d731bbe11c4551a118c6ba60a92bb) Importer(815301076,1909f56bfc062723c751e8b465ee728b) (PreviewImporter) -> (artifact id: '00000000000000000000000000000000') in 0.000517958 seconds
Import Error Code:(4)
Message: Build asset version error: assets/scripts/minijuego 8/botonbatidora.cs in SourceAssetDB has modification time of '2026-07-15T16:18:20Z' while content on disk has modification time of '2026-07-15T16:19:23Z'
  ERROR: Build asset version error: assets/scripts/minijuego 8/botonbatidora.cs in SourceAssetDB has modification time of '2026-07-15T16:18:20Z' while content on disk has modification time of '2026-07-15T16:19:23Z'
Number of updated asset objects reloaded before import = 0Number of asset objects unloaded after import = 0

========================================================================
Received Import Request.
  Time since last request: 0.157489 seconds.
  path: Assets/Scripts/Minijuego 8/BotonBatidora.cs
  artifactKey: Guid(e91d731bbe11c4551a118c6ba60a92bb) Importer(815301076,1909f56bfc062723c751e8b465ee728b)
Start importing Assets/Scripts/Minijuego 8/BotonBatidora.cs using Guid(e91d731bbe11c4551a118c6ba60a92bb) Importer(815301076,1909f56bfc062723c751e8b465ee728b) (PreviewImporter) -> (artifact id: '00000000000000000000000000000000') in 0.000491834 seconds
Import Error Code:(4)
Message: Build asset version error: assets/scripts/minijuego 8/botonbatidora.cs in SourceAssetDB has modification time of '2026-07-15T16:18:20Z' while content on disk has modification time of '2026-07-15T16:19:23Z'
  ERROR: Build asset version error: assets/scripts/minijuego 8/botonbatidora.cs in SourceAssetDB has modification time of '2026-07-15T16:18:20Z' while content on disk has modification time of '2026-07-15T16:19:23Z'
Number of updated asset objects reloaded before import = 0Number of asset objects unloaded after import = 0

========================================================================
Received Import Request.
  Time since last request: 0.059668 seconds.
  path: Assets/Scripts/Minijuego 8/BotonBatidora.cs
  artifactKey: Guid(e91d731bbe11c4551a118c6ba60a92bb) Importer(815301076,1909f56bfc062723c751e8b465ee728b)
Start importing Assets/Scripts/Minijuego 8/BotonBatidora.cs using Guid(e91d731bbe11c4551a118c6ba60a92bb) Importer(815301076,1909f56bfc062723c751e8b465ee728b) (PreviewImporter) -> (artifact id: '00000000000000000000000000000000') in 0.000535583 seconds
Import Error Code:(4)
Message: Build asset version error: assets/scripts/minijuego 8/botonbatidora.cs in SourceAssetDB has modification time of '2026-07-15T16:18:20Z' while content on disk has modification time of '2026-07-15T16:19:23Z'
  ERROR: Build asset version error: assets/scripts/minijuego 8/botonbatidora.cs in SourceAssetDB has modification time of '2026-07-15T16:18:20Z' while content on disk has modification time of '2026-07-15T16:19:23Z'
Number of updated asset objects reloaded before import = 0Number of asset objects unloaded after import = 0

========================================================================
Received Import Request.
  Time since last request: 0.169249 seconds.
  path: Assets/Scripts/Minijuego 8/BotonBatidora.cs
  artifactKey: Guid(e91d731bbe11c4551a118c6ba60a92bb) Importer(815301076,1909f56bfc062723c751e8b465ee728b)
Start importing Assets/Scripts/Minijuego 8/BotonBatidora.cs using Guid(e91d731bbe11c4551a118c6ba60a92bb) Importer(815301076,1909f56bfc062723c751e8b465ee728b) (PreviewImporter) -> (artifact id: '00000000000000000000000000000000') in 0.000652167 seconds
Import Error Code:(4)
Message: Build asset version error: assets/scripts/minijuego 8/botonbatidora.cs in SourceAssetDB has modification time of '2026-07-15T16:18:20Z' while content on disk has modification time of '2026-07-15T16:19:23Z'
  ERROR: Build asset version error: assets/scripts/minijuego 8/botonbatidora.cs in SourceAssetDB has modification time of '2026-07-15T16:18:20Z' while content on disk has modification time of '2026-07-15T16:19:23Z'
Number of updated asset objects reloaded before import = 0Number of asset objects unloaded after import = 0

========================================================================
Received Import Request.
  Time since last request: 0.056775 seconds.
  path: Assets/Scripts/Minijuego 8/BotonBatidora.cs
  artifactKey: Guid(e91d731bbe11c4551a118c6ba60a92bb) Importer(815301076,1909f56bfc062723c751e8b465ee728b)
Start importing Assets/Scripts/Minijuego 8/BotonBatidora.cs using Guid(e91d731bbe11c4551a118c6ba60a92bb) Importer(815301076,1909f56bfc062723c751e8b465ee728b) (PreviewImporter) -> (artifact id: '00000000000000000000000000000000') in 0.000598375 seconds
Import Error Code:(4)
Message: Build asset version error: assets/scripts/minijuego 8/botonbatidora.cs in SourceAssetDB has modification time of '2026-07-15T16:18:20Z' while content on disk has modification time of '2026-07-15T16:19:23Z'
  ERROR: Build asset version error: assets/scripts/minijuego 8/botonbatidora.cs in SourceAssetDB has modification time of '2026-07-15T16:18:20Z' while content on disk has modification time of '2026-07-15T16:19:23Z'
Number of updated asset objects reloaded before import = 0Number of asset objects unloaded after import = 0

========================================================================
Received Import Request.
  Time since last request: 0.169687 seconds.
  path: Assets/Scripts/Minijuego 8/BotonBatidora.cs
  artifactKey: Guid(e91d731bbe11c4551a118c6ba60a92bb) Importer(815301076,1909f56bfc062723c751e8b465ee728b)
Start importing Assets/Scripts/Minijuego 8/BotonBatidora.cs using Guid(e91d731bbe11c4551a118c6ba60a92bb) Importer(815301076,1909f56bfc062723c751e8b465ee728b) (PreviewImporter) -> (artifact id: '00000000000000000000000000000000') in 0.000558208 seconds
Import Error Code:(4)
Message: Build asset version error: assets/scripts/minijuego 8/botonbatidora.cs in SourceAssetDB has modification time of '2026-07-15T16:18:20Z' while content on disk has modification time of '2026-07-15T16:19:23Z'
  ERROR: Build asset version error: assets/scripts/minijuego 8/botonbatidora.cs in SourceAssetDB has modification time of '2026-07-15T16:18:20Z' while content on disk has modification time of '2026-07-15T16:19:23Z'
Number of updated asset objects reloaded before import = 0Number of asset objects unloaded after import = 0

========================================================================
Received Import Request.
  Time since last request: 0.060686 seconds.
  path: Assets/Scripts/Minijuego 8/BotonBatidora.cs
  artifactKey: Guid(e91d731bbe11c4551a118c6ba60a92bb) Importer(815301076,1909f56bfc062723c751e8b465ee728b)
Start importing Assets/Scripts/Minijuego 8/BotonBatidora.cs using Guid(e91d731bbe11c4551a118c6ba60a92bb) Importer(815301076,1909f56bfc062723c751e8b465ee728b) (PreviewImporter) -> (artifact id: '00000000000000000000000000000000') in 0.000679166 seconds
Import Error Code:(4)
Message: Build asset version error: assets/scripts/minijuego 8/botonbatidora.cs in SourceAssetDB has modification time of '2026-07-15T16:18:20Z' while content on disk has modification time of '2026-07-15T16:19:23Z'
  ERROR: Build asset version error: assets/scripts/minijuego 8/botonbatidora.cs in SourceAssetDB has modification time of '2026-07-15T16:18:20Z' while content on disk has modification time of '2026-07-15T16:19:23Z'
Number of updated asset objects reloaded before import = 0Number of asset objects unloaded after import = 0

========================================================================
Received Import Request.
  Time since last request: 0.164947 seconds.
  path: Assets/Scripts/Minijuego 8/BotonBatidora.cs
  artifactKey: Guid(e91d731bbe11c4551a118c6ba60a92bb) Importer(815301076,1909f56bfc062723c751e8b465ee728b)
Start importing Assets/Scripts/Minijuego 8/BotonBatidora.cs using Guid(e91d731bbe11c4551a118c6ba60a92bb) Importer(815301076,1909f56bfc062723c751e8b465ee728b) (PreviewImporter) -> (artifact id: '00000000000000000000000000000000') in 0.000795334 seconds
Import Error Code:(4)
Message: Build asset version error: assets/scripts/minijuego 8/botonbatidora.cs in SourceAssetDB has modification time of '2026-07-15T16:18:20Z' while content on disk has modification time of '2026-07-15T16:19:23Z'
  ERROR: Build asset version error: assets/scripts/minijuego 8/botonbatidora.cs in SourceAssetDB has modification time of '2026-07-15T16:18:20Z' while content on disk has modification time of '2026-07-15T16:19:23Z'
Number of updated asset objects reloaded before import = 0Number of asset objects unloaded after import = 0

========================================================================
Received Import Request.
  Time since last request: 0.068299 seconds.
  path: Assets/Scripts/Minijuego 8/BotonBatidora.cs
  artifactKey: Guid(e91d731bbe11c4551a118c6ba60a92bb) Importer(815301076,1909f56bfc062723c751e8b465ee728b)
Start importing Assets/Scripts/Minijuego 8/BotonBatidora.cs using Guid(e91d731bbe11c4551a118c6ba60a92bb) Importer(815301076,1909f56bfc062723c751e8b465ee728b) (PreviewImporter) -> (artifact id: '00000000000000000000000000000000') in 0.000526209 seconds
Import Error Code:(4)
Message: Build asset version error: assets/scripts/minijuego 8/botonbatidora.cs in SourceAssetDB has modification time of '2026-07-15T16:18:20Z' while content on disk has modification time of '2026-07-15T16:19:23Z'
  ERROR: Build asset version error: assets/scripts/minijuego 8/botonbatidora.cs in SourceAssetDB has modification time of '2026-07-15T16:18:20Z' while content on disk has modification time of '2026-07-15T16:19:23Z'
Number of updated asset objects reloaded before import = 0Number of asset objects unloaded after import = 0

========================================================================
Received Import Request.
  Time since last request: 0.156864 seconds.
  path: Assets/Scripts/Minijuego 8/BotonBatidora.cs
  artifactKey: Guid(e91d731bbe11c4551a118c6ba60a92bb) Importer(815301076,1909f56bfc062723c751e8b465ee728b)
Start importing Assets/Scripts/Minijuego 8/BotonBatidora.cs using Guid(e91d731bbe11c4551a118c6ba60a92bb) Importer(815301076,1909f56bfc062723c751e8b465ee728b) (PreviewImporter) -> (artifact id: '00000000000000000000000000000000') in 0.001363166 seconds
Import Error Code:(4)
Message: Build asset version error: assets/scripts/minijuego 8/botonbatidora.cs in SourceAssetDB has modification time of '2026-07-15T16:18:20Z' while content on disk has modification time of '2026-07-15T16:19:25Z'
  ERROR: Build asset version error: assets/scripts/minijuego 8/botonbatidora.cs in SourceAssetDB has modification time of '2026-07-15T16:18:20Z' while content on disk has modification time of '2026-07-15T16:19:25Z'
Number of updated asset objects reloaded before import = 0Number of asset objects unloaded after import = 0

========================================================================
Received Import Request.
  Time since last request: 0.050926 seconds.
  path: Assets/Scripts/Minijuego 8/BotonBatidora.cs
  artifactKey: Guid(e91d731bbe11c4551a118c6ba60a92bb) Importer(815301076,1909f56bfc062723c751e8b465ee728b)
Start importing Assets/Scripts/Minijuego 8/BotonBatidora.cs using Guid(e91d731bbe11c4551a118c6ba60a92bb) Importer(815301076,1909f56bfc062723c751e8b465ee728b) (PreviewImporter) -> (artifact id: '00000000000000000000000000000000') in 0.000586334 seconds
Import Error Code:(4)
Message: Build asset version error: assets/scripts/minijuego 8/botonbatidora.cs in SourceAssetDB has modification time of '2026-07-15T16:18:20Z' while content on disk has modification time of '2026-07-15T16:19:25Z'
  ERROR: Build asset version error: assets/scripts/minijuego 8/botonbatidora.cs in SourceAssetDB has modification time of '2026-07-15T16:18:20Z' while content on disk has modification time of '2026-07-15T16:19:25Z'
Number of updated asset objects reloaded before import = 0Number of asset objects unloaded after import = 0

========================================================================
Received Import Request.
  Time since last request: 0.163633 seconds.
  path: Assets/Scripts/Minijuego 8/BotonBatidora.cs
  artifactKey: Guid(e91d731bbe11c4551a118c6ba60a92bb) Importer(815301076,1909f56bfc062723c751e8b465ee728b)
Start importing Assets/Scripts/Minijuego 8/BotonBatidora.cs using Guid(e91d731bbe11c4551a118c6ba60a92bb) Importer(815301076,1909f56bfc062723c751e8b465ee728b) (PreviewImporter) -> (artifact id: '00000000000000000000000000000000') in 0.000681834 seconds
Import Error Code:(4)
Message: Build asset version error: assets/scripts/minijuego 8/botonbatidora.cs in SourceAssetDB has modification time of '2026-07-15T16:18:20Z' while content on disk has modification time of '2026-07-15T16:19:25Z'
  ERROR: Build asset version error: assets/scripts/minijuego 8/botonbatidora.cs in SourceAssetDB has modification time of '2026-07-15T16:18:20Z' while content on disk has modification time of '2026-07-15T16:19:25Z'
Number of updated asset objects reloaded before import = 0Number of asset objects unloaded after import = 0

========================================================================
Received Import Request.
  Time since last request: 0.052036 seconds.
  path: Assets/Scripts/Minijuego 8/BotonBatidora.cs
  artifactKey: Guid(e91d731bbe11c4551a118c6ba60a92bb) Importer(815301076,1909f56bfc062723c751e8b465ee728b)
Start importing Assets/Scripts/Minijuego 8/BotonBatidora.cs using Guid(e91d731bbe11c4551a118c6ba60a92bb) Importer(815301076,1909f56bfc062723c751e8b465ee728b) (PreviewImporter) -> (artifact id: '00000000000000000000000000000000') in 0.000510708 seconds
Import Error Code:(4)
Message: Build asset version error: assets/scripts/minijuego 8/botonbatidora.cs in SourceAssetDB has modification time of '2026-07-15T16:18:20Z' while content on disk has modification time of '2026-07-15T16:19:25Z'
  ERROR: Build asset version error: assets/scripts/minijuego 8/botonbatidora.cs in SourceAssetDB has modification time of '2026-07-15T16:18:20Z' while content on disk has modification time of '2026-07-15T16:19:25Z'
Number of updated asset objects reloaded before import = 0Number of asset objects unloaded after import = 0

========================================================================
Received Import Request.
  Time since last request: 0.062924 seconds.
  path: Assets/Scripts/Minijuego 8/BotonBatidora.cs
  artifactKey: Guid(e91d731bbe11c4551a118c6ba60a92bb) Importer(815301076,1909f56bfc062723c751e8b465ee728b)
Start importing Assets/Scripts/Minijuego 8/BotonBatidora.cs using Guid(e91d731bbe11c4551a118c6ba60a92bb) Importer(815301076,1909f56bfc062723c751e8b465ee728b) (PreviewImporter) -> (artifact id: '00000000000000000000000000000000') in 0.000519417 seconds
Import Error Code:(4)
Message: Build asset version error: assets/scripts/minijuego 8/botonbatidora.cs in SourceAssetDB has modification time of '2026-07-15T16:18:20Z' while content on disk has modification time of '2026-07-15T16:19:25Z'
  ERROR: Build asset version error: assets/scripts/minijuego 8/botonbatidora.cs in SourceAssetDB has modification time of '2026-07-15T16:18:20Z' while content on disk has modification time of '2026-07-15T16:19:25Z'
Number of updated asset objects reloaded before import = 0Number of asset objects unloaded after import = 0

========================================================================
Received Import Request.
  Time since last request: 0.172187 seconds.
  path: Assets/Scripts/Minijuego 8/BotonBatidora.cs
  artifactKey: Guid(e91d731bbe11c4551a118c6ba60a92bb) Importer(815301076,1909f56bfc062723c751e8b465ee728b)
Start importing Assets/Scripts/Minijuego 8/BotonBatidora.cs using Guid(e91d731bbe11c4551a118c6ba60a92bb) Importer(815301076,1909f56bfc062723c751e8b465ee728b) (PreviewImporter) -> (artifact id: '00000000000000000000000000000000') in 0.000784042 seconds
Import Error Code:(4)
Message: Build asset version error: assets/scripts/minijuego 8/botonbatidora.cs in SourceAssetDB has modification time of '2026-07-15T16:18:20Z' while content on disk has modification time of '2026-07-15T16:19:25Z'
  ERROR: Build asset version error: assets/scripts/minijuego 8/botonbatidora.cs in SourceAssetDB has modification time of '2026-07-15T16:18:20Z' while content on disk has modification time of '2026-07-15T16:19:25Z'
Number of updated asset objects reloaded before import = 0Number of asset objects unloaded after import = 0

========================================================================
Received Import Request.
  Time since last request: 0.149540 seconds.
  path: Assets/Scripts/Minijuego 8/BotonBatidora.cs
  artifactKey: Guid(e91d731bbe11c4551a118c6ba60a92bb) Importer(815301076,1909f56bfc062723c751e8b465ee728b)
Start importing Assets/Scripts/Minijuego 8/BotonBatidora.cs using Guid(e91d731bbe11c4551a118c6ba60a92bb) Importer(815301076,1909f56bfc062723c751e8b465ee728b) (PreviewImporter) -> (artifact id: '00000000000000000000000000000000') in 0.000577042 seconds
Import Error Code:(4)
Message: Build asset version error: assets/scripts/minijuego 8/botonbatidora.cs in SourceAssetDB has modification time of '2026-07-15T16:18:20Z' while content on disk has modification time of '2026-07-15T16:19:25Z'
  ERROR: Build asset version error: assets/scripts/minijuego 8/botonbatidora.cs in SourceAssetDB has modification time of '2026-07-15T16:18:20Z' while content on disk has modification time of '2026-07-15T16:19:25Z'
Number of updated asset objects reloaded before import = 0Number of asset objects unloaded after import = 0

========================================================================
Received Import Request.
  Time since last request: 0.064739 seconds.
  path: Assets/Scripts/Minijuego 8/BotonBatidora.cs
  artifactKey: Guid(e91d731bbe11c4551a118c6ba60a92bb) Importer(815301076,1909f56bfc062723c751e8b465ee728b)
Start importing Assets/Scripts/Minijuego 8/BotonBatidora.cs using Guid(e91d731bbe11c4551a118c6ba60a92bb) Importer(815301076,1909f56bfc062723c751e8b465ee728b) (PreviewImporter) -> (artifact id: '00000000000000000000000000000000') in 0.000666541 seconds
Import Error Code:(4)
Message: Build asset version error: assets/scripts/minijuego 8/botonbatidora.cs in SourceAssetDB has modification time of '2026-07-15T16:18:20Z' while content on disk has modification time of '2026-07-15T16:19:25Z'
  ERROR: Build asset version error: assets/scripts/minijuego 8/botonbatidora.cs in SourceAssetDB has modification time of '2026-07-15T16:18:20Z' while content on disk has modification time of '2026-07-15T16:19:25Z'
Number of updated asset objects reloaded before import = 0Number of asset objects unloaded after import = 0

========================================================================
Received Import Request.
  Time since last request: 0.162195 seconds.
  path: Assets/Scripts/Minijuego 8/BotonBatidora.cs
  artifactKey: Guid(e91d731bbe11c4551a118c6ba60a92bb) Importer(815301076,1909f56bfc062723c751e8b465ee728b)
Start importing Assets/Scripts/Minijuego 8/BotonBatidora.cs using Guid(e91d731bbe11c4551a118c6ba60a92bb) Importer(815301076,1909f56bfc062723c751e8b465ee728b) (PreviewImporter) -> (artifact id: '00000000000000000000000000000000') in 0.000684375 seconds
Import Error Code:(4)
Message: Build asset version error: assets/scripts/minijuego 8/botonbatidora.cs in SourceAssetDB has modification time of '2026-07-15T16:18:20Z' while content on disk has modification time of '2026-07-15T16:19:25Z'
  ERROR: Build asset version error: assets/scripts/minijuego 8/botonbatidora.cs in SourceAssetDB has modification time of '2026-07-15T16:18:20Z' while content on disk has modification time of '2026-07-15T16:19:25Z'
Number of updated asset objects reloaded before import = 0Number of asset objects unloaded after import = 0

========================================================================
Received Import Request.
  Time since last request: 0.062666 seconds.
  path: Assets/Scripts/Minijuego 8/BotonBatidora.cs
  artifactKey: Guid(e91d731bbe11c4551a118c6ba60a92bb) Importer(815301076,1909f56bfc062723c751e8b465ee728b)
Start importing Assets/Scripts/Minijuego 8/BotonBatidora.cs using Guid(e91d731bbe11c4551a118c6ba60a92bb) Importer(815301076,1909f56bfc062723c751e8b465ee728b) (PreviewImporter) -> (artifact id: '00000000000000000000000000000000') in 0.000487375 seconds
Import Error Code:(4)
Message: Build asset version error: assets/scripts/minijuego 8/botonbatidora.cs in SourceAssetDB has modification time of '2026-07-15T16:18:20Z' while content on disk has modification time of '2026-07-15T16:19:25Z'
  ERROR: Build asset version error: assets/scripts/minijuego 8/botonbatidora.cs in SourceAssetDB has modification time of '2026-07-15T16:18:20Z' while content on disk has modification time of '2026-07-15T16:19:25Z'
Number of updated asset objects reloaded before import = 0Number of asset objects unloaded after import = 0

========================================================================
Received Import Request.
  Time since last request: 0.168617 seconds.
  path: Assets/Scripts/Minijuego 8/BotonBatidora.cs
  artifactKey: Guid(e91d731bbe11c4551a118c6ba60a92bb) Importer(815301076,1909f56bfc062723c751e8b465ee728b)
Start importing Assets/Scripts/Minijuego 8/BotonBatidora.cs using Guid(e91d731bbe11c4551a118c6ba60a92bb) Importer(815301076,1909f56bfc062723c751e8b465ee728b) (PreviewImporter) -> (artifact id: '00000000000000000000000000000000') in 0.000732375 seconds
Import Error Code:(4)
Message: Build asset version error: assets/scripts/minijuego 8/botonbatidora.cs in SourceAssetDB has modification time of '2026-07-15T16:18:20Z' while content on disk has modification time of '2026-07-15T16:19:25Z'
  ERROR: Build asset version error: assets/scripts/minijuego 8/botonbatidora.cs in SourceAssetDB has modification time of '2026-07-15T16:18:20Z' while content on disk has modification time of '2026-07-15T16:19:25Z'
Number of updated asset objects reloaded before import = 0Number of asset objects unloaded after import = 0

========================================================================
Received Import Request.
  Time since last request: 0.049148 seconds.
  path: Assets/Scripts/Minijuego 8/BotonBatidora.cs
  artifactKey: Guid(e91d731bbe11c4551a118c6ba60a92bb) Importer(815301076,1909f56bfc062723c751e8b465ee728b)
Start importing Assets/Scripts/Minijuego 8/BotonBatidora.cs using Guid(e91d731bbe11c4551a118c6ba60a92bb) Importer(815301076,1909f56bfc062723c751e8b465ee728b) (PreviewImporter) -> (artifact id: '00000000000000000000000000000000') in 0.000616458 seconds
Import Error Code:(4)
Message: Build asset version error: assets/scripts/minijuego 8/botonbatidora.cs in SourceAssetDB has modification time of '2026-07-15T16:18:20Z' while content on disk has modification time of '2026-07-15T16:19:25Z'
  ERROR: Build asset version error: assets/scripts/minijuego 8/botonbatidora.cs in SourceAssetDB has modification time of '2026-07-15T16:18:20Z' while content on disk has modification time of '2026-07-15T16:19:25Z'
Number of updated asset objects reloaded before import = 0Number of asset objects unloaded after import = 0

========================================================================
Received Import Request.
  Time since last request: 0.169273 seconds.
  path: Assets/Scripts/Minijuego 8/BotonBatidora.cs
  artifactKey: Guid(e91d731bbe11c4551a118c6ba60a92bb) Importer(815301076,1909f56bfc062723c751e8b465ee728b)
Start importing Assets/Scripts/Minijuego 8/BotonBatidora.cs using Guid(e91d731bbe11c4551a118c6ba60a92bb) Importer(815301076,1909f56bfc062723c751e8b465ee728b) (PreviewImporter) -> (artifact id: '00000000000000000000000000000000') in 0.000683208 seconds
Import Error Code:(4)
Message: Build asset version error: assets/scripts/minijuego 8/botonbatidora.cs in SourceAssetDB has modification time of '2026-07-15T16:18:20Z' while content on disk has modification time of '2026-07-15T16:19:25Z'
  ERROR: Build asset version error: assets/scripts/minijuego 8/botonbatidora.cs in SourceAssetDB has modification time of '2026-07-15T16:18:20Z' while content on disk has modification time of '2026-07-15T16:19:25Z'
Number of updated asset objects reloaded before import = 0Number of asset objects unloaded after import = 0

========================================================================
Received Import Request.
  Time since last request: 0.060318 seconds.
  path: Assets/Scripts/Minijuego 8/BotonBatidora.cs
  artifactKey: Guid(e91d731bbe11c4551a118c6ba60a92bb) Importer(815301076,1909f56bfc062723c751e8b465ee728b)
Start importing Assets/Scripts/Minijuego 8/BotonBatidora.cs using Guid(e91d731bbe11c4551a118c6ba60a92bb) Importer(815301076,1909f56bfc062723c751e8b465ee728b) (PreviewImporter) -> (artifact id: '00000000000000000000000000000000') in 0.000701292 seconds
Import Error Code:(4)
Message: Build asset version error: assets/scripts/minijuego 8/botonbatidora.cs in SourceAssetDB has modification time of '2026-07-15T16:18:20Z' while content on disk has modification time of '2026-07-15T16:19:25Z'
  ERROR: Build asset version error: assets/scripts/minijuego 8/botonbatidora.cs in SourceAssetDB has modification time of '2026-07-15T16:18:20Z' while content on disk has modification time of '2026-07-15T16:19:25Z'
Number of updated asset objects reloaded before import = 0Number of asset objects unloaded after import = 0

========================================================================
Received Import Request.
  Time since last request: 0.058933 seconds.
  path: Assets/Scripts/Minijuego 8/BotonBatidora.cs
  artifactKey: Guid(e91d731bbe11c4551a118c6ba60a92bb) Importer(815301076,1909f56bfc062723c751e8b465ee728b)
Start importing Assets/Scripts/Minijuego 8/BotonBatidora.cs using Guid(e91d731bbe11c4551a118c6ba60a92bb) Importer(815301076,1909f56bfc062723c751e8b465ee728b) (PreviewImporter) -> (artifact id: '00000000000000000000000000000000') in 0.000560459 seconds
Import Error Code:(4)
Message: Build asset version error: assets/scripts/minijuego 8/botonbatidora.cs in SourceAssetDB has modification time of '2026-07-15T16:18:20Z' while content on disk has modification time of '2026-07-15T16:19:25Z'
  ERROR: Build asset version error: assets/scripts/minijuego 8/botonbatidora.cs in SourceAssetDB has modification time of '2026-07-15T16:18:20Z' while content on disk has modification time of '2026-07-15T16:19:25Z'
Number of updated asset objects reloaded before import = 0Number of asset objects unloaded after import = 0

========================================================================
Received Import Request.
  Time since last request: 0.170235 seconds.
  path: Assets/Scripts/Minijuego 8/BotonBatidora.cs
  artifactKey: Guid(e91d731bbe11c4551a118c6ba60a92bb) Importer(815301076,1909f56bfc062723c751e8b465ee728b)
Start importing Assets/Scripts/Minijuego 8/BotonBatidora.cs using Guid(e91d731bbe11c4551a118c6ba60a92bb) Importer(815301076,1909f56bfc062723c751e8b465ee728b) (PreviewImporter) -> (artifact id: '00000000000000000000000000000000') in 0.000646917 seconds
Import Error Code:(4)
Message: Build asset version error: assets/scripts/minijuego 8/botonbatidora.cs in SourceAssetDB has modification time of '2026-07-15T16:18:20Z' while content on disk has modification time of '2026-07-15T16:19:27Z'
  ERROR: Build asset version error: assets/scripts/minijuego 8/botonbatidora.cs in SourceAssetDB has modification time of '2026-07-15T16:18:20Z' while content on disk has modification time of '2026-07-15T16:19:27Z'
Number of updated asset objects reloaded before import = 0Number of asset objects unloaded after import = 0

========================================================================
Received Import Request.
  Time since last request: 0.062936 seconds.
  path: Assets/Scripts/Minijuego 8/BotonBatidora.cs
  artifactKey: Guid(e91d731bbe11c4551a118c6ba60a92bb) Importer(815301076,1909f56bfc062723c751e8b465ee728b)
Start importing Assets/Scripts/Minijuego 8/BotonBatidora.cs using Guid(e91d731bbe11c4551a118c6ba60a92bb) Importer(815301076,1909f56bfc062723c751e8b465ee728b) (PreviewImporter) -> (artifact id: '00000000000000000000000000000000') in 0.000605541 seconds
Import Error Code:(4)
Message: Build asset version error: assets/scripts/minijuego 8/botonbatidora.cs in SourceAssetDB has modification time of '2026-07-15T16:18:20Z' while content on disk has modification time of '2026-07-15T16:19:27Z'
  ERROR: Build asset version error: assets/scripts/minijuego 8/botonbatidora.cs in SourceAssetDB has modification time of '2026-07-15T16:18:20Z' while content on disk has modification time of '2026-07-15T16:19:27Z'
Number of updated asset objects reloaded before import = 0Number of asset objects unloaded after import = 0

========================================================================
Received Import Request.
  Time since last request: 0.071736 seconds.
  path: Assets/Scripts/Minijuego 8/BotonBatidora.cs
  artifactKey: Guid(e91d731bbe11c4551a118c6ba60a92bb) Importer(815301076,1909f56bfc062723c751e8b465ee728b)
Start importing Assets/Scripts/Minijuego 8/BotonBatidora.cs using Guid(e91d731bbe11c4551a118c6ba60a92bb) Importer(815301076,1909f56bfc062723c751e8b465ee728b) (PreviewImporter) -> (artifact id: '00000000000000000000000000000000') in 0.000547167 seconds
Import Error Code:(4)
Message: Build asset version error: assets/scripts/minijuego 8/botonbatidora.cs in SourceAssetDB has modification time of '2026-07-15T16:18:20Z' while content on disk has modification time of '2026-07-15T16:19:27Z'
  ERROR: Build asset version error: assets/scripts/minijuego 8/botonbatidora.cs in SourceAssetDB has modification time of '2026-07-15T16:18:20Z' while content on disk has modification time of '2026-07-15T16:19:27Z'
Number of updated asset objects reloaded before import = 0Number of asset objects unloaded after import = 0

========================================================================
Received Import Request.
  Time since last request: 0.166236 seconds.
  path: Assets/Scripts/Minijuego 8/BotonBatidora.cs
  artifactKey: Guid(e91d731bbe11c4551a118c6ba60a92bb) Importer(815301076,1909f56bfc062723c751e8b465ee728b)
Start importing Assets/Scripts/Minijuego 8/BotonBatidora.cs using Guid(e91d731bbe11c4551a118c6ba60a92bb) Importer(815301076,1909f56bfc062723c751e8b465ee728b) (PreviewImporter) -> (artifact id: '00000000000000000000000000000000') in 0.000496708 seconds
Import Error Code:(4)
Message: Build asset version error: assets/scripts/minijuego 8/botonbatidora.cs in SourceAssetDB has modification time of '2026-07-15T16:18:20Z' while content on disk has modification time of '2026-07-15T16:19:27Z'
  ERROR: Build asset version error: assets/scripts/minijuego 8/botonbatidora.cs in SourceAssetDB has modification time of '2026-07-15T16:18:20Z' while content on disk has modification time of '2026-07-15T16:19:27Z'
Number of updated asset objects reloaded before import = 0Number of asset objects unloaded after import = 0

========================================================================
Received Import Request.
  Time since last request: 0.060943 seconds.
  path: Assets/Scripts/Minijuego 8/BotonBatidora.cs
  artifactKey: Guid(e91d731bbe11c4551a118c6ba60a92bb) Importer(815301076,1909f56bfc062723c751e8b465ee728b)
Start importing Assets/Scripts/Minijuego 8/BotonBatidora.cs using Guid(e91d731bbe11c4551a118c6ba60a92bb) Importer(815301076,1909f56bfc062723c751e8b465ee728b) (PreviewImporter) -> (artifact id: '00000000000000000000000000000000') in 0.000697833 seconds
Import Error Code:(4)
Message: Build asset version error: assets/scripts/minijuego 8/botonbatidora.cs in SourceAssetDB has modification time of '2026-07-15T16:18:20Z' while content on disk has modification time of '2026-07-15T16:19:27Z'
  ERROR: Build asset version error: assets/scripts/minijuego 8/botonbatidora.cs in SourceAssetDB has modification time of '2026-07-15T16:18:20Z' while content on disk has modification time of '2026-07-15T16:19:27Z'
Number of updated asset objects reloaded before import = 0Number of asset objects unloaded after import = 0

========================================================================
Received Import Request.
  Time since last request: 0.059299 seconds.
  path: Assets/Scripts/Minijuego 8/BotonBatidora.cs
  artifactKey: Guid(e91d731bbe11c4551a118c6ba60a92bb) Importer(815301076,1909f56bfc062723c751e8b465ee728b)
Start importing Assets/Scripts/Minijuego 8/BotonBatidora.cs using Guid(e91d731bbe11c4551a118c6ba60a92bb) Importer(815301076,1909f56bfc062723c751e8b465ee728b) (PreviewImporter) -> (artifact id: '00000000000000000000000000000000') in 0.000547708 seconds
Import Error Code:(4)
Message: Build asset version error: assets/scripts/minijuego 8/botonbatidora.cs in SourceAssetDB has modification time of '2026-07-15T16:18:20Z' while content on disk has modification time of '2026-07-15T16:19:27Z'
  ERROR: Build asset version error: assets/scripts/minijuego 8/botonbatidora.cs in SourceAssetDB has modification time of '2026-07-15T16:18:20Z' while content on disk has modification time of '2026-07-15T16:19:27Z'
Number of updated asset objects reloaded before import = 0Number of asset objects unloaded after import = 0

========================================================================
Received Import Request.
  Time since last request: 0.061817 seconds.
  path: Assets/Scripts/Minijuego 8/BotonBatidora.cs
  artifactKey: Guid(e91d731bbe11c4551a118c6ba60a92bb) Importer(815301076,1909f56bfc062723c751e8b465ee728b)
Start importing Assets/Scripts/Minijuego 8/BotonBatidora.cs using Guid(e91d731bbe11c4551a118c6ba60a92bb) Importer(815301076,1909f56bfc062723c751e8b465ee728b) (PreviewImporter) -> (artifact id: '00000000000000000000000000000000') in 0.000462916 seconds
Import Error Code:(4)
Message: Build asset version error: assets/scripts/minijuego 8/botonbatidora.cs in SourceAssetDB has modification time of '2026-07-15T16:18:20Z' while content on disk has modification time of '2026-07-15T16:19:27Z'
  ERROR: Build asset version error: assets/scripts/minijuego 8/botonbatidora.cs in SourceAssetDB has modification time of '2026-07-15T16:18:20Z' while content on disk has modification time of '2026-07-15T16:19:27Z'
Number of updated asset objects reloaded before import = 0Number of asset objects unloaded after import = 0

========================================================================
Received Import Request.
  Time since last request: 0.071478 seconds.
  path: Assets/Scripts/Minijuego 8/BotonBatidora.cs
  artifactKey: Guid(e91d731bbe11c4551a118c6ba60a92bb) Importer(815301076,1909f56bfc062723c751e8b465ee728b)
Start importing Assets/Scripts/Minijuego 8/BotonBatidora.cs using Guid(e91d731bbe11c4551a118c6ba60a92bb) Importer(815301076,1909f56bfc062723c751e8b465ee728b) (PreviewImporter) -> (artifact id: '00000000000000000000000000000000') in 0.00047875 seconds
Import Error Code:(4)
Message: Build asset version error: assets/scripts/minijuego 8/botonbatidora.cs in SourceAssetDB has modification time of '2026-07-15T16:18:20Z' while content on disk has modification time of '2026-07-15T16:19:27Z'
  ERROR: Build asset version error: assets/scripts/minijuego 8/botonbatidora.cs in SourceAssetDB has modification time of '2026-07-15T16:18:20Z' while content on disk has modification time of '2026-07-15T16:19:27Z'
Number of updated asset objects reloaded before import = 0Number of asset objects unloaded after import = 0

========================================================================
Received Import Request.
  Time since last request: 0.171602 seconds.
  path: Assets/Scripts/Minijuego 8/BotonBatidora.cs
  artifactKey: Guid(e91d731bbe11c4551a118c6ba60a92bb) Importer(815301076,1909f56bfc062723c751e8b465ee728b)
Start importing Assets/Scripts/Minijuego 8/BotonBatidora.cs using Guid(e91d731bbe11c4551a118c6ba60a92bb) Importer(815301076,1909f56bfc062723c751e8b465ee728b) (PreviewImporter) -> (artifact id: '00000000000000000000000000000000') in 0.000646083 seconds
Import Error Code:(4)
Message: Build asset version error: assets/scripts/minijuego 8/botonbatidora.cs in SourceAssetDB has modification time of '2026-07-15T16:18:20Z' while content on disk has modification time of '2026-07-15T16:19:27Z'
  ERROR: Build asset version error: assets/scripts/minijuego 8/botonbatidora.cs in SourceAssetDB has modification time of '2026-07-15T16:18:20Z' while content on disk has modification time of '2026-07-15T16:19:27Z'
Number of updated asset objects reloaded before import = 0Number of asset objects unloaded after import = 0

========================================================================
Received Import Request.
  Time since last request: 0.158548 seconds.
  path: Assets/Scripts/Minijuego 8/BotonBatidora.cs
  artifactKey: Guid(e91d731bbe11c4551a118c6ba60a92bb) Importer(815301076,1909f56bfc062723c751e8b465ee728b)
Start importing Assets/Scripts/Minijuego 8/BotonBatidora.cs using Guid(e91d731bbe11c4551a118c6ba60a92bb) Importer(815301076,1909f56bfc062723c751e8b465ee728b) (PreviewImporter) -> (artifact id: '00000000000000000000000000000000') in 0.000855209 seconds
Import Error Code:(4)
Message: Build asset version error: assets/scripts/minijuego 8/botonbatidora.cs in SourceAssetDB has modification time of '2026-07-15T16:18:20Z' while content on disk has modification time of '2026-07-15T16:19:27Z'
  ERROR: Build asset version error: assets/scripts/minijuego 8/botonbatidora.cs in SourceAssetDB has modification time of '2026-07-15T16:18:20Z' while content on disk has modification time of '2026-07-15T16:19:27Z'
Number of updated asset objects reloaded before import = 0Number of asset objects unloaded after import = 0

========================================================================
Received Import Request.
  Time since last request: 0.164674 seconds.
  path: Assets/Scripts/Minijuego 8/BotonBatidora.cs
  artifactKey: Guid(e91d731bbe11c4551a118c6ba60a92bb) Importer(815301076,1909f56bfc062723c751e8b465ee728b)
Start importing Assets/Scripts/Minijuego 8/BotonBatidora.cs using Guid(e91d731bbe11c4551a118c6ba60a92bb) Importer(815301076,1909f56bfc062723c751e8b465ee728b) (PreviewImporter) -> (artifact id: '00000000000000000000000000000000') in 0.0006285 seconds
Import Error Code:(4)
Message: Build asset version error: assets/scripts/minijuego 8/botonbatidora.cs in SourceAssetDB has modification time of '2026-07-15T16:18:20Z' while content on disk has modification time of '2026-07-15T16:19:29Z'
  ERROR: Build asset version error: assets/scripts/minijuego 8/botonbatidora.cs in SourceAssetDB has modification time of '2026-07-15T16:18:20Z' while content on disk has modification time of '2026-07-15T16:19:29Z'
Number of updated asset objects reloaded before import = 0Number of asset objects unloaded after import = 0

========================================================================
Received Import Request.
  Time since last request: 0.165118 seconds.
  path: Assets/Scripts/Minijuego 8/BotonBatidora.cs
  artifactKey: Guid(e91d731bbe11c4551a118c6ba60a92bb) Importer(815301076,1909f56bfc062723c751e8b465ee728b)
Start importing Assets/Scripts/Minijuego 8/BotonBatidora.cs using Guid(e91d731bbe11c4551a118c6ba60a92bb) Importer(815301076,1909f56bfc062723c751e8b465ee728b) (PreviewImporter) -> (artifact id: '00000000000000000000000000000000') in 0.000740333 seconds
Import Error Code:(4)
Message: Build asset version error: assets/scripts/minijuego 8/botonbatidora.cs in SourceAssetDB has modification time of '2026-07-15T16:18:20Z' while content on disk has modification time of '2026-07-15T16:19:29Z'
  ERROR: Build asset version error: assets/scripts/minijuego 8/botonbatidora.cs in SourceAssetDB has modification time of '2026-07-15T16:18:20Z' while content on disk has modification time of '2026-07-15T16:19:29Z'
Number of updated asset objects reloaded before import = 0Number of asset objects unloaded after import = 0

========================================================================
Received Import Request.
  Time since last request: 0.061404 seconds.
  path: Assets/Scripts/Minijuego 8/BotonBatidora.cs
  artifactKey: Guid(e91d731bbe11c4551a118c6ba60a92bb) Importer(815301076,1909f56bfc062723c751e8b465ee728b)
Start importing Assets/Scripts/Minijuego 8/BotonBatidora.cs using Guid(e91d731bbe11c4551a118c6ba60a92bb) Importer(815301076,1909f56bfc062723c751e8b465ee728b) (PreviewImporter) -> (artifact id: '00000000000000000000000000000000') in 0.000532125 seconds
Import Error Code:(4)
Message: Build asset version error: assets/scripts/minijuego 8/botonbatidora.cs in SourceAssetDB has modification time of '2026-07-15T16:18:20Z' while content on disk has modification time of '2026-07-15T16:19:29Z'
  ERROR: Build asset version error: assets/scripts/minijuego 8/botonbatidora.cs in SourceAssetDB has modification time of '2026-07-15T16:18:20Z' while content on disk has modification time of '2026-07-15T16:19:29Z'
Number of updated asset objects reloaded before import = 0Number of asset objects unloaded after import = 0

========================================================================
Received Import Request.
  Time since last request: 0.067061 seconds.
  path: Assets/Scripts/Minijuego 8/BotonBatidora.cs
  artifactKey: Guid(e91d731bbe11c4551a118c6ba60a92bb) Importer(815301076,1909f56bfc062723c751e8b465ee728b)
Start importing Assets/Scripts/Minijuego 8/BotonBatidora.cs using Guid(e91d731bbe11c4551a118c6ba60a92bb) Importer(815301076,1909f56bfc062723c751e8b465ee728b) (PreviewImporter) -> (artifact id: '00000000000000000000000000000000') in 0.000596084 seconds
Import Error Code:(4)
Message: Build asset version error: assets/scripts/minijuego 8/botonbatidora.cs in SourceAssetDB has modification time of '2026-07-15T16:18:20Z' while content on disk has modification time of '2026-07-15T16:19:29Z'
  ERROR: Build asset version error: assets/scripts/minijuego 8/botonbatidora.cs in SourceAssetDB has modification time of '2026-07-15T16:18:20Z' while content on disk has modification time of '2026-07-15T16:19:29Z'
Number of updated asset objects reloaded before import = 0Number of asset objects unloaded after import = 0

========================================================================
Received Import Request.
  Time since last request: 0.164262 seconds.
  path: Assets/Scripts/Minijuego 8/BotonBatidora.cs
  artifactKey: Guid(e91d731bbe11c4551a118c6ba60a92bb) Importer(815301076,1909f56bfc062723c751e8b465ee728b)
Start importing Assets/Scripts/Minijuego 8/BotonBatidora.cs using Guid(e91d731bbe11c4551a118c6ba60a92bb) Importer(815301076,1909f56bfc062723c751e8b465ee728b) (PreviewImporter) -> (artifact id: '00000000000000000000000000000000') in 0.000547833 seconds
Import Error Code:(4)
Message: Build asset version error: assets/scripts/minijuego 8/botonbatidora.cs in SourceAssetDB has modification time of '2026-07-15T16:18:20Z' while content on disk has modification time of '2026-07-15T16:19:29Z'
  ERROR: Build asset version error: assets/scripts/minijuego 8/botonbatidora.cs in SourceAssetDB has modification time of '2026-07-15T16:18:20Z' while content on disk has modification time of '2026-07-15T16:19:29Z'
Number of updated asset objects reloaded before import = 0Number of asset objects unloaded after import = 0

========================================================================
Received Import Request.
  Time since last request: 0.160130 seconds.
  path: Assets/Scripts/Minijuego 8/BotonBatidora.cs
  artifactKey: Guid(e91d731bbe11c4551a118c6ba60a92bb) Importer(815301076,1909f56bfc062723c751e8b465ee728b)
Start importing Assets/Scripts/Minijuego 8/BotonBatidora.cs using Guid(e91d731bbe11c4551a118c6ba60a92bb) Importer(815301076,1909f56bfc062723c751e8b465ee728b) (PreviewImporter) -> (artifact id: '00000000000000000000000000000000') in 0.000634583 seconds
Import Error Code:(4)
Message: Build asset version error: assets/scripts/minijuego 8/botonbatidora.cs in SourceAssetDB has modification time of '2026-07-15T16:18:20Z' while content on disk has modification time of '2026-07-15T16:19:29Z'
  ERROR: Build asset version error: assets/scripts/minijuego 8/botonbatidora.cs in SourceAssetDB has modification time of '2026-07-15T16:18:20Z' while content on disk has modification time of '2026-07-15T16:19:29Z'
Number of updated asset objects reloaded before import = 0Number of asset objects unloaded after import = 0

========================================================================
Received Import Request.
  Time since last request: 0.059227 seconds.
  path: Assets/Scripts/Minijuego 8/BotonBatidora.cs
  artifactKey: Guid(e91d731bbe11c4551a118c6ba60a92bb) Importer(815301076,1909f56bfc062723c751e8b465ee728b)
Start importing Assets/Scripts/Minijuego 8/BotonBatidora.cs using Guid(e91d731bbe11c4551a118c6ba60a92bb) Importer(815301076,1909f56bfc062723c751e8b465ee728b) (PreviewImporter) -> (artifact id: '00000000000000000000000000000000') in 0.000673459 seconds
Import Error Code:(4)
Message: Build asset version error: assets/scripts/minijuego 8/botonbatidora.cs in SourceAssetDB has modification time of '2026-07-15T16:18:20Z' while content on disk has modification time of '2026-07-15T16:19:29Z'
  ERROR: Build asset version error: assets/scripts/minijuego 8/botonbatidora.cs in SourceAssetDB has modification time of '2026-07-15T16:18:20Z' while content on disk has modification time of '2026-07-15T16:19:29Z'
Number of updated asset objects reloaded before import = 0Number of asset objects unloaded after import = 0

========================================================================
Received Import Request.
  Time since last request: 0.072698 seconds.
  path: Assets/Scripts/Minijuego 8/BotonBatidora.cs
  artifactKey: Guid(e91d731bbe11c4551a118c6ba60a92bb) Importer(815301076,1909f56bfc062723c751e8b465ee728b)
Start importing Assets/Scripts/Minijuego 8/BotonBatidora.cs using Guid(e91d731bbe11c4551a118c6ba60a92bb) Importer(815301076,1909f56bfc062723c751e8b465ee728b) (PreviewImporter) -> (artifact id: '00000000000000000000000000000000') in 0.000720333 seconds
Import Error Code:(4)
Message: Build asset version error: assets/scripts/minijuego 8/botonbatidora.cs in SourceAssetDB has modification time of '2026-07-15T16:18:20Z' while content on disk has modification time of '2026-07-15T16:19:29Z'
  ERROR: Build asset version error: assets/scripts/minijuego 8/botonbatidora.cs in SourceAssetDB has modification time of '2026-07-15T16:18:20Z' while content on disk has modification time of '2026-07-15T16:19:29Z'
Number of updated asset objects reloaded before import = 0Number of asset objects unloaded after import = 0

========================================================================
Received Import Request.
  Time since last request: 0.170622 seconds.
  path: Assets/Scripts/Minijuego 8/BotonBatidora.cs
  artifactKey: Guid(e91d731bbe11c4551a118c6ba60a92bb) Importer(815301076,1909f56bfc062723c751e8b465ee728b)
Start importing Assets/Scripts/Minijuego 8/BotonBatidora.cs using Guid(e91d731bbe11c4551a118c6ba60a92bb) Importer(815301076,1909f56bfc062723c751e8b465ee728b) (PreviewImporter) -> (artifact id: '00000000000000000000000000000000') in 0.001133042 seconds
Import Error Code:(4)
Message: Build asset version error: assets/scripts/minijuego 8/botonbatidora.cs in SourceAssetDB has modification time of '2026-07-15T16:18:20Z' while content on disk has modification time of '2026-07-15T16:19:29Z'
  ERROR: Build asset version error: assets/scripts/minijuego 8/botonbatidora.cs in SourceAssetDB has modification time of '2026-07-15T16:18:20Z' while content on disk has modification time of '2026-07-15T16:19:29Z'
Number of updated asset objects reloaded before import = 0Number of asset objects unloaded after import = 0

========================================================================
Received Import Request.
  Time since last request: 0.060896 seconds.
  path: Assets/Scripts/Minijuego 8/BotonBatidora.cs
  artifactKey: Guid(e91d731bbe11c4551a118c6ba60a92bb) Importer(815301076,1909f56bfc062723c751e8b465ee728b)
Start importing Assets/Scripts/Minijuego 8/BotonBatidora.cs using Guid(e91d731bbe11c4551a118c6ba60a92bb) Importer(815301076,1909f56bfc062723c751e8b465ee728b) (PreviewImporter) -> (artifact id: '00000000000000000000000000000000') in 0.000529 seconds
Import Error Code:(4)
Message: Build asset version error: assets/scripts/minijuego 8/botonbatidora.cs in SourceAssetDB has modification time of '2026-07-15T16:18:20Z' while content on disk has modification time of '2026-07-15T16:19:30Z'
  ERROR: Build asset version error: assets/scripts/minijuego 8/botonbatidora.cs in SourceAssetDB has modification time of '2026-07-15T16:18:20Z' while content on disk has modification time of '2026-07-15T16:19:30Z'
Number of updated asset objects reloaded before import = 0Number of asset objects unloaded after import = 0

========================================================================
Received Import Request.
  Time since last request: 0.167973 seconds.
  path: Assets/Scripts/Minijuego 8/BotonBatidora.cs
  artifactKey: Guid(e91d731bbe11c4551a118c6ba60a92bb) Importer(815301076,1909f56bfc062723c751e8b465ee728b)
Start importing Assets/Scripts/Minijuego 8/BotonBatidora.cs using Guid(e91d731bbe11c4551a118c6ba60a92bb) Importer(815301076,1909f56bfc062723c751e8b465ee728b) (PreviewImporter) -> (artifact id: '00000000000000000000000000000000') in 0.00058775 seconds
Import Error Code:(4)
Message: Build asset version error: assets/scripts/minijuego 8/botonbatidora.cs in SourceAssetDB has modification time of '2026-07-15T16:18:20Z' while content on disk has modification time of '2026-07-15T16:19:30Z'
  ERROR: Build asset version error: assets/scripts/minijuego 8/botonbatidora.cs in SourceAssetDB has modification time of '2026-07-15T16:18:20Z' while content on disk has modification time of '2026-07-15T16:19:30Z'
Number of updated asset objects reloaded before import = 0Number of asset objects unloaded after import = 0

========================================================================
Received Import Request.
  Time since last request: 0.067077 seconds.
  path: Assets/Scripts/Minijuego 8/BotonBatidora.cs
  artifactKey: Guid(e91d731bbe11c4551a118c6ba60a92bb) Importer(815301076,1909f56bfc062723c751e8b465ee728b)
Start importing Assets/Scripts/Minijuego 8/BotonBatidora.cs using Guid(e91d731bbe11c4551a118c6ba60a92bb) Importer(815301076,1909f56bfc062723c751e8b465ee728b) (PreviewImporter) -> (artifact id: '00000000000000000000000000000000') in 0.000824833 seconds
Import Error Code:(4)
Message: Build asset version error: assets/scripts/minijuego 8/botonbatidora.cs in SourceAssetDB has modification time of '2026-07-15T16:18:20Z' while content on disk has modification time of '2026-07-15T16:19:30Z'
  ERROR: Build asset version error: assets/scripts/minijuego 8/botonbatidora.cs in SourceAssetDB has modification time of '2026-07-15T16:18:20Z' while content on disk has modification time of '2026-07-15T16:19:30Z'
Number of updated asset objects reloaded before import = 0Number of asset objects unloaded after import = 0

========================================================================
Received Import Request.
  Time since last request: 0.160773 seconds.
  path: Assets/Scripts/Minijuego 8/BotonBatidora.cs
  artifactKey: Guid(e91d731bbe11c4551a118c6ba60a92bb) Importer(815301076,1909f56bfc062723c751e8b465ee728b)
Start importing Assets/Scripts/Minijuego 8/BotonBatidora.cs using Guid(e91d731bbe11c4551a118c6ba60a92bb) Importer(815301076,1909f56bfc062723c751e8b465ee728b) (PreviewImporter) -> (artifact id: '00000000000000000000000000000000') in 0.000919084 seconds
Import Error Code:(4)
Message: Build asset version error: assets/scripts/minijuego 8/botonbatidora.cs in SourceAssetDB has modification time of '2026-07-15T16:18:20Z' while content on disk has modification time of '2026-07-15T16:19:30Z'
  ERROR: Build asset version error: assets/scripts/minijuego 8/botonbatidora.cs in SourceAssetDB has modification time of '2026-07-15T16:18:20Z' while content on disk has modification time of '2026-07-15T16:19:30Z'
Number of updated asset objects reloaded before import = 0Number of asset objects unloaded after import = 0

========================================================================
Received Import Request.
  Time since last request: 0.056711 seconds.
  path: Assets/Scripts/Minijuego 8/BotonBatidora.cs
  artifactKey: Guid(e91d731bbe11c4551a118c6ba60a92bb) Importer(815301076,1909f56bfc062723c751e8b465ee728b)
Start importing Assets/Scripts/Minijuego 8/BotonBatidora.cs using Guid(e91d731bbe11c4551a118c6ba60a92bb) Importer(815301076,1909f56bfc062723c751e8b465ee728b) (PreviewImporter) -> (artifact id: '00000000000000000000000000000000') in 0.000615667 seconds
Import Error Code:(4)
Message: Build asset version error: assets/scripts/minijuego 8/botonbatidora.cs in SourceAssetDB has modification time of '2026-07-15T16:18:20Z' while content on disk has modification time of '2026-07-15T16:19:30Z'
  ERROR: Build asset version error: assets/scripts/minijuego 8/botonbatidora.cs in SourceAssetDB has modification time of '2026-07-15T16:18:20Z' while content on disk has modification time of '2026-07-15T16:19:30Z'
Number of updated asset objects reloaded before import = 0Number of asset objects unloaded after import = 0

========================================================================
Received Import Request.
  Time since last request: 0.165907 seconds.
  path: Assets/Scripts/Minijuego 8/BotonBatidora.cs
  artifactKey: Guid(e91d731bbe11c4551a118c6ba60a92bb) Importer(815301076,1909f56bfc062723c751e8b465ee728b)
Start importing Assets/Scripts/Minijuego 8/BotonBatidora.cs using Guid(e91d731bbe11c4551a118c6ba60a92bb) Importer(815301076,1909f56bfc062723c751e8b465ee728b) (PreviewImporter) -> (artifact id: '00000000000000000000000000000000') in 0.000511167 seconds
Import Error Code:(4)
Message: Build asset version error: assets/scripts/minijuego 8/botonbatidora.cs in SourceAssetDB has modification time of '2026-07-15T16:18:20Z' while content on disk has modification time of '2026-07-15T16:19:30Z'
  ERROR: Build asset version error: assets/scripts/minijuego 8/botonbatidora.cs in SourceAssetDB has modification time of '2026-07-15T16:18:20Z' while content on disk has modification time of '2026-07-15T16:19:30Z'
Number of updated asset objects reloaded before import = 0Number of asset objects unloaded after import = 0

========================================================================
Received Import Request.
  Time since last request: 0.170172 seconds.
  path: Assets/Scripts/Minijuego 8/BotonBatidora.cs
  artifactKey: Guid(e91d731bbe11c4551a118c6ba60a92bb) Importer(815301076,1909f56bfc062723c751e8b465ee728b)
Start importing Assets/Scripts/Minijuego 8/BotonBatidora.cs using Guid(e91d731bbe11c4551a118c6ba60a92bb) Importer(815301076,1909f56bfc062723c751e8b465ee728b) (PreviewImporter) -> (artifact id: '00000000000000000000000000000000') in 0.001089042 seconds
Import Error Code:(4)
Message: Build asset version error: assets/scripts/minijuego 8/botonbatidora.cs in SourceAssetDB has modification time of '2026-07-15T16:18:20Z' while content on disk has modification time of '2026-07-15T16:19:30Z'
  ERROR: Build asset version error: assets/scripts/minijuego 8/botonbatidora.cs in SourceAssetDB has modification time of '2026-07-15T16:18:20Z' while content on disk has modification time of '2026-07-15T16:19:30Z'
Number of updated asset objects reloaded before import = 0Number of asset objects unloaded after import = 0

========================================================================
Received Import Request.
  Time since last request: 0.154200 seconds.
  path: Assets/Scripts/Minijuego 8/BotonBatidora.cs
  artifactKey: Guid(e91d731bbe11c4551a118c6ba60a92bb) Importer(815301076,1909f56bfc062723c751e8b465ee728b)
Start importing Assets/Scripts/Minijuego 8/BotonBatidora.cs using Guid(e91d731bbe11c4551a118c6ba60a92bb) Importer(815301076,1909f56bfc062723c751e8b465ee728b) (PreviewImporter) -> (artifact id: '00000000000000000000000000000000') in 0.000753292 seconds
Import Error Code:(4)
Message: Build asset version error: assets/scripts/minijuego 8/botonbatidora.cs in SourceAssetDB has modification time of '2026-07-15T16:18:20Z' while content on disk has modification time of '2026-07-15T16:19:30Z'
  ERROR: Build asset version error: assets/scripts/minijuego 8/botonbatidora.cs in SourceAssetDB has modification time of '2026-07-15T16:18:20Z' while content on disk has modification time of '2026-07-15T16:19:30Z'
Number of updated asset objects reloaded before import = 0Number of asset objects unloaded after import = 0

========================================================================
Received Import Request.
  Time since last request: 0.154732 seconds.
  path: Assets/Scripts/Minijuego 8/BotonBatidora.cs
  artifactKey: Guid(e91d731bbe11c4551a118c6ba60a92bb) Importer(815301076,1909f56bfc062723c751e8b465ee728b)
Start importing Assets/Scripts/Minijuego 8/BotonBatidora.cs using Guid(e91d731bbe11c4551a118c6ba60a92bb) Importer(815301076,1909f56bfc062723c751e8b465ee728b) (PreviewImporter) -> (artifact id: '00000000000000000000000000000000') in 0.00072775 seconds
Import Error Code:(4)
Message: Build asset version error: assets/scripts/minijuego 8/botonbatidora.cs in SourceAssetDB has modification time of '2026-07-15T16:18:20Z' while content on disk has modification time of '2026-07-15T16:19:30Z'
  ERROR: Build asset version error: assets/scripts/minijuego 8/botonbatidora.cs in SourceAssetDB has modification time of '2026-07-15T16:18:20Z' while content on disk has modification time of '2026-07-15T16:19:30Z'
Number of updated asset objects reloaded before import = 0Number of asset objects unloaded after import = 0

========================================================================
Received Import Request.
  Time since last request: 0.055499 seconds.
  path: Assets/Scripts/Minijuego 8/BotonBatidora.cs
  artifactKey: Guid(e91d731bbe11c4551a118c6ba60a92bb) Importer(815301076,1909f56bfc062723c751e8b465ee728b)
Start importing Assets/Scripts/Minijuego 8/BotonBatidora.cs using Guid(e91d731bbe11c4551a118c6ba60a92bb) Importer(815301076,1909f56bfc062723c751e8b465ee728b) (PreviewImporter) -> (artifact id: '00000000000000000000000000000000') in 0.00116375 seconds
Import Error Code:(4)
Message: Build asset version error: assets/scripts/minijuego 8/botonbatidora.cs in SourceAssetDB has modification time of '2026-07-15T16:18:20Z' while content on disk has modification time of '2026-07-15T16:19:30Z'
  ERROR: Build asset version error: assets/scripts/minijuego 8/botonbatidora.cs in SourceAssetDB has modification time of '2026-07-15T16:18:20Z' while content on disk has modification time of '2026-07-15T16:19:30Z'
Number of updated asset objects reloaded before import = 0Number of asset objects unloaded after import = 0

========================================================================
Received Import Request.
  Time since last request: 0.159788 seconds.
  path: Assets/Scripts/Minijuego 8/BotonBatidora.cs
  artifactKey: Guid(e91d731bbe11c4551a118c6ba60a92bb) Importer(815301076,1909f56bfc062723c751e8b465ee728b)
Start importing Assets/Scripts/Minijuego 8/BotonBatidora.cs using Guid(e91d731bbe11c4551a118c6ba60a92bb) Importer(815301076,1909f56bfc062723c751e8b465ee728b) (PreviewImporter) -> (artifact id: '00000000000000000000000000000000') in 0.000556042 seconds
Import Error Code:(4)
Message: Build asset version error: assets/scripts/minijuego 8/botonbatidora.cs in SourceAssetDB has modification time of '2026-07-15T16:18:20Z' while content on disk has modification time of '2026-07-15T16:19:30Z'
  ERROR: Build asset version error: assets/scripts/minijuego 8/botonbatidora.cs in SourceAssetDB has modification time of '2026-07-15T16:18:20Z' while content on disk has modification time of '2026-07-15T16:19:30Z'
Number of updated asset objects reloaded before import = 0Number of asset objects unloaded after import = 0

========================================================================
Received Import Request.
  Time since last request: 0.167178 seconds.
  path: Assets/Scripts/Minijuego 8/BotonBatidora.cs
  artifactKey: Guid(e91d731bbe11c4551a118c6ba60a92bb) Importer(815301076,1909f56bfc062723c751e8b465ee728b)
Start importing Assets/Scripts/Minijuego 8/BotonBatidora.cs using Guid(e91d731bbe11c4551a118c6ba60a92bb) Importer(815301076,1909f56bfc062723c751e8b465ee728b) (PreviewImporter) -> (artifact id: '00000000000000000000000000000000') in 0.000619292 seconds
Import Error Code:(4)
Message: Build asset version error: assets/scripts/minijuego 8/botonbatidora.cs in SourceAssetDB has modification time of '2026-07-15T16:18:20Z' while content on disk has modification time of '2026-07-15T16:19:30Z'
  ERROR: Build asset version error: assets/scripts/minijuego 8/botonbatidora.cs in SourceAssetDB has modification time of '2026-07-15T16:18:20Z' while content on disk has modification time of '2026-07-15T16:19:30Z'
Number of updated asset objects reloaded before import = 0Number of asset objects unloaded after import = 0

========================================================================
Received Import Request.
  Time since last request: 0.157155 seconds.
  path: Assets/Scripts/Minijuego 8/BotonBatidora.cs
  artifactKey: Guid(e91d731bbe11c4551a118c6ba60a92bb) Importer(815301076,1909f56bfc062723c751e8b465ee728b)
Start importing Assets/Scripts/Minijuego 8/BotonBatidora.cs using Guid(e91d731bbe11c4551a118c6ba60a92bb) Importer(815301076,1909f56bfc062723c751e8b465ee728b) (PreviewImporter) -> (artifact id: '00000000000000000000000000000000') in 0.000653959 seconds
Import Error Code:(4)
Message: Build asset version error: assets/scripts/minijuego 8/botonbatidora.cs in SourceAssetDB has modification time of '2026-07-15T16:18:20Z' while content on disk has modification time of '2026-07-15T16:19:30Z'
  ERROR: Build asset version error: assets/scripts/minijuego 8/botonbatidora.cs in SourceAssetDB has modification time of '2026-07-15T16:18:20Z' while content on disk has modification time of '2026-07-15T16:19:30Z'
Number of updated asset objects reloaded before import = 0Number of asset objects unloaded after import = 0

========================================================================
Received Import Request.
  Time since last request: 0.057674 seconds.
  path: Assets/Scripts/Minijuego 8/BotonBatidora.cs
  artifactKey: Guid(e91d731bbe11c4551a118c6ba60a92bb) Importer(815301076,1909f56bfc062723c751e8b465ee728b)
Start importing Assets/Scripts/Minijuego 8/BotonBatidora.cs using Guid(e91d731bbe11c4551a118c6ba60a92bb) Importer(815301076,1909f56bfc062723c751e8b465ee728b) (PreviewImporter) -> (artifact id: '00000000000000000000000000000000') in 0.001003375 seconds
Import Error Code:(4)
Message: Build asset version error: assets/scripts/minijuego 8/botonbatidora.cs in SourceAssetDB has modification time of '2026-07-15T16:18:20Z' while content on disk has modification time of '2026-07-15T16:19:30Z'
  ERROR: Build asset version error: assets/scripts/minijuego 8/botonbatidora.cs in SourceAssetDB has modification time of '2026-07-15T16:18:20Z' while content on disk has modification time of '2026-07-15T16:19:30Z'
Number of updated asset objects reloaded before import = 0Number of asset objects unloaded after import = 0

========================================================================
Received Import Request.
  Time since last request: 0.060150 seconds.
  path: Assets/Scripts/Minijuego 8/BotonBatidora.cs
  artifactKey: Guid(e91d731bbe11c4551a118c6ba60a92bb) Importer(815301076,1909f56bfc062723c751e8b465ee728b)
Start importing Assets/Scripts/Minijuego 8/BotonBatidora.cs using Guid(e91d731bbe11c4551a118c6ba60a92bb) Importer(815301076,1909f56bfc062723c751e8b465ee728b) (PreviewImporter) -> (artifact id: '00000000000000000000000000000000') in 0.000980125 seconds
Import Error Code:(4)
Message: Build asset version error: assets/scripts/minijuego 8/botonbatidora.cs in SourceAssetDB has modification time of '2026-07-15T16:18:20Z' while content on disk has modification time of '2026-07-15T16:19:30Z'
  ERROR: Build asset version error: assets/scripts/minijuego 8/botonbatidora.cs in SourceAssetDB has modification time of '2026-07-15T16:18:20Z' while content on disk has modification time of '2026-07-15T16:19:30Z'
Number of updated asset objects reloaded before import = 0Number of asset objects unloaded after import = 0

========================================================================
Received Import Request.
  Time since last request: 0.165610 seconds.
  path: Assets/Scripts/Minijuego 8/BotonBatidora.cs
  artifactKey: Guid(e91d731bbe11c4551a118c6ba60a92bb) Importer(815301076,1909f56bfc062723c751e8b465ee728b)
Start importing Assets/Scripts/Minijuego 8/BotonBatidora.cs using Guid(e91d731bbe11c4551a118c6ba60a92bb) Importer(815301076,1909f56bfc062723c751e8b465ee728b) (PreviewImporter) -> (artifact id: '00000000000000000000000000000000') in 0.000517542 seconds
Import Error Code:(4)
Message: Build asset version error: assets/scripts/minijuego 8/botonbatidora.cs in SourceAssetDB has modification time of '2026-07-15T16:18:20Z' while content on disk has modification time of '2026-07-15T16:19:30Z'
  ERROR: Build asset version error: assets/scripts/minijuego 8/botonbatidora.cs in SourceAssetDB has modification time of '2026-07-15T16:18:20Z' while content on disk has modification time of '2026-07-15T16:19:30Z'
Number of updated asset objects reloaded before import = 0Number of asset objects unloaded after import = 0

========================================================================
Received Import Request.
  Time since last request: 0.063355 seconds.
  path: Assets/Scripts/Minijuego 8/BotonBatidora.cs
  artifactKey: Guid(e91d731bbe11c4551a118c6ba60a92bb) Importer(815301076,1909f56bfc062723c751e8b465ee728b)
Start importing Assets/Scripts/Minijuego 8/BotonBatidora.cs using Guid(e91d731bbe11c4551a118c6ba60a92bb) Importer(815301076,1909f56bfc062723c751e8b465ee728b) (PreviewImporter) -> (artifact id: '00000000000000000000000000000000') in 0.00085275 seconds
Import Error Code:(4)
Message: Build asset version error: assets/scripts/minijuego 8/botonbatidora.cs in SourceAssetDB has modification time of '2026-07-15T16:18:20Z' while content on disk has modification time of '2026-07-15T16:19:30Z'
  ERROR: Build asset version error: assets/scripts/minijuego 8/botonbatidora.cs in SourceAssetDB has modification time of '2026-07-15T16:18:20Z' while content on disk has modification time of '2026-07-15T16:19:30Z'
Number of updated asset objects reloaded before import = 0Number of asset objects unloaded after import = 0

========================================================================
Received Import Request.
  Time since last request: 0.070269 seconds.
  path: Assets/Scripts/Minijuego 8/BotonBatidora.cs
  artifactKey: Guid(e91d731bbe11c4551a118c6ba60a92bb) Importer(815301076,1909f56bfc062723c751e8b465ee728b)
Start importing Assets/Scripts/Minijuego 8/BotonBatidora.cs using Guid(e91d731bbe11c4551a118c6ba60a92bb) Importer(815301076,1909f56bfc062723c751e8b465ee728b) (PreviewImporter) -> (artifact id: '00000000000000000000000000000000') in 0.000532125 seconds
Import Error Code:(4)
Message: Build asset version error: assets/scripts/minijuego 8/botonbatidora.cs in SourceAssetDB has modification time of '2026-07-15T16:18:20Z' while content on disk has modification time of '2026-07-15T16:19:30Z'
  ERROR: Build asset version error: assets/scripts/minijuego 8/botonbatidora.cs in SourceAssetDB has modification time of '2026-07-15T16:18:20Z' while content on disk has modification time of '2026-07-15T16:19:30Z'
Number of updated asset objects reloaded before import = 0Number of asset objects unloaded after import = 0

========================================================================
Received Import Request.
  Time since last request: 0.062312 seconds.
  path: Assets/Scripts/Minijuego 8/BotonBatidora.cs
  artifactKey: Guid(e91d731bbe11c4551a118c6ba60a92bb) Importer(815301076,1909f56bfc062723c751e8b465ee728b)
Start importing Assets/Scripts/Minijuego 8/BotonBatidora.cs using Guid(e91d731bbe11c4551a118c6ba60a92bb) Importer(815301076,1909f56bfc062723c751e8b465ee728b) (PreviewImporter) -> (artifact id: '00000000000000000000000000000000') in 0.000526625 seconds
Import Error Code:(4)
Message: Build asset version error: assets/scripts/minijuego 8/botonbatidora.cs in SourceAssetDB has modification time of '2026-07-15T16:18:20Z' while content on disk has modification time of '2026-07-15T16:19:30Z'
  ERROR: Build asset version error: assets/scripts/minijuego 8/botonbatidora.cs in SourceAssetDB has modification time of '2026-07-15T16:18:20Z' while content on disk has modification time of '2026-07-15T16:19:30Z'
Number of updated asset objects reloaded before import = 0Number of asset objects unloaded after import = 0

========================================================================
Received Import Request.
  Time since last request: 0.165712 seconds.
  path: Assets/Scripts/Minijuego 8/BotonBatidora.cs
  artifactKey: Guid(e91d731bbe11c4551a118c6ba60a92bb) Importer(815301076,1909f56bfc062723c751e8b465ee728b)
Start importing Assets/Scripts/Minijuego 8/BotonBatidora.cs using Guid(e91d731bbe11c4551a118c6ba60a92bb) Importer(815301076,1909f56bfc062723c751e8b465ee728b) (PreviewImporter) -> (artifact id: '00000000000000000000000000000000') in 0.003190416 seconds
Import Error Code:(4)
Message: Build asset version error: assets/scripts/minijuego 8/botonbatidora.cs in SourceAssetDB has modification time of '2026-07-15T16:18:20Z' while content on disk has modification time of '2026-07-15T16:19:33Z'
  ERROR: Build asset version error: assets/scripts/minijuego 8/botonbatidora.cs in SourceAssetDB has modification time of '2026-07-15T16:18:20Z' while content on disk has modification time of '2026-07-15T16:19:33Z'
Number of updated asset objects reloaded before import = 0Number of asset objects unloaded after import = 0

========================================================================
Received Import Request.
  Time since last request: 0.051900 seconds.
  path: Assets/Scripts/Minijuego 8/BotonBatidora.cs
  artifactKey: Guid(e91d731bbe11c4551a118c6ba60a92bb) Importer(815301076,1909f56bfc062723c751e8b465ee728b)
Start importing Assets/Scripts/Minijuego 8/BotonBatidora.cs using Guid(e91d731bbe11c4551a118c6ba60a92bb) Importer(815301076,1909f56bfc062723c751e8b465ee728b) (PreviewImporter) -> (artifact id: '00000000000000000000000000000000') in 0.000830625 seconds
Import Error Code:(4)
Message: Build asset version error: assets/scripts/minijuego 8/botonbatidora.cs in SourceAssetDB has modification time of '2026-07-15T16:18:20Z' while content on disk has modification time of '2026-07-15T16:19:33Z'
  ERROR: Build asset version error: assets/scripts/minijuego 8/botonbatidora.cs in SourceAssetDB has modification time of '2026-07-15T16:18:20Z' while content on disk has modification time of '2026-07-15T16:19:33Z'
Number of updated asset objects reloaded before import = 0Number of asset objects unloaded after import = 0

========================================================================
Received Import Request.
  Time since last request: 0.159855 seconds.
  path: Assets/Scripts/Minijuego 8/BotonBatidora.cs
  artifactKey: Guid(e91d731bbe11c4551a118c6ba60a92bb) Importer(815301076,1909f56bfc062723c751e8b465ee728b)
Start importing Assets/Scripts/Minijuego 8/BotonBatidora.cs using Guid(e91d731bbe11c4551a118c6ba60a92bb) Importer(815301076,1909f56bfc062723c751e8b465ee728b) (PreviewImporter) -> (artifact id: '00000000000000000000000000000000') in 0.000602917 seconds
Import Error Code:(4)
Message: Build asset version error: assets/scripts/minijuego 8/botonbatidora.cs in SourceAssetDB has modification time of '2026-07-15T16:18:20Z' while content on disk has modification time of '2026-07-15T16:19:33Z'
  ERROR: Build asset version error: assets/scripts/minijuego 8/botonbatidora.cs in SourceAssetDB has modification time of '2026-07-15T16:18:20Z' while content on disk has modification time of '2026-07-15T16:19:33Z'
Number of updated asset objects reloaded before import = 0Number of asset objects unloaded after import = 0

========================================================================
Received Import Request.
  Time since last request: 0.162266 seconds.
  path: Assets/Scripts/Minijuego 8/BotonBatidora.cs
  artifactKey: Guid(e91d731bbe11c4551a118c6ba60a92bb) Importer(815301076,1909f56bfc062723c751e8b465ee728b)
Start importing Assets/Scripts/Minijuego 8/BotonBatidora.cs using Guid(e91d731bbe11c4551a118c6ba60a92bb) Importer(815301076,1909f56bfc062723c751e8b465ee728b) (PreviewImporter) -> (artifact id: '00000000000000000000000000000000') in 0.00061825 seconds
Import Error Code:(4)
Message: Build asset version error: assets/scripts/minijuego 8/botonbatidora.cs in SourceAssetDB has modification time of '2026-07-15T16:18:20Z' while content on disk has modification time of '2026-07-15T16:19:33Z'
  ERROR: Build asset version error: assets/scripts/minijuego 8/botonbatidora.cs in SourceAssetDB has modification time of '2026-07-15T16:18:20Z' while content on disk has modification time of '2026-07-15T16:19:33Z'
Number of updated asset objects reloaded before import = 0Number of asset objects unloaded after import = 0

========================================================================
Received Import Request.
  Time since last request: 0.162721 seconds.
  path: Assets/Scripts/Minijuego 8/BotonBatidora.cs
  artifactKey: Guid(e91d731bbe11c4551a118c6ba60a92bb) Importer(815301076,1909f56bfc062723c751e8b465ee728b)
Start importing Assets/Scripts/Minijuego 8/BotonBatidora.cs using Guid(e91d731bbe11c4551a118c6ba60a92bb) Importer(815301076,1909f56bfc062723c751e8b465ee728b) (PreviewImporter) -> (artifact id: '00000000000000000000000000000000') in 0.000893583 seconds
Import Error Code:(4)
Message: Build asset version error: assets/scripts/minijuego 8/botonbatidora.cs in SourceAssetDB has modification time of '2026-07-15T16:18:20Z' while content on disk has modification time of '2026-07-15T16:19:33Z'
  ERROR: Build asset version error: assets/scripts/minijuego 8/botonbatidora.cs in SourceAssetDB has modification time of '2026-07-15T16:18:20Z' while content on disk has modification time of '2026-07-15T16:19:33Z'
Number of updated asset objects reloaded before import = 0Number of asset objects unloaded after import = 0

========================================================================
Received Import Request.
  Time since last request: 0.060071 seconds.
  path: Assets/Scripts/Minijuego 8/BotonBatidora.cs
  artifactKey: Guid(e91d731bbe11c4551a118c6ba60a92bb) Importer(815301076,1909f56bfc062723c751e8b465ee728b)
Start importing Assets/Scripts/Minijuego 8/BotonBatidora.cs using Guid(e91d731bbe11c4551a118c6ba60a92bb) Importer(815301076,1909f56bfc062723c751e8b465ee728b) (PreviewImporter) -> (artifact id: '00000000000000000000000000000000') in 0.00045925 seconds
Import Error Code:(4)
Message: Build asset version error: assets/scripts/minijuego 8/botonbatidora.cs in SourceAssetDB has modification time of '2026-07-15T16:18:20Z' while content on disk has modification time of '2026-07-15T16:19:33Z'
  ERROR: Build asset version error: assets/scripts/minijuego 8/botonbatidora.cs in SourceAssetDB has modification time of '2026-07-15T16:18:20Z' while content on disk has modification time of '2026-07-15T16:19:33Z'
Number of updated asset objects reloaded before import = 0Number of asset objects unloaded after import = 0

========================================================================
Received Import Request.
  Time since last request: 0.167163 seconds.
  path: Assets/Scripts/Minijuego 8/BotonBatidora.cs
  artifactKey: Guid(e91d731bbe11c4551a118c6ba60a92bb) Importer(815301076,1909f56bfc062723c751e8b465ee728b)
Start importing Assets/Scripts/Minijuego 8/BotonBatidora.cs using Guid(e91d731bbe11c4551a118c6ba60a92bb) Importer(815301076,1909f56bfc062723c751e8b465ee728b) (PreviewImporter) -> (artifact id: '00000000000000000000000000000000') in 0.000599 seconds
Import Error Code:(4)
Message: Build asset version error: assets/scripts/minijuego 8/botonbatidora.cs in SourceAssetDB has modification time of '2026-07-15T16:18:20Z' while content on disk has modification time of '2026-07-15T16:19:33Z'
  ERROR: Build asset version error: assets/scripts/minijuego 8/botonbatidora.cs in SourceAssetDB has modification time of '2026-07-15T16:18:20Z' while content on disk has modification time of '2026-07-15T16:19:33Z'
Number of updated asset objects reloaded before import = 0Number of asset objects unloaded after import = 0

========================================================================
Received Import Request.
  Time since last request: 0.166936 seconds.
  path: Assets/Scripts/Minijuego 8/BotonBatidora.cs
  artifactKey: Guid(e91d731bbe11c4551a118c6ba60a92bb) Importer(815301076,1909f56bfc062723c751e8b465ee728b)
Start importing Assets/Scripts/Minijuego 8/BotonBatidora.cs using Guid(e91d731bbe11c4551a118c6ba60a92bb) Importer(815301076,1909f56bfc062723c751e8b465ee728b) (PreviewImporter) -> (artifact id: '00000000000000000000000000000000') in 0.000604 seconds
Import Error Code:(4)
Message: Build asset version error: assets/scripts/minijuego 8/botonbatidora.cs in SourceAssetDB has modification time of '2026-07-15T16:18:20Z' while content on disk has modification time of '2026-07-15T16:19:33Z'
  ERROR: Build asset version error: assets/scripts/minijuego 8/botonbatidora.cs in SourceAssetDB has modification time of '2026-07-15T16:18:20Z' while content on disk has modification time of '2026-07-15T16:19:33Z'
Number of updated asset objects reloaded before import = 0Number of asset objects unloaded after import = 0

========================================================================
Received Import Request.
  Time since last request: 0.157344 seconds.
  path: Assets/Scripts/Minijuego 8/BotonBatidora.cs
  artifactKey: Guid(e91d731bbe11c4551a118c6ba60a92bb) Importer(815301076,1909f56bfc062723c751e8b465ee728b)
Start importing Assets/Scripts/Minijuego 8/BotonBatidora.cs using Guid(e91d731bbe11c4551a118c6ba60a92bb) Importer(815301076,1909f56bfc062723c751e8b465ee728b) (PreviewImporter) -> (artifact id: '00000000000000000000000000000000') in 0.000991084 seconds
Import Error Code:(4)
Message: Build asset version error: assets/scripts/minijuego 8/botonbatidora.cs in SourceAssetDB has modification time of '2026-07-15T16:18:20Z' while content on disk has modification time of '2026-07-15T16:19:33Z'
  ERROR: Build asset version error: assets/scripts/minijuego 8/botonbatidora.cs in SourceAssetDB has modification time of '2026-07-15T16:18:20Z' while content on disk has modification time of '2026-07-15T16:19:33Z'
Number of updated asset objects reloaded before import = 0Number of asset objects unloaded after import = 0

========================================================================
Received Import Request.
  Time since last request: 0.055052 seconds.
  path: Assets/Scripts/Minijuego 8/BotonBatidora.cs
  artifactKey: Guid(e91d731bbe11c4551a118c6ba60a92bb) Importer(815301076,1909f56bfc062723c751e8b465ee728b)
Start importing Assets/Scripts/Minijuego 8/BotonBatidora.cs using Guid(e91d731bbe11c4551a118c6ba60a92bb) Importer(815301076,1909f56bfc062723c751e8b465ee728b) (PreviewImporter) -> (artifact id: '00000000000000000000000000000000') in 0.000540542 seconds
Import Error Code:(4)
Message: Build asset version error: assets/scripts/minijuego 8/botonbatidora.cs in SourceAssetDB has modification time of '2026-07-15T16:18:20Z' while content on disk has modification time of '2026-07-15T16:19:33Z'
  ERROR: Build asset version error: assets/scripts/minijuego 8/botonbatidora.cs in SourceAssetDB has modification time of '2026-07-15T16:18:20Z' while content on disk has modification time of '2026-07-15T16:19:33Z'
Number of updated asset objects reloaded before import = 0Number of asset objects unloaded after import = 0

========================================================================
Received Import Request.
  Time since last request: 0.163147 seconds.
  path: Assets/Scripts/Minijuego 8/BotonBatidora.cs
  artifactKey: Guid(e91d731bbe11c4551a118c6ba60a92bb) Importer(815301076,1909f56bfc062723c751e8b465ee728b)
Start importing Assets/Scripts/Minijuego 8/BotonBatidora.cs using Guid(e91d731bbe11c4551a118c6ba60a92bb) Importer(815301076,1909f56bfc062723c751e8b465ee728b) (PreviewImporter) -> (artifact id: '00000000000000000000000000000000') in 0.000453417 seconds
Import Error Code:(4)
Message: Build asset version error: assets/scripts/minijuego 8/botonbatidora.cs in SourceAssetDB has modification time of '2026-07-15T16:18:20Z' while content on disk has modification time of '2026-07-15T16:19:33Z'
  ERROR: Build asset version error: assets/scripts/minijuego 8/botonbatidora.cs in SourceAssetDB has modification time of '2026-07-15T16:18:20Z' while content on disk has modification time of '2026-07-15T16:19:33Z'
Number of updated asset objects reloaded before import = 0Number of asset objects unloaded after import = 0

========================================================================
Received Import Request.
  Time since last request: 0.070512 seconds.
  path: Assets/Scripts/Minijuego 8/BotonBatidora.cs
  artifactKey: Guid(e91d731bbe11c4551a118c6ba60a92bb) Importer(815301076,1909f56bfc062723c751e8b465ee728b)
Start importing Assets/Scripts/Minijuego 8/BotonBatidora.cs using Guid(e91d731bbe11c4551a118c6ba60a92bb) Importer(815301076,1909f56bfc062723c751e8b465ee728b) (PreviewImporter) -> (artifact id: '00000000000000000000000000000000') in 0.000763541 seconds
Import Error Code:(4)
Message: Build asset version error: assets/scripts/minijuego 8/botonbatidora.cs in SourceAssetDB has modification time of '2026-07-15T16:18:20Z' while content on disk has modification time of '2026-07-15T16:19:33Z'
  ERROR: Build asset version error: assets/scripts/minijuego 8/botonbatidora.cs in SourceAssetDB has modification time of '2026-07-15T16:18:20Z' while content on disk has modification time of '2026-07-15T16:19:33Z'
Number of updated asset objects reloaded before import = 0Number of asset objects unloaded after import = 0

========================================================================
Received Import Request.
  Time since last request: 0.063406 seconds.
  path: Assets/Scripts/Minijuego 8/BotonBatidora.cs
  artifactKey: Guid(e91d731bbe11c4551a118c6ba60a92bb) Importer(815301076,1909f56bfc062723c751e8b465ee728b)
Start importing Assets/Scripts/Minijuego 8/BotonBatidora.cs using Guid(e91d731bbe11c4551a118c6ba60a92bb) Importer(815301076,1909f56bfc062723c751e8b465ee728b) (PreviewImporter) -> (artifact id: '00000000000000000000000000000000') in 0.00051925 seconds
Import Error Code:(4)
Message: Build asset version error: assets/scripts/minijuego 8/botonbatidora.cs in SourceAssetDB has modification time of '2026-07-15T16:18:20Z' while content on disk has modification time of '2026-07-15T16:19:33Z'
  ERROR: Build asset version error: assets/scripts/minijuego 8/botonbatidora.cs in SourceAssetDB has modification time of '2026-07-15T16:18:20Z' while content on disk has modification time of '2026-07-15T16:19:33Z'
Number of updated asset objects reloaded before import = 0Number of asset objects unloaded after import = 0

========================================================================
Received Import Request.
  Time since last request: 0.057796 seconds.
  path: Assets/Scripts/Minijuego 8/BotonBatidora.cs
  artifactKey: Guid(e91d731bbe11c4551a118c6ba60a92bb) Importer(815301076,1909f56bfc062723c751e8b465ee728b)
Start importing Assets/Scripts/Minijuego 8/BotonBatidora.cs using Guid(e91d731bbe11c4551a118c6ba60a92bb) Importer(815301076,1909f56bfc062723c751e8b465ee728b) (PreviewImporter) -> (artifact id: '00000000000000000000000000000000') in 0.000586625 seconds
Import Error Code:(4)
Message: Build asset version error: assets/scripts/minijuego 8/botonbatidora.cs in SourceAssetDB has modification time of '2026-07-15T16:18:20Z' while content on disk has modification time of '2026-07-15T16:19:33Z'
  ERROR: Build asset version error: assets/scripts/minijuego 8/botonbatidora.cs in SourceAssetDB has modification time of '2026-07-15T16:18:20Z' while content on disk has modification time of '2026-07-15T16:19:33Z'
Number of updated asset objects reloaded before import = 0Number of asset objects unloaded after import = 0

========================================================================
Received Import Request.
  Time since last request: 0.167333 seconds.
  path: Assets/Scripts/Minijuego 8/BotonBatidora.cs
  artifactKey: Guid(e91d731bbe11c4551a118c6ba60a92bb) Importer(815301076,1909f56bfc062723c751e8b465ee728b)
Start importing Assets/Scripts/Minijuego 8/BotonBatidora.cs using Guid(e91d731bbe11c4551a118c6ba60a92bb) Importer(815301076,1909f56bfc062723c751e8b465ee728b) (PreviewImporter) -> (artifact id: '00000000000000000000000000000000') in 0.000602042 seconds
Import Error Code:(4)
Message: Build asset version error: assets/scripts/minijuego 8/botonbatidora.cs in SourceAssetDB has modification time of '2026-07-15T16:18:20Z' while content on disk has modification time of '2026-07-15T16:19:33Z'
  ERROR: Build asset version error: assets/scripts/minijuego 8/botonbatidora.cs in SourceAssetDB has modification time of '2026-07-15T16:18:20Z' while content on disk has modification time of '2026-07-15T16:19:33Z'
Number of updated asset objects reloaded before import = 0Number of asset objects unloaded after import = 0

========================================================================
Received Import Request.
  Time since last request: 0.063260 seconds.
  path: Assets/Scripts/Minijuego 8/BotonBatidora.cs
  artifactKey: Guid(e91d731bbe11c4551a118c6ba60a92bb) Importer(815301076,1909f56bfc062723c751e8b465ee728b)
Start importing Assets/Scripts/Minijuego 8/BotonBatidora.cs using Guid(e91d731bbe11c4551a118c6ba60a92bb) Importer(815301076,1909f56bfc062723c751e8b465ee728b) (PreviewImporter) -> (artifact id: '00000000000000000000000000000000') in 0.000691833 seconds
Import Error Code:(4)
Message: Build asset version error: assets/scripts/minijuego 8/botonbatidora.cs in SourceAssetDB has modification time of '2026-07-15T16:18:20Z' while content on disk has modification time of '2026-07-15T16:19:33Z'
  ERROR: Build asset version error: assets/scripts/minijuego 8/botonbatidora.cs in SourceAssetDB has modification time of '2026-07-15T16:18:20Z' while content on disk has modification time of '2026-07-15T16:19:33Z'
Number of updated asset objects reloaded before import = 0Number of asset objects unloaded after import = 0

========================================================================
Received Import Request.
  Time since last request: 0.164500 seconds.
  path: Assets/Scripts/Minijuego 8/BotonBatidora.cs
  artifactKey: Guid(e91d731bbe11c4551a118c6ba60a92bb) Importer(815301076,1909f56bfc062723c751e8b465ee728b)
Start importing Assets/Scripts/Minijuego 8/BotonBatidora.cs using Guid(e91d731bbe11c4551a118c6ba60a92bb) Importer(815301076,1909f56bfc062723c751e8b465ee728b) (PreviewImporter) -> (artifact id: '00000000000000000000000000000000') in 0.000554583 seconds
Import Error Code:(4)
Message: Build asset version error: assets/scripts/minijuego 8/botonbatidora.cs in SourceAssetDB has modification time of '2026-07-15T16:18:20Z' while content on disk has modification time of '2026-07-15T16:19:33Z'
  ERROR: Build asset version error: assets/scripts/minijuego 8/botonbatidora.cs in SourceAssetDB has modification time of '2026-07-15T16:18:20Z' while content on disk has modification time of '2026-07-15T16:19:33Z'
Number of updated asset objects reloaded before import = 0Number of asset objects unloaded after import = 0

========================================================================
Received Import Request.
  Time since last request: 0.065300 seconds.
  path: Assets/Scripts/Minijuego 8/BotonBatidora.cs
  artifactKey: Guid(e91d731bbe11c4551a118c6ba60a92bb) Importer(815301076,1909f56bfc062723c751e8b465ee728b)
Start importing Assets/Scripts/Minijuego 8/BotonBatidora.cs using Guid(e91d731bbe11c4551a118c6ba60a92bb) Importer(815301076,1909f56bfc062723c751e8b465ee728b) (PreviewImporter) -> (artifact id: '00000000000000000000000000000000') in 0.000450042 seconds
Import Error Code:(4)
Message: Build asset version error: assets/scripts/minijuego 8/botonbatidora.cs in SourceAssetDB has modification time of '2026-07-15T16:18:20Z' while content on disk has modification time of '2026-07-15T16:19:33Z'
  ERROR: Build asset version error: assets/scripts/minijuego 8/botonbatidora.cs in SourceAssetDB has modification time of '2026-07-15T16:18:20Z' while content on disk has modification time of '2026-07-15T16:19:33Z'
Number of updated asset objects reloaded before import = 0Number of asset objects unloaded after import = 0

========================================================================
Received Import Request.
  Time since last request: 0.166816 seconds.
  path: Assets/Scripts/Minijuego 8/BotonBatidora.cs
  artifactKey: Guid(e91d731bbe11c4551a118c6ba60a92bb) Importer(815301076,1909f56bfc062723c751e8b465ee728b)
Start importing Assets/Scripts/Minijuego 8/BotonBatidora.cs using Guid(e91d731bbe11c4551a118c6ba60a92bb) Importer(815301076,1909f56bfc062723c751e8b465ee728b) (PreviewImporter) -> (artifact id: '00000000000000000000000000000000') in 0.000622 seconds
Import Error Code:(4)
Message: Build asset version error: assets/scripts/minijuego 8/botonbatidora.cs in SourceAssetDB has modification time of '2026-07-15T16:18:20Z' while content on disk has modification time of '2026-07-15T16:19:33Z'
  ERROR: Build asset version error: assets/scripts/minijuego 8/botonbatidora.cs in SourceAssetDB has modification time of '2026-07-15T16:18:20Z' while content on disk has modification time of '2026-07-15T16:19:33Z'
Number of updated asset objects reloaded before import = 0Number of asset objects unloaded after import = 0

========================================================================
Received Import Request.
  Time since last request: 0.073795 seconds.
  path: Assets/Scripts/Minijuego 8/BotonBatidora.cs
  artifactKey: Guid(e91d731bbe11c4551a118c6ba60a92bb) Importer(815301076,1909f56bfc062723c751e8b465ee728b)
Start importing Assets/Scripts/Minijuego 8/BotonBatidora.cs using Guid(e91d731bbe11c4551a118c6ba60a92bb) Importer(815301076,1909f56bfc062723c751e8b465ee728b) (PreviewImporter) -> (artifact id: '00000000000000000000000000000000') in 0.0005095 seconds
Import Error Code:(4)
Message: Build asset version error: assets/scripts/minijuego 8/botonbatidora.cs in SourceAssetDB has modification time of '2026-07-15T16:18:20Z' while content on disk has modification time of '2026-07-15T16:19:33Z'
  ERROR: Build asset version error: assets/scripts/minijuego 8/botonbatidora.cs in SourceAssetDB has modification time of '2026-07-15T16:18:20Z' while content on disk has modification time of '2026-07-15T16:19:33Z'
Number of updated asset objects reloaded before import = 0Number of asset objects unloaded after import = 0

========================================================================
Received Import Request.
  Time since last request: 0.169243 seconds.
  path: Assets/Scripts/Minijuego 8/BotonBatidora.cs
  artifactKey: Guid(e91d731bbe11c4551a118c6ba60a92bb) Importer(815301076,1909f56bfc062723c751e8b465ee728b)
Start importing Assets/Scripts/Minijuego 8/BotonBatidora.cs using Guid(e91d731bbe11c4551a118c6ba60a92bb) Importer(815301076,1909f56bfc062723c751e8b465ee728b) (PreviewImporter) -> (artifact id: '00000000000000000000000000000000') in 0.00084325 seconds
Import Error Code:(4)
Message: Build asset version error: assets/scripts/minijuego 8/botonbatidora.cs in SourceAssetDB has modification time of '2026-07-15T16:18:20Z' while content on disk has modification time of '2026-07-15T16:19:33Z'
  ERROR: Build asset version error: assets/scripts/minijuego 8/botonbatidora.cs in SourceAssetDB has modification time of '2026-07-15T16:18:20Z' while content on disk has modification time of '2026-07-15T16:19:33Z'
Number of updated asset objects reloaded before import = 0Number of asset objects unloaded after import = 0

========================================================================
Received Import Request.
  Time since last request: 0.151463 seconds.
  path: Assets/Scripts/Minijuego 8/BotonBatidora.cs
  artifactKey: Guid(e91d731bbe11c4551a118c6ba60a92bb) Importer(815301076,1909f56bfc062723c751e8b465ee728b)
Start importing Assets/Scripts/Minijuego 8/BotonBatidora.cs using Guid(e91d731bbe11c4551a118c6ba60a92bb) Importer(815301076,1909f56bfc062723c751e8b465ee728b) (PreviewImporter) -> (artifact id: '00000000000000000000000000000000') in 0.000587917 seconds
Import Error Code:(4)
Message: Build asset version error: assets/scripts/minijuego 8/botonbatidora.cs in SourceAssetDB has modification time of '2026-07-15T16:18:20Z' while content on disk has modification time of '2026-07-15T16:19:36Z'
  ERROR: Build asset version error: assets/scripts/minijuego 8/botonbatidora.cs in SourceAssetDB has modification time of '2026-07-15T16:18:20Z' while content on disk has modification time of '2026-07-15T16:19:36Z'
Number of updated asset objects reloaded before import = 0Number of asset objects unloaded after import = 0

========================================================================
Received Import Request.
  Time since last request: 0.057052 seconds.
  path: Assets/Scripts/Minijuego 8/BotonBatidora.cs
  artifactKey: Guid(e91d731bbe11c4551a118c6ba60a92bb) Importer(815301076,1909f56bfc062723c751e8b465ee728b)
Start importing Assets/Scripts/Minijuego 8/BotonBatidora.cs using Guid(e91d731bbe11c4551a118c6ba60a92bb) Importer(815301076,1909f56bfc062723c751e8b465ee728b) (PreviewImporter) -> (artifact id: '00000000000000000000000000000000') in 0.000976292 seconds
Import Error Code:(4)
Message: Build asset version error: assets/scripts/minijuego 8/botonbatidora.cs in SourceAssetDB has modification time of '2026-07-15T16:18:20Z' while content on disk has modification time of '2026-07-15T16:19:36Z'
  ERROR: Build asset version error: assets/scripts/minijuego 8/botonbatidora.cs in SourceAssetDB has modification time of '2026-07-15T16:18:20Z' while content on disk has modification time of '2026-07-15T16:19:36Z'
Number of updated asset objects reloaded before import = 0Number of asset objects unloaded after import = 0

========================================================================
Received Import Request.
  Time since last request: 0.156712 seconds.
  path: Assets/Scripts/Minijuego 8/BotonBatidora.cs
  artifactKey: Guid(e91d731bbe11c4551a118c6ba60a92bb) Importer(815301076,1909f56bfc062723c751e8b465ee728b)
Start importing Assets/Scripts/Minijuego 8/BotonBatidora.cs using Guid(e91d731bbe11c4551a118c6ba60a92bb) Importer(815301076,1909f56bfc062723c751e8b465ee728b) (PreviewImporter) -> (artifact id: '00000000000000000000000000000000') in 0.000661667 seconds
Import Error Code:(4)
Message: Build asset version error: assets/scripts/minijuego 8/botonbatidora.cs in SourceAssetDB has modification time of '2026-07-15T16:18:20Z' while content on disk has modification time of '2026-07-15T16:19:36Z'
  ERROR: Build asset version error: assets/scripts/minijuego 8/botonbatidora.cs in SourceAssetDB has modification time of '2026-07-15T16:18:20Z' while content on disk has modification time of '2026-07-15T16:19:36Z'
Number of updated asset objects reloaded before import = 0Number of asset objects unloaded after import = 0

========================================================================
Received Import Request.
  Time since last request: 0.056826 seconds.
  path: Assets/Scripts/Minijuego 8/BotonBatidora.cs
  artifactKey: Guid(e91d731bbe11c4551a118c6ba60a92bb) Importer(815301076,1909f56bfc062723c751e8b465ee728b)
Start importing Assets/Scripts/Minijuego 8/BotonBatidora.cs using Guid(e91d731bbe11c4551a118c6ba60a92bb) Importer(815301076,1909f56bfc062723c751e8b465ee728b) (PreviewImporter) -> (artifact id: '00000000000000000000000000000000') in 0.000482583 seconds
Import Error Code:(4)
Message: Build asset version error: assets/scripts/minijuego 8/botonbatidora.cs in SourceAssetDB has modification time of '2026-07-15T16:18:20Z' while content on disk has modification time of '2026-07-15T16:19:36Z'
  ERROR: Build asset version error: assets/scripts/minijuego 8/botonbatidora.cs in SourceAssetDB has modification time of '2026-07-15T16:18:20Z' while content on disk has modification time of '2026-07-15T16:19:36Z'
Number of updated asset objects reloaded before import = 0Number of asset objects unloaded after import = 0

========================================================================
Received Import Request.
  Time since last request: 0.169694 seconds.
  path: Assets/Scripts/Minijuego 8/BotonBatidora.cs
  artifactKey: Guid(e91d731bbe11c4551a118c6ba60a92bb) Importer(815301076,1909f56bfc062723c751e8b465ee728b)
Start importing Assets/Scripts/Minijuego 8/BotonBatidora.cs using Guid(e91d731bbe11c4551a118c6ba60a92bb) Importer(815301076,1909f56bfc062723c751e8b465ee728b) (PreviewImporter) -> (artifact id: '00000000000000000000000000000000') in 0.000629834 seconds
Import Error Code:(4)
Message: Build asset version error: assets/scripts/minijuego 8/botonbatidora.cs in SourceAssetDB has modification time of '2026-07-15T16:18:20Z' while content on disk has modification time of '2026-07-15T16:19:36Z'
  ERROR: Build asset version error: assets/scripts/minijuego 8/botonbatidora.cs in SourceAssetDB has modification time of '2026-07-15T16:18:20Z' while content on disk has modification time of '2026-07-15T16:19:36Z'
Number of updated asset objects reloaded before import = 0Number of asset objects unloaded after import = 0

========================================================================
Received Import Request.
  Time since last request: 0.061056 seconds.
  path: Assets/Scripts/Minijuego 8/BotonBatidora.cs
  artifactKey: Guid(e91d731bbe11c4551a118c6ba60a92bb) Importer(815301076,1909f56bfc062723c751e8b465ee728b)
Start importing Assets/Scripts/Minijuego 8/BotonBatidora.cs using Guid(e91d731bbe11c4551a118c6ba60a92bb) Importer(815301076,1909f56bfc062723c751e8b465ee728b) (PreviewImporter) -> (artifact id: '00000000000000000000000000000000') in 0.000858083 seconds
Import Error Code:(4)
Message: Build asset version error: assets/scripts/minijuego 8/botonbatidora.cs in SourceAssetDB has modification time of '2026-07-15T16:18:20Z' while content on disk has modification time of '2026-07-15T16:19:36Z'
  ERROR: Build asset version error: assets/scripts/minijuego 8/botonbatidora.cs in SourceAssetDB has modification time of '2026-07-15T16:18:20Z' while content on disk has modification time of '2026-07-15T16:19:36Z'
Number of updated asset objects reloaded before import = 0Number of asset objects unloaded after import = 0

========================================================================
Received Import Request.
  Time since last request: 0.060568 seconds.
  path: Assets/Scripts/Minijuego 8/BotonBatidora.cs
  artifactKey: Guid(e91d731bbe11c4551a118c6ba60a92bb) Importer(815301076,1909f56bfc062723c751e8b465ee728b)
Start importing Assets/Scripts/Minijuego 8/BotonBatidora.cs using Guid(e91d731bbe11c4551a118c6ba60a92bb) Importer(815301076,1909f56bfc062723c751e8b465ee728b) (PreviewImporter) -> (artifact id: '00000000000000000000000000000000') in 0.000436958 seconds
Import Error Code:(4)
Message: Build asset version error: assets/scripts/minijuego 8/botonbatidora.cs in SourceAssetDB has modification time of '2026-07-15T16:18:20Z' while content on disk has modification time of '2026-07-15T16:19:36Z'
  ERROR: Build asset version error: assets/scripts/minijuego 8/botonbatidora.cs in SourceAssetDB has modification time of '2026-07-15T16:18:20Z' while content on disk has modification time of '2026-07-15T16:19:36Z'
Number of updated asset objects reloaded before import = 0Number of asset objects unloaded after import = 0

========================================================================
Received Import Request.
  Time since last request: 0.068850 seconds.
  path: Assets/Scripts/Minijuego 8/BotonBatidora.cs
  artifactKey: Guid(e91d731bbe11c4551a118c6ba60a92bb) Importer(815301076,1909f56bfc062723c751e8b465ee728b)
Start importing Assets/Scripts/Minijuego 8/BotonBatidora.cs using Guid(e91d731bbe11c4551a118c6ba60a92bb) Importer(815301076,1909f56bfc062723c751e8b465ee728b) (PreviewImporter) -> (artifact id: '00000000000000000000000000000000') in 0.000505958 seconds
Import Error Code:(4)
Message: Build asset version error: assets/scripts/minijuego 8/botonbatidora.cs in SourceAssetDB has modification time of '2026-07-15T16:18:20Z' while content on disk has modification time of '2026-07-15T16:19:37Z'
  ERROR: Build asset version error: assets/scripts/minijuego 8/botonbatidora.cs in SourceAssetDB has modification time of '2026-07-15T16:18:20Z' while content on disk has modification time of '2026-07-15T16:19:37Z'
Number of updated asset objects reloaded before import = 0Number of asset objects unloaded after import = 0

========================================================================
Received Import Request.
  Time since last request: 0.065754 seconds.
  path: Assets/Scripts/Minijuego 8/BotonBatidora.cs
  artifactKey: Guid(e91d731bbe11c4551a118c6ba60a92bb) Importer(815301076,1909f56bfc062723c751e8b465ee728b)
Start importing Assets/Scripts/Minijuego 8/BotonBatidora.cs using Guid(e91d731bbe11c4551a118c6ba60a92bb) Importer(815301076,1909f56bfc062723c751e8b465ee728b) (PreviewImporter) -> (artifact id: '00000000000000000000000000000000') in 0.000485917 seconds
Import Error Code:(4)
Message: Build asset version error: assets/scripts/minijuego 8/botonbatidora.cs in SourceAssetDB has modification time of '2026-07-15T16:18:20Z' while content on disk has modification time of '2026-07-15T16:19:37Z'
  ERROR: Build asset version error: assets/scripts/minijuego 8/botonbatidora.cs in SourceAssetDB has modification time of '2026-07-15T16:18:20Z' while content on disk has modification time of '2026-07-15T16:19:37Z'
Number of updated asset objects reloaded before import = 0Number of asset objects unloaded after import = 0

========================================================================
Received Import Request.
  Time since last request: 0.068568 seconds.
  path: Assets/Scripts/Minijuego 8/BotonBatidora.cs
  artifactKey: Guid(e91d731bbe11c4551a118c6ba60a92bb) Importer(815301076,1909f56bfc062723c751e8b465ee728b)
Start importing Assets/Scripts/Minijuego 8/BotonBatidora.cs using Guid(e91d731bbe11c4551a118c6ba60a92bb) Importer(815301076,1909f56bfc062723c751e8b465ee728b) (PreviewImporter) -> (artifact id: '00000000000000000000000000000000') in 0.000546958 seconds
Import Error Code:(4)
Message: Build asset version error: assets/scripts/minijuego 8/botonbatidora.cs in SourceAssetDB has modification time of '2026-07-15T16:18:20Z' while content on disk has modification time of '2026-07-15T16:19:37Z'
  ERROR: Build asset version error: assets/scripts/minijuego 8/botonbatidora.cs in SourceAssetDB has modification time of '2026-07-15T16:18:20Z' while content on disk has modification time of '2026-07-15T16:19:37Z'
Number of updated asset objects reloaded before import = 0Number of asset objects unloaded after import = 0

========================================================================
Received Import Request.
  Time since last request: 0.066474 seconds.
  path: Assets/Scripts/Minijuego 8/BotonBatidora.cs
  artifactKey: Guid(e91d731bbe11c4551a118c6ba60a92bb) Importer(815301076,1909f56bfc062723c751e8b465ee728b)
Start importing Assets/Scripts/Minijuego 8/BotonBatidora.cs using Guid(e91d731bbe11c4551a118c6ba60a92bb) Importer(815301076,1909f56bfc062723c751e8b465ee728b) (PreviewImporter) -> (artifact id: '00000000000000000000000000000000') in 0.000483708 seconds
Import Error Code:(4)
Message: Build asset version error: assets/scripts/minijuego 8/botonbatidora.cs in SourceAssetDB has modification time of '2026-07-15T16:18:20Z' while content on disk has modification time of '2026-07-15T16:19:37Z'
  ERROR: Build asset version error: assets/scripts/minijuego 8/botonbatidora.cs in SourceAssetDB has modification time of '2026-07-15T16:18:20Z' while content on disk has modification time of '2026-07-15T16:19:37Z'
Number of updated asset objects reloaded before import = 0Number of asset objects unloaded after import = 0

========================================================================
Received Import Request.
  Time since last request: 0.171233 seconds.
  path: Assets/Scripts/Minijuego 8/BotonBatidora.cs
  artifactKey: Guid(e91d731bbe11c4551a118c6ba60a92bb) Importer(815301076,1909f56bfc062723c751e8b465ee728b)
Start importing Assets/Scripts/Minijuego 8/BotonBatidora.cs using Guid(e91d731bbe11c4551a118c6ba60a92bb) Importer(815301076,1909f56bfc062723c751e8b465ee728b) (PreviewImporter) -> (artifact id: '00000000000000000000000000000000') in 0.000958167 seconds
Import Error Code:(4)
Message: Build asset version error: assets/scripts/minijuego 8/botonbatidora.cs in SourceAssetDB has modification time of '2026-07-15T16:18:20Z' while content on disk has modification time of '2026-07-15T16:19:37Z'
  ERROR: Build asset version error: assets/scripts/minijuego 8/botonbatidora.cs in SourceAssetDB has modification time of '2026-07-15T16:18:20Z' while content on disk has modification time of '2026-07-15T16:19:37Z'
Number of updated asset objects reloaded before import = 0Number of asset objects unloaded after import = 0

========================================================================
Received Import Request.
  Time since last request: 0.165043 seconds.
  path: Assets/Scripts/Minijuego 8/BotonBatidora.cs
  artifactKey: Guid(e91d731bbe11c4551a118c6ba60a92bb) Importer(815301076,1909f56bfc062723c751e8b465ee728b)
Start importing Assets/Scripts/Minijuego 8/BotonBatidora.cs using Guid(e91d731bbe11c4551a118c6ba60a92bb) Importer(815301076,1909f56bfc062723c751e8b465ee728b) (PreviewImporter) -> (artifact id: '00000000000000000000000000000000') in 0.001009834 seconds
Import Error Code:(4)
Message: Build asset version error: assets/scripts/minijuego 8/botonbatidora.cs in SourceAssetDB has modification time of '2026-07-15T16:18:20Z' while content on disk has modification time of '2026-07-15T16:19:37Z'
  ERROR: Build asset version error: assets/scripts/minijuego 8/botonbatidora.cs in SourceAssetDB has modification time of '2026-07-15T16:18:20Z' while content on disk has modification time of '2026-07-15T16:19:37Z'
Number of updated asset objects reloaded before import = 0Number of asset objects unloaded after import = 0

========================================================================
Received Import Request.
  Time since last request: 0.056819 seconds.
  path: Assets/Scripts/Minijuego 8/BotonBatidora.cs
  artifactKey: Guid(e91d731bbe11c4551a118c6ba60a92bb) Importer(815301076,1909f56bfc062723c751e8b465ee728b)
Start importing Assets/Scripts/Minijuego 8/BotonBatidora.cs using Guid(e91d731bbe11c4551a118c6ba60a92bb) Importer(815301076,1909f56bfc062723c751e8b465ee728b) (PreviewImporter) -> (artifact id: '00000000000000000000000000000000') in 0.000704208 seconds
Import Error Code:(4)
Message: Build asset version error: assets/scripts/minijuego 8/botonbatidora.cs in SourceAssetDB has modification time of '2026-07-15T16:18:20Z' while content on disk has modification time of '2026-07-15T16:19:37Z'
  ERROR: Build asset version error: assets/scripts/minijuego 8/botonbatidora.cs in SourceAssetDB has modification time of '2026-07-15T16:18:20Z' while content on disk has modification time of '2026-07-15T16:19:37Z'
Number of updated asset objects reloaded before import = 0Number of asset objects unloaded after import = 0

========================================================================
Received Import Request.
  Time since last request: 0.157597 seconds.
  path: Assets/Scripts/Minijuego 8/BotonBatidora.cs
  artifactKey: Guid(e91d731bbe11c4551a118c6ba60a92bb) Importer(815301076,1909f56bfc062723c751e8b465ee728b)
Start importing Assets/Scripts/Minijuego 8/BotonBatidora.cs using Guid(e91d731bbe11c4551a118c6ba60a92bb) Importer(815301076,1909f56bfc062723c751e8b465ee728b) (PreviewImporter) -> (artifact id: '00000000000000000000000000000000') in 0.000548958 seconds
Import Error Code:(4)
Message: Build asset version error: assets/scripts/minijuego 8/botonbatidora.cs in SourceAssetDB has modification time of '2026-07-15T16:18:20Z' while content on disk has modification time of '2026-07-15T16:19:37Z'
  ERROR: Build asset version error: assets/scripts/minijuego 8/botonbatidora.cs in SourceAssetDB has modification time of '2026-07-15T16:18:20Z' while content on disk has modification time of '2026-07-15T16:19:37Z'
Number of updated asset objects reloaded before import = 0Number of asset objects unloaded after import = 0

========================================================================
Received Import Request.
  Time since last request: 0.162179 seconds.
  path: Assets/Scripts/Minijuego 8/BotonBatidora.cs
  artifactKey: Guid(e91d731bbe11c4551a118c6ba60a92bb) Importer(815301076,1909f56bfc062723c751e8b465ee728b)
Start importing Assets/Scripts/Minijuego 8/BotonBatidora.cs using Guid(e91d731bbe11c4551a118c6ba60a92bb) Importer(815301076,1909f56bfc062723c751e8b465ee728b) (PreviewImporter) -> (artifact id: '00000000000000000000000000000000') in 0.001825833 seconds
Import Error Code:(4)
Message: Build asset version error: assets/scripts/minijuego 8/botonbatidora.cs in SourceAssetDB has modification time of '2026-07-15T16:18:20Z' while content on disk has modification time of '2026-07-15T16:19:39Z'
  ERROR: Build asset version error: assets/scripts/minijuego 8/botonbatidora.cs in SourceAssetDB has modification time of '2026-07-15T16:18:20Z' while content on disk has modification time of '2026-07-15T16:19:39Z'
Number of updated asset objects reloaded before import = 0Number of asset objects unloaded after import = 0

========================================================================
Received Import Request.
  Time since last request: 0.058894 seconds.
  path: Assets/Scripts/Minijuego 8/BotonBatidora.cs
  artifactKey: Guid(e91d731bbe11c4551a118c6ba60a92bb) Importer(815301076,1909f56bfc062723c751e8b465ee728b)
Start importing Assets/Scripts/Minijuego 8/BotonBatidora.cs using Guid(e91d731bbe11c4551a118c6ba60a92bb) Importer(815301076,1909f56bfc062723c751e8b465ee728b) (PreviewImporter) -> (artifact id: '00000000000000000000000000000000') in 0.000537417 seconds
Import Error Code:(4)
Message: Build asset version error: assets/scripts/minijuego 8/botonbatidora.cs in SourceAssetDB has modification time of '2026-07-15T16:18:20Z' while content on disk has modification time of '2026-07-15T16:19:39Z'
  ERROR: Build asset version error: assets/scripts/minijuego 8/botonbatidora.cs in SourceAssetDB has modification time of '2026-07-15T16:18:20Z' while content on disk has modification time of '2026-07-15T16:19:39Z'
Number of updated asset objects reloaded before import = 0Number of asset objects unloaded after import = 0

========================================================================
Received Import Request.
  Time since last request: 0.066400 seconds.
  path: Assets/Scripts/Minijuego 8/BotonBatidora.cs
  artifactKey: Guid(e91d731bbe11c4551a118c6ba60a92bb) Importer(815301076,1909f56bfc062723c751e8b465ee728b)
Start importing Assets/Scripts/Minijuego 8/BotonBatidora.cs using Guid(e91d731bbe11c4551a118c6ba60a92bb) Importer(815301076,1909f56bfc062723c751e8b465ee728b) (PreviewImporter) -> (artifact id: '00000000000000000000000000000000') in 0.000579917 seconds
Import Error Code:(4)
Message: Build asset version error: assets/scripts/minijuego 8/botonbatidora.cs in SourceAssetDB has modification time of '2026-07-15T16:18:20Z' while content on disk has modification time of '2026-07-15T16:19:39Z'
  ERROR: Build asset version error: assets/scripts/minijuego 8/botonbatidora.cs in SourceAssetDB has modification time of '2026-07-15T16:18:20Z' while content on disk has modification time of '2026-07-15T16:19:39Z'
Number of updated asset objects reloaded before import = 0Number of asset objects unloaded after import = 0

========================================================================
Received Import Request.
  Time since last request: 0.162747 seconds.
  path: Assets/Scripts/Minijuego 8/BotonBatidora.cs
  artifactKey: Guid(e91d731bbe11c4551a118c6ba60a92bb) Importer(815301076,1909f56bfc062723c751e8b465ee728b)
Start importing Assets/Scripts/Minijuego 8/BotonBatidora.cs using Guid(e91d731bbe11c4551a118c6ba60a92bb) Importer(815301076,1909f56bfc062723c751e8b465ee728b) (PreviewImporter) -> (artifact id: '00000000000000000000000000000000') in 0.000630542 seconds
Import Error Code:(4)
Message: Build asset version error: assets/scripts/minijuego 8/botonbatidora.cs in SourceAssetDB has modification time of '2026-07-15T16:18:20Z' while content on disk has modification time of '2026-07-15T16:19:39Z'
  ERROR: Build asset version error: assets/scripts/minijuego 8/botonbatidora.cs in SourceAssetDB has modification time of '2026-07-15T16:18:20Z' while content on disk has modification time of '2026-07-15T16:19:39Z'
Number of updated asset objects reloaded before import = 0Number of asset objects unloaded after import = 0

========================================================================
Received Import Request.
  Time since last request: 0.158170 seconds.
  path: Assets/Scripts/Minijuego 8/BotonBatidora.cs
  artifactKey: Guid(e91d731bbe11c4551a118c6ba60a92bb) Importer(815301076,1909f56bfc062723c751e8b465ee728b)
Start importing Assets/Scripts/Minijuego 8/BotonBatidora.cs using Guid(e91d731bbe11c4551a118c6ba60a92bb) Importer(815301076,1909f56bfc062723c751e8b465ee728b) (PreviewImporter) -> (artifact id: '00000000000000000000000000000000') in 0.001094292 seconds
Import Error Code:(4)
Message: Build asset version error: assets/scripts/minijuego 8/botonbatidora.cs in SourceAssetDB has modification time of '2026-07-15T16:18:20Z' while content on disk has modification time of '2026-07-15T16:19:39Z'
  ERROR: Build asset version error: assets/scripts/minijuego 8/botonbatidora.cs in SourceAssetDB has modification time of '2026-07-15T16:18:20Z' while content on disk has modification time of '2026-07-15T16:19:39Z'
Number of updated asset objects reloaded before import = 0Number of asset objects unloaded after import = 0

========================================================================
Received Import Request.
  Time since last request: 0.057508 seconds.
  path: Assets/Scripts/Minijuego 8/BotonBatidora.cs
  artifactKey: Guid(e91d731bbe11c4551a118c6ba60a92bb) Importer(815301076,1909f56bfc062723c751e8b465ee728b)
Start importing Assets/Scripts/Minijuego 8/BotonBatidora.cs using Guid(e91d731bbe11c4551a118c6ba60a92bb) Importer(815301076,1909f56bfc062723c751e8b465ee728b) (PreviewImporter) -> (artifact id: '00000000000000000000000000000000') in 0.000672083 seconds
Import Error Code:(4)
Message: Build asset version error: assets/scripts/minijuego 8/botonbatidora.cs in SourceAssetDB has modification time of '2026-07-15T16:18:20Z' while content on disk has modification time of '2026-07-15T16:19:39Z'
  ERROR: Build asset version error: assets/scripts/minijuego 8/botonbatidora.cs in SourceAssetDB has modification time of '2026-07-15T16:18:20Z' while content on disk has modification time of '2026-07-15T16:19:39Z'
Number of updated asset objects reloaded before import = 0Number of asset objects unloaded after import = 0

========================================================================
Received Import Request.
  Time since last request: 0.071584 seconds.
  path: Assets/Scripts/Minijuego 8/BotonBatidora.cs
  artifactKey: Guid(e91d731bbe11c4551a118c6ba60a92bb) Importer(815301076,1909f56bfc062723c751e8b465ee728b)
Start importing Assets/Scripts/Minijuego 8/BotonBatidora.cs using Guid(e91d731bbe11c4551a118c6ba60a92bb) Importer(815301076,1909f56bfc062723c751e8b465ee728b) (PreviewImporter) -> (artifact id: '00000000000000000000000000000000') in 0.000496583 seconds
Import Error Code:(4)
Message: Build asset version error: assets/scripts/minijuego 8/botonbatidora.cs in SourceAssetDB has modification time of '2026-07-15T16:18:20Z' while content on disk has modification time of '2026-07-15T16:19:39Z'
  ERROR: Build asset version error: assets/scripts/minijuego 8/botonbatidora.cs in SourceAssetDB has modification time of '2026-07-15T16:18:20Z' while content on disk has modification time of '2026-07-15T16:19:39Z'
Number of updated asset objects reloaded before import = 0Number of asset objects unloaded after import = 0

========================================================================
Received Import Request.
  Time since last request: 0.169993 seconds.
  path: Assets/Scripts/Minijuego 8/BotonBatidora.cs
  artifactKey: Guid(e91d731bbe11c4551a118c6ba60a92bb) Importer(815301076,1909f56bfc062723c751e8b465ee728b)
Start importing Assets/Scripts/Minijuego 8/BotonBatidora.cs using Guid(e91d731bbe11c4551a118c6ba60a92bb) Importer(815301076,1909f56bfc062723c751e8b465ee728b) (PreviewImporter) -> (artifact id: '00000000000000000000000000000000') in 0.000799834 seconds
Import Error Code:(4)
Message: Build asset version error: assets/scripts/minijuego 8/botonbatidora.cs in SourceAssetDB has modification time of '2026-07-15T16:18:20Z' while content on disk has modification time of '2026-07-15T16:19:39Z'
  ERROR: Build asset version error: assets/scripts/minijuego 8/botonbatidora.cs in SourceAssetDB has modification time of '2026-07-15T16:18:20Z' while content on disk has modification time of '2026-07-15T16:19:39Z'
Number of updated asset objects reloaded before import = 0Number of asset objects unloaded after import = 0

========================================================================
Received Import Request.
  Time since last request: 0.065738 seconds.
  path: Assets/Scripts/Minijuego 8/BotonBatidora.cs
  artifactKey: Guid(e91d731bbe11c4551a118c6ba60a92bb) Importer(815301076,1909f56bfc062723c751e8b465ee728b)
Start importing Assets/Scripts/Minijuego 8/BotonBatidora.cs using Guid(e91d731bbe11c4551a118c6ba60a92bb) Importer(815301076,1909f56bfc062723c751e8b465ee728b) (PreviewImporter) -> (artifact id: '00000000000000000000000000000000') in 0.000591333 seconds
Import Error Code:(4)
Message: Build asset version error: assets/scripts/minijuego 8/botonbatidora.cs in SourceAssetDB has modification time of '2026-07-15T16:18:20Z' while content on disk has modification time of '2026-07-15T16:19:39Z'
  ERROR: Build asset version error: assets/scripts/minijuego 8/botonbatidora.cs in SourceAssetDB has modification time of '2026-07-15T16:18:20Z' while content on disk has modification time of '2026-07-15T16:19:39Z'
Number of updated asset objects reloaded before import = 0Number of asset objects unloaded after import = 0

========================================================================
Received Import Request.
  Time since last request: 0.165038 seconds.
  path: Assets/Scripts/Minijuego 8/BotonBatidora.cs
  artifactKey: Guid(e91d731bbe11c4551a118c6ba60a92bb) Importer(815301076,1909f56bfc062723c751e8b465ee728b)
Start importing Assets/Scripts/Minijuego 8/BotonBatidora.cs using Guid(e91d731bbe11c4551a118c6ba60a92bb) Importer(815301076,1909f56bfc062723c751e8b465ee728b) (PreviewImporter) -> (artifact id: '00000000000000000000000000000000') in 0.0005775 seconds
Import Error Code:(4)
Message: Build asset version error: assets/scripts/minijuego 8/botonbatidora.cs in SourceAssetDB has modification time of '2026-07-15T16:18:20Z' while content on disk has modification time of '2026-07-15T16:19:39Z'
  ERROR: Build asset version error: assets/scripts/minijuego 8/botonbatidora.cs in SourceAssetDB has modification time of '2026-07-15T16:18:20Z' while content on disk has modification time of '2026-07-15T16:19:39Z'
Number of updated asset objects reloaded before import = 0Number of asset objects unloaded after import = 0

========================================================================
Received Import Request.
  Time since last request: 0.062643 seconds.
  path: Assets/Scripts/Minijuego 8/BotonBatidora.cs
  artifactKey: Guid(e91d731bbe11c4551a118c6ba60a92bb) Importer(815301076,1909f56bfc062723c751e8b465ee728b)
Start importing Assets/Scripts/Minijuego 8/BotonBatidora.cs using Guid(e91d731bbe11c4551a118c6ba60a92bb) Importer(815301076,1909f56bfc062723c751e8b465ee728b) (PreviewImporter) -> (artifact id: '00000000000000000000000000000000') in 0.000640375 seconds
Import Error Code:(4)
Message: Build asset version error: assets/scripts/minijuego 8/botonbatidora.cs in SourceAssetDB has modification time of '2026-07-15T16:18:20Z' while content on disk has modification time of '2026-07-15T16:19:39Z'
  ERROR: Build asset version error: assets/scripts/minijuego 8/botonbatidora.cs in SourceAssetDB has modification time of '2026-07-15T16:18:20Z' while content on disk has modification time of '2026-07-15T16:19:39Z'
Number of updated asset objects reloaded before import = 0Number of asset objects unloaded after import = 0

========================================================================
Received Import Request.
  Time since last request: 0.160894 seconds.
  path: Assets/Scripts/Minijuego 8/BotonBatidora.cs
  artifactKey: Guid(e91d731bbe11c4551a118c6ba60a92bb) Importer(815301076,1909f56bfc062723c751e8b465ee728b)
Start importing Assets/Scripts/Minijuego 8/BotonBatidora.cs using Guid(e91d731bbe11c4551a118c6ba60a92bb) Importer(815301076,1909f56bfc062723c751e8b465ee728b) (PreviewImporter) -> (artifact id: '00000000000000000000000000000000') in 0.000814375 seconds
Import Error Code:(4)
Message: Build asset version error: assets/scripts/minijuego 8/botonbatidora.cs in SourceAssetDB has modification time of '2026-07-15T16:18:20Z' while content on disk has modification time of '2026-07-15T16:19:39Z'
  ERROR: Build asset version error: assets/scripts/minijuego 8/botonbatidora.cs in SourceAssetDB has modification time of '2026-07-15T16:18:20Z' while content on disk has modification time of '2026-07-15T16:19:39Z'
Number of updated asset objects reloaded before import = 0Number of asset objects unloaded after import = 0

========================================================================
Received Import Request.
  Time since last request: 0.167294 seconds.
  path: Assets/Scripts/Minijuego 8/BotonBatidora.cs
  artifactKey: Guid(e91d731bbe11c4551a118c6ba60a92bb) Importer(815301076,1909f56bfc062723c751e8b465ee728b)
Start importing Assets/Scripts/Minijuego 8/BotonBatidora.cs using Guid(e91d731bbe11c4551a118c6ba60a92bb) Importer(815301076,1909f56bfc062723c751e8b465ee728b) (PreviewImporter) -> (artifact id: '00000000000000000000000000000000') in 0.000468833 seconds
Import Error Code:(4)
Message: Build asset version error: assets/scripts/minijuego 8/botonbatidora.cs in SourceAssetDB has modification time of '2026-07-15T16:18:20Z' while content on disk has modification time of '2026-07-15T16:19:39Z'
  ERROR: Build asset version error: assets/scripts/minijuego 8/botonbatidora.cs in SourceAssetDB has modification time of '2026-07-15T16:18:20Z' while content on disk has modification time of '2026-07-15T16:19:39Z'
Number of updated asset objects reloaded before import = 0Number of asset objects unloaded after import = 0

========================================================================
Received Import Request.
  Time since last request: 0.065834 seconds.
  path: Assets/Scripts/Minijuego 8/BotonBatidora.cs
  artifactKey: Guid(e91d731bbe11c4551a118c6ba60a92bb) Importer(815301076,1909f56bfc062723c751e8b465ee728b)
Start importing Assets/Scripts/Minijuego 8/BotonBatidora.cs using Guid(e91d731bbe11c4551a118c6ba60a92bb) Importer(815301076,1909f56bfc062723c751e8b465ee728b) (PreviewImporter) -> (artifact id: '00000000000000000000000000000000') in 0.000736375 seconds
Import Error Code:(4)
Message: Build asset version error: assets/scripts/minijuego 8/botonbatidora.cs in SourceAssetDB has modification time of '2026-07-15T16:18:20Z' while content on disk has modification time of '2026-07-15T16:19:39Z'
  ERROR: Build asset version error: assets/scripts/minijuego 8/botonbatidora.cs in SourceAssetDB has modification time of '2026-07-15T16:18:20Z' while content on disk has modification time of '2026-07-15T16:19:39Z'
Number of updated asset objects reloaded before import = 0Number of asset objects unloaded after import = 0

========================================================================
Received Import Request.
  Time since last request: 0.160832 seconds.
  path: Assets/Scripts/Minijuego 8/BotonBatidora.cs
  artifactKey: Guid(e91d731bbe11c4551a118c6ba60a92bb) Importer(815301076,1909f56bfc062723c751e8b465ee728b)
Start importing Assets/Scripts/Minijuego 8/BotonBatidora.cs using Guid(e91d731bbe11c4551a118c6ba60a92bb) Importer(815301076,1909f56bfc062723c751e8b465ee728b) (PreviewImporter) -> (artifact id: '00000000000000000000000000000000') in 0.000806834 seconds
Import Error Code:(4)
Message: Build asset version error: assets/scripts/minijuego 8/botonbatidora.cs in SourceAssetDB has modification time of '2026-07-15T16:18:20Z' while content on disk has modification time of '2026-07-15T16:19:39Z'
  ERROR: Build asset version error: assets/scripts/minijuego 8/botonbatidora.cs in SourceAssetDB has modification time of '2026-07-15T16:18:20Z' while content on disk has modification time of '2026-07-15T16:19:39Z'
Number of updated asset objects reloaded before import = 0Number of asset objects unloaded after import = 0

========================================================================
Received Import Request.
  Time since last request: 0.065868 seconds.
  path: Assets/Scripts/Minijuego 8/BotonBatidora.cs
  artifactKey: Guid(e91d731bbe11c4551a118c6ba60a92bb) Importer(815301076,1909f56bfc062723c751e8b465ee728b)
Start importing Assets/Scripts/Minijuego 8/BotonBatidora.cs using Guid(e91d731bbe11c4551a118c6ba60a92bb) Importer(815301076,1909f56bfc062723c751e8b465ee728b) (PreviewImporter) -> (artifact id: '00000000000000000000000000000000') in 0.000695042 seconds
Import Error Code:(4)
Message: Build asset version error: assets/scripts/minijuego 8/botonbatidora.cs in SourceAssetDB has modification time of '2026-07-15T16:18:20Z' while content on disk has modification time of '2026-07-15T16:19:39Z'
  ERROR: Build asset version error: assets/scripts/minijuego 8/botonbatidora.cs in SourceAssetDB has modification time of '2026-07-15T16:18:20Z' while content on disk has modification time of '2026-07-15T16:19:39Z'
Number of updated asset objects reloaded before import = 0Number of asset objects unloaded after import = 0

========================================================================
Received Import Request.
  Time since last request: 0.162150 seconds.
  path: Assets/Scripts/Minijuego 8/BotonBatidora.cs
  artifactKey: Guid(e91d731bbe11c4551a118c6ba60a92bb) Importer(815301076,1909f56bfc062723c751e8b465ee728b)
Start importing Assets/Scripts/Minijuego 8/BotonBatidora.cs using Guid(e91d731bbe11c4551a118c6ba60a92bb) Importer(815301076,1909f56bfc062723c751e8b465ee728b) (PreviewImporter) -> (artifact id: '00000000000000000000000000000000') in 0.000556334 seconds
Import Error Code:(4)
Message: Build asset version error: assets/scripts/minijuego 8/botonbatidora.cs in SourceAssetDB has modification time of '2026-07-15T16:18:20Z' while content on disk has modification time of '2026-07-15T16:19:39Z'
  ERROR: Build asset version error: assets/scripts/minijuego 8/botonbatidora.cs in SourceAssetDB has modification time of '2026-07-15T16:18:20Z' while content on disk has modification time of '2026-07-15T16:19:39Z'
Number of updated asset objects reloaded before import = 0Number of asset objects unloaded after import = 0

========================================================================
Received Import Request.
  Time since last request: 0.062877 seconds.
  path: Assets/Scripts/Minijuego 8/BotonBatidora.cs
  artifactKey: Guid(e91d731bbe11c4551a118c6ba60a92bb) Importer(815301076,1909f56bfc062723c751e8b465ee728b)
Start importing Assets/Scripts/Minijuego 8/BotonBatidora.cs using Guid(e91d731bbe11c4551a118c6ba60a92bb) Importer(815301076,1909f56bfc062723c751e8b465ee728b) (PreviewImporter) -> (artifact id: '00000000000000000000000000000000') in 0.000541416 seconds
Import Error Code:(4)
Message: Build asset version error: assets/scripts/minijuego 8/botonbatidora.cs in SourceAssetDB has modification time of '2026-07-15T16:18:20Z' while content on disk has modification time of '2026-07-15T16:19:39Z'
  ERROR: Build asset version error: assets/scripts/minijuego 8/botonbatidora.cs in SourceAssetDB has modification time of '2026-07-15T16:18:20Z' while content on disk has modification time of '2026-07-15T16:19:39Z'
Number of updated asset objects reloaded before import = 0Number of asset objects unloaded after import = 0

========================================================================
Received Import Request.
  Time since last request: 0.170378 seconds.
  path: Assets/Scripts/Minijuego 8/BotonBatidora.cs
  artifactKey: Guid(e91d731bbe11c4551a118c6ba60a92bb) Importer(815301076,1909f56bfc062723c751e8b465ee728b)
Start importing Assets/Scripts/Minijuego 8/BotonBatidora.cs using Guid(e91d731bbe11c4551a118c6ba60a92bb) Importer(815301076,1909f56bfc062723c751e8b465ee728b) (PreviewImporter) -> (artifact id: '00000000000000000000000000000000') in 0.000536042 seconds
Import Error Code:(4)
Message: Build asset version error: assets/scripts/minijuego 8/botonbatidora.cs in SourceAssetDB has modification time of '2026-07-15T16:18:20Z' while content on disk has modification time of '2026-07-15T16:19:39Z'
  ERROR: Build asset version error: assets/scripts/minijuego 8/botonbatidora.cs in SourceAssetDB has modification time of '2026-07-15T16:18:20Z' while content on disk has modification time of '2026-07-15T16:19:39Z'
Number of updated asset objects reloaded before import = 0Number of asset objects unloaded after import = 0

========================================================================
Received Import Request.
  Time since last request: 0.168982 seconds.
  path: Assets/Scripts/Minijuego 8/BotonBatidora.cs
  artifactKey: Guid(e91d731bbe11c4551a118c6ba60a92bb) Importer(815301076,1909f56bfc062723c751e8b465ee728b)
Start importing Assets/Scripts/Minijuego 8/BotonBatidora.cs using Guid(e91d731bbe11c4551a118c6ba60a92bb) Importer(815301076,1909f56bfc062723c751e8b465ee728b) (PreviewImporter) -> (artifact id: '00000000000000000000000000000000') in 0.000462209 seconds
Import Error Code:(4)
Message: Build asset version error: assets/scripts/minijuego 8/botonbatidora.cs in SourceAssetDB has modification time of '2026-07-15T16:18:20Z' while content on disk has modification time of '2026-07-15T16:19:39Z'
  ERROR: Build asset version error: assets/scripts/minijuego 8/botonbatidora.cs in SourceAssetDB has modification time of '2026-07-15T16:18:20Z' while content on disk has modification time of '2026-07-15T16:19:39Z'
Number of updated asset objects reloaded before import = 0Number of asset objects unloaded after import = 0

========================================================================
Received Import Request.
  Time since last request: 0.164399 seconds.
  path: Assets/Scripts/Minijuego 8/BotonBatidora.cs
  artifactKey: Guid(e91d731bbe11c4551a118c6ba60a92bb) Importer(815301076,1909f56bfc062723c751e8b465ee728b)
Start importing Assets/Scripts/Minijuego 8/BotonBatidora.cs using Guid(e91d731bbe11c4551a118c6ba60a92bb) Importer(815301076,1909f56bfc062723c751e8b465ee728b) (PreviewImporter) -> (artifact id: '00000000000000000000000000000000') in 0.00064125 seconds
Import Error Code:(4)
Message: Build asset version error: assets/scripts/minijuego 8/botonbatidora.cs in SourceAssetDB has modification time of '2026-07-15T16:18:20Z' while content on disk has modification time of '2026-07-15T16:19:39Z'
  ERROR: Build asset version error: assets/scripts/minijuego 8/botonbatidora.cs in SourceAssetDB has modification time of '2026-07-15T16:18:20Z' while content on disk has modification time of '2026-07-15T16:19:39Z'
Number of updated asset objects reloaded before import = 0Number of asset objects unloaded after import = 0

========================================================================
Received Import Request.
  Time since last request: 0.057382 seconds.
  path: Assets/Scripts/Minijuego 8/BotonBatidora.cs
  artifactKey: Guid(e91d731bbe11c4551a118c6ba60a92bb) Importer(815301076,1909f56bfc062723c751e8b465ee728b)
Start importing Assets/Scripts/Minijuego 8/BotonBatidora.cs using Guid(e91d731bbe11c4551a118c6ba60a92bb) Importer(815301076,1909f56bfc062723c751e8b465ee728b) (PreviewImporter) -> (artifact id: '00000000000000000000000000000000') in 0.00054725 seconds
Import Error Code:(4)
Message: Build asset version error: assets/scripts/minijuego 8/botonbatidora.cs in SourceAssetDB has modification time of '2026-07-15T16:18:20Z' while content on disk has modification time of '2026-07-15T16:19:39Z'
  ERROR: Build asset version error: assets/scripts/minijuego 8/botonbatidora.cs in SourceAssetDB has modification time of '2026-07-15T16:18:20Z' while content on disk has modification time of '2026-07-15T16:19:39Z'
Number of updated asset objects reloaded before import = 0Number of asset objects unloaded after import = 0

========================================================================
Received Import Request.
  Time since last request: 0.162425 seconds.
  path: Assets/Scripts/Minijuego 8/BotonBatidora.cs
  artifactKey: Guid(e91d731bbe11c4551a118c6ba60a92bb) Importer(815301076,1909f56bfc062723c751e8b465ee728b)
Start importing Assets/Scripts/Minijuego 8/BotonBatidora.cs using Guid(e91d731bbe11c4551a118c6ba60a92bb) Importer(815301076,1909f56bfc062723c751e8b465ee728b) (PreviewImporter) -> (artifact id: '00000000000000000000000000000000') in 0.000702125 seconds
Import Error Code:(4)
Message: Build asset version error: assets/scripts/minijuego 8/botonbatidora.cs in SourceAssetDB has modification time of '2026-07-15T16:18:20Z' while content on disk has modification time of '2026-07-15T16:19:39Z'
  ERROR: Build asset version error: assets/scripts/minijuego 8/botonbatidora.cs in SourceAssetDB has modification time of '2026-07-15T16:18:20Z' while content on disk has modification time of '2026-07-15T16:19:39Z'
Number of updated asset objects reloaded before import = 0Number of asset objects unloaded after import = 0

========================================================================
Received Import Request.
  Time since last request: 0.058663 seconds.
  path: Assets/Scripts/Minijuego 8/BotonBatidora.cs
  artifactKey: Guid(e91d731bbe11c4551a118c6ba60a92bb) Importer(815301076,1909f56bfc062723c751e8b465ee728b)
Start importing Assets/Scripts/Minijuego 8/BotonBatidora.cs using Guid(e91d731bbe11c4551a118c6ba60a92bb) Importer(815301076,1909f56bfc062723c751e8b465ee728b) (PreviewImporter) -> (artifact id: '00000000000000000000000000000000') in 0.000481708 seconds
Import Error Code:(4)
Message: Build asset version error: assets/scripts/minijuego 8/botonbatidora.cs in SourceAssetDB has modification time of '2026-07-15T16:18:20Z' while content on disk has modification time of '2026-07-15T16:19:42Z'
  ERROR: Build asset version error: assets/scripts/minijuego 8/botonbatidora.cs in SourceAssetDB has modification time of '2026-07-15T16:18:20Z' while content on disk has modification time of '2026-07-15T16:19:42Z'
Number of updated asset objects reloaded before import = 0Number of asset objects unloaded after import = 0

========================================================================
Received Import Request.
  Time since last request: 0.170085 seconds.
  path: Assets/Scripts/Minijuego 8/BotonBatidora.cs
  artifactKey: Guid(e91d731bbe11c4551a118c6ba60a92bb) Importer(815301076,1909f56bfc062723c751e8b465ee728b)
Start importing Assets/Scripts/Minijuego 8/BotonBatidora.cs using Guid(e91d731bbe11c4551a118c6ba60a92bb) Importer(815301076,1909f56bfc062723c751e8b465ee728b) (PreviewImporter) -> (artifact id: '00000000000000000000000000000000') in 0.000694042 seconds
Import Error Code:(4)
Message: Build asset version error: assets/scripts/minijuego 8/botonbatidora.cs in SourceAssetDB has modification time of '2026-07-15T16:18:20Z' while content on disk has modification time of '2026-07-15T16:19:42Z'
  ERROR: Build asset version error: assets/scripts/minijuego 8/botonbatidora.cs in SourceAssetDB has modification time of '2026-07-15T16:18:20Z' while content on disk has modification time of '2026-07-15T16:19:42Z'
Number of updated asset objects reloaded before import = 0Number of asset objects unloaded after import = 0

========================================================================
Received Import Request.
  Time since last request: 0.155359 seconds.
  path: Assets/Scripts/Minijuego 8/BotonBatidora.cs
  artifactKey: Guid(e91d731bbe11c4551a118c6ba60a92bb) Importer(815301076,1909f56bfc062723c751e8b465ee728b)
Start importing Assets/Scripts/Minijuego 8/BotonBatidora.cs using Guid(e91d731bbe11c4551a118c6ba60a92bb) Importer(815301076,1909f56bfc062723c751e8b465ee728b) (PreviewImporter) -> (artifact id: '00000000000000000000000000000000') in 0.000689875 seconds
Import Error Code:(4)
Message: Build asset version error: assets/scripts/minijuego 8/botonbatidora.cs in SourceAssetDB has modification time of '2026-07-15T16:18:20Z' while content on disk has modification time of '2026-07-15T16:19:42Z'
  ERROR: Build asset version error: assets/scripts/minijuego 8/botonbatidora.cs in SourceAssetDB has modification time of '2026-07-15T16:18:20Z' while content on disk has modification time of '2026-07-15T16:19:42Z'
Number of updated asset objects reloaded before import = 0Number of asset objects unloaded after import = 0

========================================================================
Received Import Request.
  Time since last request: 0.062100 seconds.
  path: Assets/Scripts/Minijuego 8/BotonBatidora.cs
  artifactKey: Guid(e91d731bbe11c4551a118c6ba60a92bb) Importer(815301076,1909f56bfc062723c751e8b465ee728b)
Start importing Assets/Scripts/Minijuego 8/BotonBatidora.cs using Guid(e91d731bbe11c4551a118c6ba60a92bb) Importer(815301076,1909f56bfc062723c751e8b465ee728b) (PreviewImporter) -> (artifact id: '00000000000000000000000000000000') in 0.00062525 seconds
Import Error Code:(4)
Message: Build asset version error: assets/scripts/minijuego 8/botonbatidora.cs in SourceAssetDB has modification time of '2026-07-15T16:18:20Z' while content on disk has modification time of '2026-07-15T16:19:42Z'
  ERROR: Build asset version error: assets/scripts/minijuego 8/botonbatidora.cs in SourceAssetDB has modification time of '2026-07-15T16:18:20Z' while content on disk has modification time of '2026-07-15T16:19:42Z'
Number of updated asset objects reloaded before import = 0Number of asset objects unloaded after import = 0

========================================================================
Received Import Request.
  Time since last request: 0.163139 seconds.
  path: Assets/Scripts/Minijuego 8/BotonBatidora.cs
  artifactKey: Guid(e91d731bbe11c4551a118c6ba60a92bb) Importer(815301076,1909f56bfc062723c751e8b465ee728b)
Start importing Assets/Scripts/Minijuego 8/BotonBatidora.cs using Guid(e91d731bbe11c4551a118c6ba60a92bb) Importer(815301076,1909f56bfc062723c751e8b465ee728b) (PreviewImporter) -> (artifact id: '00000000000000000000000000000000') in 0.001494583 seconds
Import Error Code:(4)
Message: Build asset version error: assets/scripts/minijuego 8/botonbatidora.cs in SourceAssetDB has modification time of '2026-07-15T16:18:20Z' while content on disk has modification time of '2026-07-15T16:19:42Z'
  ERROR: Build asset version error: assets/scripts/minijuego 8/botonbatidora.cs in SourceAssetDB has modification time of '2026-07-15T16:18:20Z' while content on disk has modification time of '2026-07-15T16:19:42Z'
Number of updated asset objects reloaded before import = 0Number of asset objects unloaded after import = 0

========================================================================
Received Import Request.
  Time since last request: 0.058307 seconds.
  path: Assets/Scripts/Minijuego 8/BotonBatidora.cs
  artifactKey: Guid(e91d731bbe11c4551a118c6ba60a92bb) Importer(815301076,1909f56bfc062723c751e8b465ee728b)
Start importing Assets/Scripts/Minijuego 8/BotonBatidora.cs using Guid(e91d731bbe11c4551a118c6ba60a92bb) Importer(815301076,1909f56bfc062723c751e8b465ee728b) (PreviewImporter) -> (artifact id: '00000000000000000000000000000000') in 0.00098725 seconds
Import Error Code:(4)
Message: Build asset version error: assets/scripts/minijuego 8/botonbatidora.cs in SourceAssetDB has modification time of '2026-07-15T16:18:20Z' while content on disk has modification time of '2026-07-15T16:19:42Z'
  ERROR: Build asset version error: assets/scripts/minijuego 8/botonbatidora.cs in SourceAssetDB has modification time of '2026-07-15T16:18:20Z' while content on disk has modification time of '2026-07-15T16:19:42Z'
Number of updated asset objects reloaded before import = 0Number of asset objects unloaded after import = 0

========================================================================
Received Import Request.
  Time since last request: 0.171168 seconds.
  path: Assets/Scripts/Minijuego 8/BotonBatidora.cs
  artifactKey: Guid(e91d731bbe11c4551a118c6ba60a92bb) Importer(815301076,1909f56bfc062723c751e8b465ee728b)
Start importing Assets/Scripts/Minijuego 8/BotonBatidora.cs using Guid(e91d731bbe11c4551a118c6ba60a92bb) Importer(815301076,1909f56bfc062723c751e8b465ee728b) (PreviewImporter) -> (artifact id: '00000000000000000000000000000000') in 0.000573459 seconds
Import Error Code:(4)
Message: Build asset version error: assets/scripts/minijuego 8/botonbatidora.cs in SourceAssetDB has modification time of '2026-07-15T16:18:20Z' while content on disk has modification time of '2026-07-15T16:19:42Z'
  ERROR: Build asset version error: assets/scripts/minijuego 8/botonbatidora.cs in SourceAssetDB has modification time of '2026-07-15T16:18:20Z' while content on disk has modification time of '2026-07-15T16:19:42Z'
Number of updated asset objects reloaded before import = 0Number of asset objects unloaded after import = 0

========================================================================
Received Import Request.
  Time since last request: 0.163549 seconds.
  path: Assets/Scripts/Minijuego 8/BotonBatidora.cs
  artifactKey: Guid(e91d731bbe11c4551a118c6ba60a92bb) Importer(815301076,1909f56bfc062723c751e8b465ee728b)
Start importing Assets/Scripts/Minijuego 8/BotonBatidora.cs using Guid(e91d731bbe11c4551a118c6ba60a92bb) Importer(815301076,1909f56bfc062723c751e8b465ee728b) (PreviewImporter) -> (artifact id: '00000000000000000000000000000000') in 0.000751167 seconds
Import Error Code:(4)
Message: Build asset version error: assets/scripts/minijuego 8/botonbatidora.cs in SourceAssetDB has modification time of '2026-07-15T16:18:20Z' while content on disk has modification time of '2026-07-15T16:19:42Z'
  ERROR: Build asset version error: assets/scripts/minijuego 8/botonbatidora.cs in SourceAssetDB has modification time of '2026-07-15T16:18:20Z' while content on disk has modification time of '2026-07-15T16:19:42Z'
Number of updated asset objects reloaded before import = 0Number of asset objects unloaded after import = 0

========================================================================
Received Import Request.
  Time since last request: 0.166832 seconds.
  path: Assets/Scripts/Minijuego 8/BotonBatidora.cs
  artifactKey: Guid(e91d731bbe11c4551a118c6ba60a92bb) Importer(815301076,1909f56bfc062723c751e8b465ee728b)
Start importing Assets/Scripts/Minijuego 8/BotonBatidora.cs using Guid(e91d731bbe11c4551a118c6ba60a92bb) Importer(815301076,1909f56bfc062723c751e8b465ee728b) (PreviewImporter) -> (artifact id: '00000000000000000000000000000000') in 0.000711833 seconds
Import Error Code:(4)
Message: Build asset version error: assets/scripts/minijuego 8/botonbatidora.cs in SourceAssetDB has modification time of '2026-07-15T16:18:20Z' while content on disk has modification time of '2026-07-15T16:19:42Z'
  ERROR: Build asset version error: assets/scripts/minijuego 8/botonbatidora.cs in SourceAssetDB has modification time of '2026-07-15T16:18:20Z' while content on disk has modification time of '2026-07-15T16:19:42Z'
Number of updated asset objects reloaded before import = 0Number of asset objects unloaded after import = 0

========================================================================
Received Import Request.
  Time since last request: 0.154791 seconds.
  path: Assets/Scripts/Minijuego 8/BotonBatidora.cs
  artifactKey: Guid(e91d731bbe11c4551a118c6ba60a92bb) Importer(815301076,1909f56bfc062723c751e8b465ee728b)
Start importing Assets/Scripts/Minijuego 8/BotonBatidora.cs using Guid(e91d731bbe11c4551a118c6ba60a92bb) Importer(815301076,1909f56bfc062723c751e8b465ee728b) (PreviewImporter) -> (artifact id: '00000000000000000000000000000000') in 0.000588542 seconds
Import Error Code:(4)
Message: Build asset version error: assets/scripts/minijuego 8/botonbatidora.cs in SourceAssetDB has modification time of '2026-07-15T16:18:20Z' while content on disk has modification time of '2026-07-15T16:19:42Z'
  ERROR: Build asset version error: assets/scripts/minijuego 8/botonbatidora.cs in SourceAssetDB has modification time of '2026-07-15T16:18:20Z' while content on disk has modification time of '2026-07-15T16:19:42Z'
Number of updated asset objects reloaded before import = 0Number of asset objects unloaded after import = 0

========================================================================
Received Import Request.
  Time since last request: 0.162665 seconds.
  path: Assets/Scripts/Minijuego 8/BotonBatidora.cs
  artifactKey: Guid(e91d731bbe11c4551a118c6ba60a92bb) Importer(815301076,1909f56bfc062723c751e8b465ee728b)
Start importing Assets/Scripts/Minijuego 8/BotonBatidora.cs using Guid(e91d731bbe11c4551a118c6ba60a92bb) Importer(815301076,1909f56bfc062723c751e8b465ee728b) (PreviewImporter) -> (artifact id: '00000000000000000000000000000000') in 0.000711292 seconds
Import Error Code:(4)
Message: Build asset version error: assets/scripts/minijuego 8/botonbatidora.cs in SourceAssetDB has modification time of '2026-07-15T16:18:20Z' while content on disk has modification time of '2026-07-15T16:19:42Z'
  ERROR: Build asset version error: assets/scripts/minijuego 8/botonbatidora.cs in SourceAssetDB has modification time of '2026-07-15T16:18:20Z' while content on disk has modification time of '2026-07-15T16:19:42Z'
Number of updated asset objects reloaded before import = 0Number of asset objects unloaded after import = 0

========================================================================
Received Import Request.
  Time since last request: 0.154484 seconds.
  path: Assets/Scripts/Minijuego 8/BotonBatidora.cs
  artifactKey: Guid(e91d731bbe11c4551a118c6ba60a92bb) Importer(815301076,1909f56bfc062723c751e8b465ee728b)
Start importing Assets/Scripts/Minijuego 8/BotonBatidora.cs using Guid(e91d731bbe11c4551a118c6ba60a92bb) Importer(815301076,1909f56bfc062723c751e8b465ee728b) (PreviewImporter) -> (artifact id: '00000000000000000000000000000000') in 0.000663083 seconds
Import Error Code:(4)
Message: Build asset version error: assets/scripts/minijuego 8/botonbatidora.cs in SourceAssetDB has modification time of '2026-07-15T16:18:20Z' while content on disk has modification time of '2026-07-15T16:19:44Z'
  ERROR: Build asset version error: assets/scripts/minijuego 8/botonbatidora.cs in SourceAssetDB has modification time of '2026-07-15T16:18:20Z' while content on disk has modification time of '2026-07-15T16:19:44Z'
Number of updated asset objects reloaded before import = 0Number of asset objects unloaded after import = 0

========================================================================
Received Import Request.
  Time since last request: 0.061088 seconds.
  path: Assets/Scripts/Minijuego 8/BotonBatidora.cs
  artifactKey: Guid(e91d731bbe11c4551a118c6ba60a92bb) Importer(815301076,1909f56bfc062723c751e8b465ee728b)
Start importing Assets/Scripts/Minijuego 8/BotonBatidora.cs using Guid(e91d731bbe11c4551a118c6ba60a92bb) Importer(815301076,1909f56bfc062723c751e8b465ee728b) (PreviewImporter) -> (artifact id: '00000000000000000000000000000000') in 0.000711875 seconds
Import Error Code:(4)
Message: Build asset version error: assets/scripts/minijuego 8/botonbatidora.cs in SourceAssetDB has modification time of '2026-07-15T16:18:20Z' while content on disk has modification time of '2026-07-15T16:19:44Z'
  ERROR: Build asset version error: assets/scripts/minijuego 8/botonbatidora.cs in SourceAssetDB has modification time of '2026-07-15T16:18:20Z' while content on disk has modification time of '2026-07-15T16:19:44Z'
Number of updated asset objects reloaded before import = 0Number of asset objects unloaded after import = 0

========================================================================
Received Import Request.
  Time since last request: 0.156667 seconds.
  path: Assets/Scripts/Minijuego 8/BotonBatidora.cs
  artifactKey: Guid(e91d731bbe11c4551a118c6ba60a92bb) Importer(815301076,1909f56bfc062723c751e8b465ee728b)
Start importing Assets/Scripts/Minijuego 8/BotonBatidora.cs using Guid(e91d731bbe11c4551a118c6ba60a92bb) Importer(815301076,1909f56bfc062723c751e8b465ee728b) (PreviewImporter) -> (artifact id: '00000000000000000000000000000000') in 0.000970125 seconds
Import Error Code:(4)
Message: Build asset version error: assets/scripts/minijuego 8/botonbatidora.cs in SourceAssetDB has modification time of '2026-07-15T16:18:20Z' while content on disk has modification time of '2026-07-15T16:19:44Z'
  ERROR: Build asset version error: assets/scripts/minijuego 8/botonbatidora.cs in SourceAssetDB has modification time of '2026-07-15T16:18:20Z' while content on disk has modification time of '2026-07-15T16:19:44Z'
Number of updated asset objects reloaded before import = 0Number of asset objects unloaded after import = 0

========================================================================
Received Import Request.
  Time since last request: 0.171411 seconds.
  path: Assets/Scripts/Minijuego 8/BotonBatidora.cs
  artifactKey: Guid(e91d731bbe11c4551a118c6ba60a92bb) Importer(815301076,1909f56bfc062723c751e8b465ee728b)
Start importing Assets/Scripts/Minijuego 8/BotonBatidora.cs using Guid(e91d731bbe11c4551a118c6ba60a92bb) Importer(815301076,1909f56bfc062723c751e8b465ee728b) (PreviewImporter) -> (artifact id: '00000000000000000000000000000000') in 0.000713833 seconds
Import Error Code:(4)
Message: Build asset version error: assets/scripts/minijuego 8/botonbatidora.cs in SourceAssetDB has modification time of '2026-07-15T16:18:20Z' while content on disk has modification time of '2026-07-15T16:19:44Z'
  ERROR: Build asset version error: assets/scripts/minijuego 8/botonbatidora.cs in SourceAssetDB has modification time of '2026-07-15T16:18:20Z' while content on disk has modification time of '2026-07-15T16:19:44Z'
Number of updated asset objects reloaded before import = 0Number of asset objects unloaded after import = 0

========================================================================
Received Import Request.
  Time since last request: 0.063798 seconds.
  path: Assets/Scripts/Minijuego 8/BotonBatidora.cs
  artifactKey: Guid(e91d731bbe11c4551a118c6ba60a92bb) Importer(815301076,1909f56bfc062723c751e8b465ee728b)
Start importing Assets/Scripts/Minijuego 8/BotonBatidora.cs using Guid(e91d731bbe11c4551a118c6ba60a92bb) Importer(815301076,1909f56bfc062723c751e8b465ee728b) (PreviewImporter) -> (artifact id: '00000000000000000000000000000000') in 0.00045025 seconds
Import Error Code:(4)
Message: Build asset version error: assets/scripts/minijuego 8/botonbatidora.cs in SourceAssetDB has modification time of '2026-07-15T16:18:20Z' while content on disk has modification time of '2026-07-15T16:19:44Z'
  ERROR: Build asset version error: assets/scripts/minijuego 8/botonbatidora.cs in SourceAssetDB has modification time of '2026-07-15T16:18:20Z' while content on disk has modification time of '2026-07-15T16:19:44Z'
Number of updated asset objects reloaded before import = 0Number of asset objects unloaded after import = 0

========================================================================
Received Import Request.
  Time since last request: 0.168152 seconds.
  path: Assets/Scripts/Minijuego 8/BotonBatidora.cs
  artifactKey: Guid(e91d731bbe11c4551a118c6ba60a92bb) Importer(815301076,1909f56bfc062723c751e8b465ee728b)
Start importing Assets/Scripts/Minijuego 8/BotonBatidora.cs using Guid(e91d731bbe11c4551a118c6ba60a92bb) Importer(815301076,1909f56bfc062723c751e8b465ee728b) (PreviewImporter) -> (artifact id: '00000000000000000000000000000000') in 0.000908792 seconds
Import Error Code:(4)
Message: Build asset version error: assets/scripts/minijuego 8/botonbatidora.cs in SourceAssetDB has modification time of '2026-07-15T16:18:20Z' while content on disk has modification time of '2026-07-15T16:19:44Z'
  ERROR: Build asset version error: assets/scripts/minijuego 8/botonbatidora.cs in SourceAssetDB has modification time of '2026-07-15T16:18:20Z' while content on disk has modification time of '2026-07-15T16:19:44Z'
Number of updated asset objects reloaded before import = 0Number of asset objects unloaded after import = 0

========================================================================
Received Import Request.
  Time since last request: 0.166331 seconds.
  path: Assets/Scripts/Minijuego 8/BotonBatidora.cs
  artifactKey: Guid(e91d731bbe11c4551a118c6ba60a92bb) Importer(815301076,1909f56bfc062723c751e8b465ee728b)
Start importing Assets/Scripts/Minijuego 8/BotonBatidora.cs using Guid(e91d731bbe11c4551a118c6ba60a92bb) Importer(815301076,1909f56bfc062723c751e8b465ee728b) (PreviewImporter) -> (artifact id: '00000000000000000000000000000000') in 0.000668375 seconds
Import Error Code:(4)
Message: Build asset version error: assets/scripts/minijuego 8/botonbatidora.cs in SourceAssetDB has modification time of '2026-07-15T16:18:20Z' while content on disk has modification time of '2026-07-15T16:19:44Z'
  ERROR: Build asset version error: assets/scripts/minijuego 8/botonbatidora.cs in SourceAssetDB has modification time of '2026-07-15T16:18:20Z' while content on disk has modification time of '2026-07-15T16:19:44Z'
Number of updated asset objects reloaded before import = 0Number of asset objects unloaded after import = 0

========================================================================
Received Import Request.
  Time since last request: 0.062965 seconds.
  path: Assets/Scripts/Minijuego 8/BotonBatidora.cs
  artifactKey: Guid(e91d731bbe11c4551a118c6ba60a92bb) Importer(815301076,1909f56bfc062723c751e8b465ee728b)
Start importing Assets/Scripts/Minijuego 8/BotonBatidora.cs using Guid(e91d731bbe11c4551a118c6ba60a92bb) Importer(815301076,1909f56bfc062723c751e8b465ee728b) (PreviewImporter) -> (artifact id: '00000000000000000000000000000000') in 0.000542834 seconds
Import Error Code:(4)
Message: Build asset version error: assets/scripts/minijuego 8/botonbatidora.cs in SourceAssetDB has modification time of '2026-07-15T16:18:20Z' while content on disk has modification time of '2026-07-15T16:19:44Z'
  ERROR: Build asset version error: assets/scripts/minijuego 8/botonbatidora.cs in SourceAssetDB has modification time of '2026-07-15T16:18:20Z' while content on disk has modification time of '2026-07-15T16:19:44Z'
Number of updated asset objects reloaded before import = 0Number of asset objects unloaded after import = 0

========================================================================
Received Import Request.
  Time since last request: 0.165673 seconds.
  path: Assets/Scripts/Minijuego 8/BotonBatidora.cs
  artifactKey: Guid(e91d731bbe11c4551a118c6ba60a92bb) Importer(815301076,1909f56bfc062723c751e8b465ee728b)
Start importing Assets/Scripts/Minijuego 8/BotonBatidora.cs using Guid(e91d731bbe11c4551a118c6ba60a92bb) Importer(815301076,1909f56bfc062723c751e8b465ee728b) (PreviewImporter) -> (artifact id: '00000000000000000000000000000000') in 0.000495042 seconds
Import Error Code:(4)
Message: Build asset version error: assets/scripts/minijuego 8/botonbatidora.cs in SourceAssetDB has modification time of '2026-07-15T16:18:20Z' while content on disk has modification time of '2026-07-15T16:19:44Z'
  ERROR: Build asset version error: assets/scripts/minijuego 8/botonbatidora.cs in SourceAssetDB has modification time of '2026-07-15T16:18:20Z' while content on disk has modification time of '2026-07-15T16:19:44Z'
Number of updated asset objects reloaded before import = 0Number of asset objects unloaded after import = 0

========================================================================
Received Import Request.
  Time since last request: 0.059634 seconds.
  path: Assets/Scripts/Minijuego 8/BotonBatidora.cs
  artifactKey: Guid(e91d731bbe11c4551a118c6ba60a92bb) Importer(815301076,1909f56bfc062723c751e8b465ee728b)
Start importing Assets/Scripts/Minijuego 8/BotonBatidora.cs using Guid(e91d731bbe11c4551a118c6ba60a92bb) Importer(815301076,1909f56bfc062723c751e8b465ee728b) (PreviewImporter) -> (artifact id: '00000000000000000000000000000000') in 0.000955833 seconds
Import Error Code:(4)
Message: Build asset version error: assets/scripts/minijuego 8/botonbatidora.cs in SourceAssetDB has modification time of '2026-07-15T16:18:20Z' while content on disk has modification time of '2026-07-15T16:19:44Z'
  ERROR: Build asset version error: assets/scripts/minijuego 8/botonbatidora.cs in SourceAssetDB has modification time of '2026-07-15T16:18:20Z' while content on disk has modification time of '2026-07-15T16:19:44Z'
Number of updated asset objects reloaded before import = 0Number of asset objects unloaded after import = 0

========================================================================
Received Import Request.
  Time since last request: 0.056040 seconds.
  path: Assets/Scripts/Minijuego 8/BotonBatidora.cs
  artifactKey: Guid(e91d731bbe11c4551a118c6ba60a92bb) Importer(815301076,1909f56bfc062723c751e8b465ee728b)
Start importing Assets/Scripts/Minijuego 8/BotonBatidora.cs using Guid(e91d731bbe11c4551a118c6ba60a92bb) Importer(815301076,1909f56bfc062723c751e8b465ee728b) (PreviewImporter) -> (artifact id: '00000000000000000000000000000000') in 0.00054375 seconds
Import Error Code:(4)
Message: Build asset version error: assets/scripts/minijuego 8/botonbatidora.cs in SourceAssetDB has modification time of '2026-07-15T16:18:20Z' while content on disk has modification time of '2026-07-15T16:19:46Z'
  ERROR: Build asset version error: assets/scripts/minijuego 8/botonbatidora.cs in SourceAssetDB has modification time of '2026-07-15T16:18:20Z' while content on disk has modification time of '2026-07-15T16:19:46Z'
Number of updated asset objects reloaded before import = 0Number of asset objects unloaded after import = 0

========================================================================
Received Import Request.
  Time since last request: 0.167265 seconds.
  path: Assets/Scripts/Minijuego 8/BotonBatidora.cs
  artifactKey: Guid(e91d731bbe11c4551a118c6ba60a92bb) Importer(815301076,1909f56bfc062723c751e8b465ee728b)
Start importing Assets/Scripts/Minijuego 8/BotonBatidora.cs using Guid(e91d731bbe11c4551a118c6ba60a92bb) Importer(815301076,1909f56bfc062723c751e8b465ee728b) (PreviewImporter) -> (artifact id: '00000000000000000000000000000000') in 0.000637792 seconds
Import Error Code:(4)
Message: Build asset version error: assets/scripts/minijuego 8/botonbatidora.cs in SourceAssetDB has modification time of '2026-07-15T16:18:20Z' while content on disk has modification time of '2026-07-15T16:19:46Z'
  ERROR: Build asset version error: assets/scripts/minijuego 8/botonbatidora.cs in SourceAssetDB has modification time of '2026-07-15T16:18:20Z' while content on disk has modification time of '2026-07-15T16:19:46Z'
Number of updated asset objects reloaded before import = 0Number of asset objects unloaded after import = 0

========================================================================
Received Import Request.
  Time since last request: 0.058803 seconds.
  path: Assets/Scripts/Minijuego 8/BotonBatidora.cs
  artifactKey: Guid(e91d731bbe11c4551a118c6ba60a92bb) Importer(815301076,1909f56bfc062723c751e8b465ee728b)
Start importing Assets/Scripts/Minijuego 8/BotonBatidora.cs using Guid(e91d731bbe11c4551a118c6ba60a92bb) Importer(815301076,1909f56bfc062723c751e8b465ee728b) (PreviewImporter) -> (artifact id: '00000000000000000000000000000000') in 0.00074075 seconds
Import Error Code:(4)
Message: Build asset version error: assets/scripts/minijuego 8/botonbatidora.cs in SourceAssetDB has modification time of '2026-07-15T16:18:20Z' while content on disk has modification time of '2026-07-15T16:19:46Z'
  ERROR: Build asset version error: assets/scripts/minijuego 8/botonbatidora.cs in SourceAssetDB has modification time of '2026-07-15T16:18:20Z' while content on disk has modification time of '2026-07-15T16:19:46Z'
Number of updated asset objects reloaded before import = 0Number of asset objects unloaded after import = 0

========================================================================
Received Import Request.
  Time since last request: 0.160052 seconds.
  path: Assets/Scripts/Minijuego 8/BotonBatidora.cs
  artifactKey: Guid(e91d731bbe11c4551a118c6ba60a92bb) Importer(815301076,1909f56bfc062723c751e8b465ee728b)
Start importing Assets/Scripts/Minijuego 8/BotonBatidora.cs using Guid(e91d731bbe11c4551a118c6ba60a92bb) Importer(815301076,1909f56bfc062723c751e8b465ee728b) (PreviewImporter) -> (artifact id: '00000000000000000000000000000000') in 0.000613917 seconds
Import Error Code:(4)
Message: Build asset version error: assets/scripts/minijuego 8/botonbatidora.cs in SourceAssetDB has modification time of '2026-07-15T16:18:20Z' while content on disk has modification time of '2026-07-15T16:19:46Z'
  ERROR: Build asset version error: assets/scripts/minijuego 8/botonbatidora.cs in SourceAssetDB has modification time of '2026-07-15T16:18:20Z' while content on disk has modification time of '2026-07-15T16:19:46Z'
Number of updated asset objects reloaded before import = 0Number of asset objects unloaded after import = 0

========================================================================
Received Import Request.
  Time since last request: 0.156123 seconds.
  path: Assets/Scripts/Minijuego 8/BotonBatidora.cs
  artifactKey: Guid(e91d731bbe11c4551a118c6ba60a92bb) Importer(815301076,1909f56bfc062723c751e8b465ee728b)
Start importing Assets/Scripts/Minijuego 8/BotonBatidora.cs using Guid(e91d731bbe11c4551a118c6ba60a92bb) Importer(815301076,1909f56bfc062723c751e8b465ee728b) (PreviewImporter) -> (artifact id: '00000000000000000000000000000000') in 0.000806584 seconds
Import Error Code:(4)
Message: Build asset version error: assets/scripts/minijuego 8/botonbatidora.cs in SourceAssetDB has modification time of '2026-07-15T16:18:20Z' while content on disk has modification time of '2026-07-15T16:19:46Z'
  ERROR: Build asset version error: assets/scripts/minijuego 8/botonbatidora.cs in SourceAssetDB has modification time of '2026-07-15T16:18:20Z' while content on disk has modification time of '2026-07-15T16:19:46Z'
Number of updated asset objects reloaded before import = 0Number of asset objects unloaded after import = 0

========================================================================
Received Import Request.
  Time since last request: 0.057251 seconds.
  path: Assets/Scripts/Minijuego 8/BotonBatidora.cs
  artifactKey: Guid(e91d731bbe11c4551a118c6ba60a92bb) Importer(815301076,1909f56bfc062723c751e8b465ee728b)
Start importing Assets/Scripts/Minijuego 8/BotonBatidora.cs using Guid(e91d731bbe11c4551a118c6ba60a92bb) Importer(815301076,1909f56bfc062723c751e8b465ee728b) (PreviewImporter) -> (artifact id: '00000000000000000000000000000000') in 0.000841667 seconds
Import Error Code:(4)
Message: Build asset version error: assets/scripts/minijuego 8/botonbatidora.cs in SourceAssetDB has modification time of '2026-07-15T16:18:20Z' while content on disk has modification time of '2026-07-15T16:19:46Z'
  ERROR: Build asset version error: assets/scripts/minijuego 8/botonbatidora.cs in SourceAssetDB has modification time of '2026-07-15T16:18:20Z' while content on disk has modification time of '2026-07-15T16:19:46Z'
Number of updated asset objects reloaded before import = 0Number of asset objects unloaded after import = 0

========================================================================
Received Import Request.
  Time since last request: 0.060303 seconds.
  path: Assets/Scripts/Minijuego 8/BotonBatidora.cs
  artifactKey: Guid(e91d731bbe11c4551a118c6ba60a92bb) Importer(815301076,1909f56bfc062723c751e8b465ee728b)
Start importing Assets/Scripts/Minijuego 8/BotonBatidora.cs using Guid(e91d731bbe11c4551a118c6ba60a92bb) Importer(815301076,1909f56bfc062723c751e8b465ee728b) (PreviewImporter) -> (artifact id: '00000000000000000000000000000000') in 0.002128916 seconds
Import Error Code:(4)
Message: Build asset version error: assets/scripts/minijuego 8/botonbatidora.cs in SourceAssetDB has modification time of '2026-07-15T16:18:20Z' while content on disk has modification time of '2026-07-15T16:19:46Z'
  ERROR: Build asset version error: assets/scripts/minijuego 8/botonbatidora.cs in SourceAssetDB has modification time of '2026-07-15T16:18:20Z' while content on disk has modification time of '2026-07-15T16:19:46Z'
Number of updated asset objects reloaded before import = 0Number of asset objects unloaded after import = 0

========================================================================
Received Import Request.
  Time since last request: 0.069660 seconds.
  path: Assets/Scripts/Minijuego 8/BotonBatidora.cs
  artifactKey: Guid(e91d731bbe11c4551a118c6ba60a92bb) Importer(815301076,1909f56bfc062723c751e8b465ee728b)
Start importing Assets/Scripts/Minijuego 8/BotonBatidora.cs using Guid(e91d731bbe11c4551a118c6ba60a92bb) Importer(815301076,1909f56bfc062723c751e8b465ee728b) (PreviewImporter) -> (artifact id: '00000000000000000000000000000000') in 0.000579125 seconds
Import Error Code:(4)
Message: Build asset version error: assets/scripts/minijuego 8/botonbatidora.cs in SourceAssetDB has modification time of '2026-07-15T16:18:20Z' while content on disk has modification time of '2026-07-15T16:19:46Z'
  ERROR: Build asset version error: assets/scripts/minijuego 8/botonbatidora.cs in SourceAssetDB has modification time of '2026-07-15T16:18:20Z' while content on disk has modification time of '2026-07-15T16:19:46Z'
Number of updated asset objects reloaded before import = 0Number of asset objects unloaded after import = 0

========================================================================
Received Import Request.
  Time since last request: 0.067896 seconds.
  path: Assets/Scripts/Minijuego 8/BotonBatidora.cs
  artifactKey: Guid(e91d731bbe11c4551a118c6ba60a92bb) Importer(815301076,1909f56bfc062723c751e8b465ee728b)
Start importing Assets/Scripts/Minijuego 8/BotonBatidora.cs using Guid(e91d731bbe11c4551a118c6ba60a92bb) Importer(815301076,1909f56bfc062723c751e8b465ee728b) (PreviewImporter) -> (artifact id: '00000000000000000000000000000000') in 0.000670042 seconds
Import Error Code:(4)
Message: Build asset version error: assets/scripts/minijuego 8/botonbatidora.cs in SourceAssetDB has modification time of '2026-07-15T16:18:20Z' while content on disk has modification time of '2026-07-15T16:19:46Z'
  ERROR: Build asset version error: assets/scripts/minijuego 8/botonbatidora.cs in SourceAssetDB has modification time of '2026-07-15T16:18:20Z' while content on disk has modification time of '2026-07-15T16:19:46Z'
Number of updated asset objects reloaded before import = 0Number of asset objects unloaded after import = 0

========================================================================
Received Import Request.
  Time since last request: 0.073573 seconds.
  path: Assets/Scripts/Minijuego 8/BotonBatidora.cs
  artifactKey: Guid(e91d731bbe11c4551a118c6ba60a92bb) Importer(815301076,1909f56bfc062723c751e8b465ee728b)
Start importing Assets/Scripts/Minijuego 8/BotonBatidora.cs using Guid(e91d731bbe11c4551a118c6ba60a92bb) Importer(815301076,1909f56bfc062723c751e8b465ee728b) (PreviewImporter) -> (artifact id: '00000000000000000000000000000000') in 0.000923541 seconds
Import Error Code:(4)
Message: Build asset version error: assets/scripts/minijuego 8/botonbatidora.cs in SourceAssetDB has modification time of '2026-07-15T16:18:20Z' while content on disk has modification time of '2026-07-15T16:19:46Z'
  ERROR: Build asset version error: assets/scripts/minijuego 8/botonbatidora.cs in SourceAssetDB has modification time of '2026-07-15T16:18:20Z' while content on disk has modification time of '2026-07-15T16:19:46Z'
Number of updated asset objects reloaded before import = 0Number of asset objects unloaded after import = 0

========================================================================
Received Import Request.
  Time since last request: 0.072663 seconds.
  path: Assets/Scripts/Minijuego 8/BotonBatidora.cs
  artifactKey: Guid(e91d731bbe11c4551a118c6ba60a92bb) Importer(815301076,1909f56bfc062723c751e8b465ee728b)
Start importing Assets/Scripts/Minijuego 8/BotonBatidora.cs using Guid(e91d731bbe11c4551a118c6ba60a92bb) Importer(815301076,1909f56bfc062723c751e8b465ee728b) (PreviewImporter) -> (artifact id: '00000000000000000000000000000000') in 0.000463333 seconds
Import Error Code:(4)
Message: Build asset version error: assets/scripts/minijuego 8/botonbatidora.cs in SourceAssetDB has modification time of '2026-07-15T16:18:20Z' while content on disk has modification time of '2026-07-15T16:19:46Z'
  ERROR: Build asset version error: assets/scripts/minijuego 8/botonbatidora.cs in SourceAssetDB has modification time of '2026-07-15T16:18:20Z' while content on disk has modification time of '2026-07-15T16:19:46Z'
Number of updated asset objects reloaded before import = 0Number of asset objects unloaded after import = 0

========================================================================
Received Import Request.
  Time since last request: 0.070665 seconds.
  path: Assets/Scripts/Minijuego 8/BotonBatidora.cs
  artifactKey: Guid(e91d731bbe11c4551a118c6ba60a92bb) Importer(815301076,1909f56bfc062723c751e8b465ee728b)
Start importing Assets/Scripts/Minijuego 8/BotonBatidora.cs using Guid(e91d731bbe11c4551a118c6ba60a92bb) Importer(815301076,1909f56bfc062723c751e8b465ee728b) (PreviewImporter) -> (artifact id: '00000000000000000000000000000000') in 0.000481375 seconds
Import Error Code:(4)
Message: Build asset version error: assets/scripts/minijuego 8/botonbatidora.cs in SourceAssetDB has modification time of '2026-07-15T16:18:20Z' while content on disk has modification time of '2026-07-15T16:19:46Z'
  ERROR: Build asset version error: assets/scripts/minijuego 8/botonbatidora.cs in SourceAssetDB has modification time of '2026-07-15T16:18:20Z' while content on disk has modification time of '2026-07-15T16:19:46Z'
Number of updated asset objects reloaded before import = 0Number of asset objects unloaded after import = 0

========================================================================
Received Import Request.
  Time since last request: 0.168902 seconds.
  path: Assets/Scripts/Minijuego 8/BotonBatidora.cs
  artifactKey: Guid(e91d731bbe11c4551a118c6ba60a92bb) Importer(815301076,1909f56bfc062723c751e8b465ee728b)
Start importing Assets/Scripts/Minijuego 8/BotonBatidora.cs using Guid(e91d731bbe11c4551a118c6ba60a92bb) Importer(815301076,1909f56bfc062723c751e8b465ee728b) (PreviewImporter) -> (artifact id: '00000000000000000000000000000000') in 0.0006585 seconds
Import Error Code:(4)
Message: Build asset version error: assets/scripts/minijuego 8/botonbatidora.cs in SourceAssetDB has modification time of '2026-07-15T16:18:20Z' while content on disk has modification time of '2026-07-15T16:19:46Z'
  ERROR: Build asset version error: assets/scripts/minijuego 8/botonbatidora.cs in SourceAssetDB has modification time of '2026-07-15T16:18:20Z' while content on disk has modification time of '2026-07-15T16:19:46Z'
Number of updated asset objects reloaded before import = 0Number of asset objects unloaded after import = 0

========================================================================
Received Import Request.
  Time since last request: 0.158796 seconds.
  path: Assets/Scripts/Minijuego 8/BotonBatidora.cs
  artifactKey: Guid(e91d731bbe11c4551a118c6ba60a92bb) Importer(815301076,1909f56bfc062723c751e8b465ee728b)
Start importing Assets/Scripts/Minijuego 8/BotonBatidora.cs using Guid(e91d731bbe11c4551a118c6ba60a92bb) Importer(815301076,1909f56bfc062723c751e8b465ee728b) (PreviewImporter) -> (artifact id: '00000000000000000000000000000000') in 0.001143792 seconds
Import Error Code:(4)
Message: Build asset version error: assets/scripts/minijuego 8/botonbatidora.cs in SourceAssetDB has modification time of '2026-07-15T16:18:20Z' while content on disk has modification time of '2026-07-15T16:19:46Z'
  ERROR: Build asset version error: assets/scripts/minijuego 8/botonbatidora.cs in SourceAssetDB has modification time of '2026-07-15T16:18:20Z' while content on disk has modification time of '2026-07-15T16:19:46Z'
Number of updated asset objects reloaded before import = 0Number of asset objects unloaded after import = 0

========================================================================
Received Import Request.
  Time since last request: 0.057721 seconds.
  path: Assets/Scripts/Minijuego 8/BotonBatidora.cs
  artifactKey: Guid(e91d731bbe11c4551a118c6ba60a92bb) Importer(815301076,1909f56bfc062723c751e8b465ee728b)
Start importing Assets/Scripts/Minijuego 8/BotonBatidora.cs using Guid(e91d731bbe11c4551a118c6ba60a92bb) Importer(815301076,1909f56bfc062723c751e8b465ee728b) (PreviewImporter) -> (artifact id: '00000000000000000000000000000000') in 0.00064375 seconds
Import Error Code:(4)
Message: Build asset version error: assets/scripts/minijuego 8/botonbatidora.cs in SourceAssetDB has modification time of '2026-07-15T16:18:20Z' while content on disk has modification time of '2026-07-15T16:19:46Z'
  ERROR: Build asset version error: assets/scripts/minijuego 8/botonbatidora.cs in SourceAssetDB has modification time of '2026-07-15T16:18:20Z' while content on disk has modification time of '2026-07-15T16:19:46Z'
Number of updated asset objects reloaded before import = 0Number of asset objects unloaded after import = 0

========================================================================
Received Import Request.
  Time since last request: 0.162065 seconds.
  path: Assets/Scripts/Minijuego 8/BotonBatidora.cs
  artifactKey: Guid(e91d731bbe11c4551a118c6ba60a92bb) Importer(815301076,1909f56bfc062723c751e8b465ee728b)
Start importing Assets/Scripts/Minijuego 8/BotonBatidora.cs using Guid(e91d731bbe11c4551a118c6ba60a92bb) Importer(815301076,1909f56bfc062723c751e8b465ee728b) (PreviewImporter) -> (artifact id: '00000000000000000000000000000000') in 0.000762375 seconds
Import Error Code:(4)
Message: Build asset version error: assets/scripts/minijuego 8/botonbatidora.cs in SourceAssetDB has modification time of '2026-07-15T16:18:20Z' while content on disk has modification time of '2026-07-15T16:19:46Z'
  ERROR: Build asset version error: assets/scripts/minijuego 8/botonbatidora.cs in SourceAssetDB has modification time of '2026-07-15T16:18:20Z' while content on disk has modification time of '2026-07-15T16:19:46Z'
Number of updated asset objects reloaded before import = 0Number of asset objects unloaded after import = 0

========================================================================
Received Import Request.
  Time since last request: 0.159839 seconds.
  path: Assets/Scripts/Minijuego 8/BotonBatidora.cs
  artifactKey: Guid(e91d731bbe11c4551a118c6ba60a92bb) Importer(815301076,1909f56bfc062723c751e8b465ee728b)
Start importing Assets/Scripts/Minijuego 8/BotonBatidora.cs using Guid(e91d731bbe11c4551a118c6ba60a92bb) Importer(815301076,1909f56bfc062723c751e8b465ee728b) (PreviewImporter) -> (artifact id: '00000000000000000000000000000000') in 0.000824125 seconds
Import Error Code:(4)
Message: Build asset version error: assets/scripts/minijuego 8/botonbatidora.cs in SourceAssetDB has modification time of '2026-07-15T16:18:20Z' while content on disk has modification time of '2026-07-15T16:19:46Z'
  ERROR: Build asset version error: assets/scripts/minijuego 8/botonbatidora.cs in SourceAssetDB has modification time of '2026-07-15T16:18:20Z' while content on disk has modification time of '2026-07-15T16:19:46Z'
Number of updated asset objects reloaded before import = 0Number of asset objects unloaded after import = 0

========================================================================
Received Import Request.
  Time since last request: 0.163368 seconds.
  path: Assets/Scripts/Minijuego 8/BotonBatidora.cs
  artifactKey: Guid(e91d731bbe11c4551a118c6ba60a92bb) Importer(815301076,1909f56bfc062723c751e8b465ee728b)
Start importing Assets/Scripts/Minijuego 8/BotonBatidora.cs using Guid(e91d731bbe11c4551a118c6ba60a92bb) Importer(815301076,1909f56bfc062723c751e8b465ee728b) (PreviewImporter) -> (artifact id: '00000000000000000000000000000000') in 0.00071125 seconds
Import Error Code:(4)
Message: Build asset version error: assets/scripts/minijuego 8/botonbatidora.cs in SourceAssetDB has modification time of '2026-07-15T16:18:20Z' while content on disk has modification time of '2026-07-15T16:19:46Z'
  ERROR: Build asset version error: assets/scripts/minijuego 8/botonbatidora.cs in SourceAssetDB has modification time of '2026-07-15T16:18:20Z' while content on disk has modification time of '2026-07-15T16:19:46Z'
Number of updated asset objects reloaded before import = 0Number of asset objects unloaded after import = 0

========================================================================
Received Import Request.
  Time since last request: 0.055301 seconds.
  path: Assets/Scripts/Minijuego 8/BotonBatidora.cs
  artifactKey: Guid(e91d731bbe11c4551a118c6ba60a92bb) Importer(815301076,1909f56bfc062723c751e8b465ee728b)
Start importing Assets/Scripts/Minijuego 8/BotonBatidora.cs using Guid(e91d731bbe11c4551a118c6ba60a92bb) Importer(815301076,1909f56bfc062723c751e8b465ee728b) (PreviewImporter) -> (artifact id: '00000000000000000000000000000000') in 0.000516 seconds
Import Error Code:(4)
Message: Build asset version error: assets/scripts/minijuego 8/botonbatidora.cs in SourceAssetDB has modification time of '2026-07-15T16:18:20Z' while content on disk has modification time of '2026-07-15T16:19:46Z'
  ERROR: Build asset version error: assets/scripts/minijuego 8/botonbatidora.cs in SourceAssetDB has modification time of '2026-07-15T16:18:20Z' while content on disk has modification time of '2026-07-15T16:19:46Z'
Number of updated asset objects reloaded before import = 0Number of asset objects unloaded after import = 0

========================================================================
Received Import Request.
  Time since last request: 0.168136 seconds.
  path: Assets/Scripts/Minijuego 8/BotonBatidora.cs
  artifactKey: Guid(e91d731bbe11c4551a118c6ba60a92bb) Importer(815301076,1909f56bfc062723c751e8b465ee728b)
Start importing Assets/Scripts/Minijuego 8/BotonBatidora.cs using Guid(e91d731bbe11c4551a118c6ba60a92bb) Importer(815301076,1909f56bfc062723c751e8b465ee728b) (PreviewImporter) -> (artifact id: '00000000000000000000000000000000') in 0.000825666 seconds
Import Error Code:(4)
Message: Build asset version error: assets/scripts/minijuego 8/botonbatidora.cs in SourceAssetDB has modification time of '2026-07-15T16:18:20Z' while content on disk has modification time of '2026-07-15T16:19:46Z'
  ERROR: Build asset version error: assets/scripts/minijuego 8/botonbatidora.cs in SourceAssetDB has modification time of '2026-07-15T16:18:20Z' while content on disk has modification time of '2026-07-15T16:19:46Z'
Number of updated asset objects reloaded before import = 0Number of asset objects unloaded after import = 0

========================================================================
Received Import Request.
  Time since last request: 0.054185 seconds.
  path: Assets/Scripts/Minijuego 8/BotonBatidora.cs
  artifactKey: Guid(e91d731bbe11c4551a118c6ba60a92bb) Importer(815301076,1909f56bfc062723c751e8b465ee728b)
Start importing Assets/Scripts/Minijuego 8/BotonBatidora.cs using Guid(e91d731bbe11c4551a118c6ba60a92bb) Importer(815301076,1909f56bfc062723c751e8b465ee728b) (PreviewImporter) -> (artifact id: '00000000000000000000000000000000') in 0.002153041 seconds
Import Error Code:(4)
Message: Build asset version error: assets/scripts/minijuego 8/botonbatidora.cs in SourceAssetDB has modification time of '2026-07-15T16:18:20Z' while content on disk has modification time of '2026-07-15T16:19:46Z'
  ERROR: Build asset version error: assets/scripts/minijuego 8/botonbatidora.cs in SourceAssetDB has modification time of '2026-07-15T16:18:20Z' while content on disk has modification time of '2026-07-15T16:19:46Z'
Number of updated asset objects reloaded before import = 0Number of asset objects unloaded after import = 0

========================================================================
Received Import Request.
  Time since last request: 0.159918 seconds.
  path: Assets/Scripts/Minijuego 8/BotonBatidora.cs
  artifactKey: Guid(e91d731bbe11c4551a118c6ba60a92bb) Importer(815301076,1909f56bfc062723c751e8b465ee728b)
Start importing Assets/Scripts/Minijuego 8/BotonBatidora.cs using Guid(e91d731bbe11c4551a118c6ba60a92bb) Importer(815301076,1909f56bfc062723c751e8b465ee728b) (PreviewImporter) -> (artifact id: '00000000000000000000000000000000') in 0.000783208 seconds
Import Error Code:(4)
Message: Build asset version error: assets/scripts/minijuego 8/botonbatidora.cs in SourceAssetDB has modification time of '2026-07-15T16:18:20Z' while content on disk has modification time of '2026-07-15T16:19:46Z'
  ERROR: Build asset version error: assets/scripts/minijuego 8/botonbatidora.cs in SourceAssetDB has modification time of '2026-07-15T16:18:20Z' while content on disk has modification time of '2026-07-15T16:19:46Z'
Number of updated asset objects reloaded before import = 0Number of asset objects unloaded after import = 0

========================================================================
Received Import Request.
  Time since last request: 0.157340 seconds.
  path: Assets/Scripts/Minijuego 8/BotonBatidora.cs
  artifactKey: Guid(e91d731bbe11c4551a118c6ba60a92bb) Importer(815301076,1909f56bfc062723c751e8b465ee728b)
Start importing Assets/Scripts/Minijuego 8/BotonBatidora.cs using Guid(e91d731bbe11c4551a118c6ba60a92bb) Importer(815301076,1909f56bfc062723c751e8b465ee728b) (PreviewImporter) -> (artifact id: '00000000000000000000000000000000') in 0.000497334 seconds
Import Error Code:(4)
Message: Build asset version error: assets/scripts/minijuego 8/botonbatidora.cs in SourceAssetDB has modification time of '2026-07-15T16:18:20Z' while content on disk has modification time of '2026-07-15T16:19:46Z'
  ERROR: Build asset version error: assets/scripts/minijuego 8/botonbatidora.cs in SourceAssetDB has modification time of '2026-07-15T16:18:20Z' while content on disk has modification time of '2026-07-15T16:19:46Z'
Number of updated asset objects reloaded before import = 0Number of asset objects unloaded after import = 0

========================================================================
Received Import Request.
  Time since last request: 0.060726 seconds.
  path: Assets/Scripts/Minijuego 8/BotonBatidora.cs
  artifactKey: Guid(e91d731bbe11c4551a118c6ba60a92bb) Importer(815301076,1909f56bfc062723c751e8b465ee728b)
Start importing Assets/Scripts/Minijuego 8/BotonBatidora.cs using Guid(e91d731bbe11c4551a118c6ba60a92bb) Importer(815301076,1909f56bfc062723c751e8b465ee728b) (PreviewImporter) -> (artifact id: '00000000000000000000000000000000') in 0.000827667 seconds
Import Error Code:(4)
Message: Build asset version error: assets/scripts/minijuego 8/botonbatidora.cs in SourceAssetDB has modification time of '2026-07-15T16:18:20Z' while content on disk has modification time of '2026-07-15T16:19:46Z'
  ERROR: Build asset version error: assets/scripts/minijuego 8/botonbatidora.cs in SourceAssetDB has modification time of '2026-07-15T16:18:20Z' while content on disk has modification time of '2026-07-15T16:19:46Z'
Number of updated asset objects reloaded before import = 0Number of asset objects unloaded after import = 0

========================================================================
Received Import Request.
  Time since last request: 0.161776 seconds.
  path: Assets/Scripts/Minijuego 8/BotonBatidora.cs
  artifactKey: Guid(e91d731bbe11c4551a118c6ba60a92bb) Importer(815301076,1909f56bfc062723c751e8b465ee728b)
Start importing Assets/Scripts/Minijuego 8/BotonBatidora.cs using Guid(e91d731bbe11c4551a118c6ba60a92bb) Importer(815301076,1909f56bfc062723c751e8b465ee728b) (PreviewImporter) -> (artifact id: '00000000000000000000000000000000') in 0.000687167 seconds
Import Error Code:(4)
Message: Build asset version error: assets/scripts/minijuego 8/botonbatidora.cs in SourceAssetDB has modification time of '2026-07-15T16:18:20Z' while content on disk has modification time of '2026-07-15T16:19:46Z'
  ERROR: Build asset version error: assets/scripts/minijuego 8/botonbatidora.cs in SourceAssetDB has modification time of '2026-07-15T16:18:20Z' while content on disk has modification time of '2026-07-15T16:19:46Z'
Number of updated asset objects reloaded before import = 0Number of asset objects unloaded after import = 0

========================================================================
Received Import Request.
  Time since last request: 0.155738 seconds.
  path: Assets/Scripts/Minijuego 8/BotonBatidora.cs
  artifactKey: Guid(e91d731bbe11c4551a118c6ba60a92bb) Importer(815301076,1909f56bfc062723c751e8b465ee728b)
Start importing Assets/Scripts/Minijuego 8/BotonBatidora.cs using Guid(e91d731bbe11c4551a118c6ba60a92bb) Importer(815301076,1909f56bfc062723c751e8b465ee728b) (PreviewImporter) -> (artifact id: '00000000000000000000000000000000') in 0.000757291 seconds
Import Error Code:(4)
Message: Build asset version error: assets/scripts/minijuego 8/botonbatidora.cs in SourceAssetDB has modification time of '2026-07-15T16:18:20Z' while content on disk has modification time of '2026-07-15T16:19:46Z'
  ERROR: Build asset version error: assets/scripts/minijuego 8/botonbatidora.cs in SourceAssetDB has modification time of '2026-07-15T16:18:20Z' while content on disk has modification time of '2026-07-15T16:19:46Z'
Number of updated asset objects reloaded before import = 0Number of asset objects unloaded after import = 0

========================================================================
Received Import Request.
  Time since last request: 0.155251 seconds.
  path: Assets/Scripts/Minijuego 8/BotonBatidora.cs
  artifactKey: Guid(e91d731bbe11c4551a118c6ba60a92bb) Importer(815301076,1909f56bfc062723c751e8b465ee728b)
Start importing Assets/Scripts/Minijuego 8/BotonBatidora.cs using Guid(e91d731bbe11c4551a118c6ba60a92bb) Importer(815301076,1909f56bfc062723c751e8b465ee728b) (PreviewImporter) -> (artifact id: '00000000000000000000000000000000') in 0.000798958 seconds
Import Error Code:(4)
Message: Build asset version error: assets/scripts/minijuego 8/botonbatidora.cs in SourceAssetDB has modification time of '2026-07-15T16:18:20Z' while content on disk has modification time of '2026-07-15T16:19:46Z'
  ERROR: Build asset version error: assets/scripts/minijuego 8/botonbatidora.cs in SourceAssetDB has modification time of '2026-07-15T16:18:20Z' while content on disk has modification time of '2026-07-15T16:19:46Z'
Number of updated asset objects reloaded before import = 0Number of asset objects unloaded after import = 0

========================================================================
Received Import Request.
  Time since last request: 0.156620 seconds.
  path: Assets/Scripts/Minijuego 8/BotonBatidora.cs
  artifactKey: Guid(e91d731bbe11c4551a118c6ba60a92bb) Importer(815301076,1909f56bfc062723c751e8b465ee728b)
Start importing Assets/Scripts/Minijuego 8/BotonBatidora.cs using Guid(e91d731bbe11c4551a118c6ba60a92bb) Importer(815301076,1909f56bfc062723c751e8b465ee728b) (PreviewImporter) -> (artifact id: '00000000000000000000000000000000') in 0.001125625 seconds
Import Error Code:(4)
Message: Build asset version error: assets/scripts/minijuego 8/botonbatidora.cs in SourceAssetDB has modification time of '2026-07-15T16:18:20Z' while content on disk has modification time of '2026-07-15T16:19:46Z'
  ERROR: Build asset version error: assets/scripts/minijuego 8/botonbatidora.cs in SourceAssetDB has modification time of '2026-07-15T16:18:20Z' while content on disk has modification time of '2026-07-15T16:19:46Z'
Number of updated asset objects reloaded before import = 0Number of asset objects unloaded after import = 0

========================================================================
Received Import Request.
  Time since last request: 0.055357 seconds.
  path: Assets/Scripts/Minijuego 8/BotonBatidora.cs
  artifactKey: Guid(e91d731bbe11c4551a118c6ba60a92bb) Importer(815301076,1909f56bfc062723c751e8b465ee728b)
Start importing Assets/Scripts/Minijuego 8/BotonBatidora.cs using Guid(e91d731bbe11c4551a118c6ba60a92bb) Importer(815301076,1909f56bfc062723c751e8b465ee728b) (PreviewImporter) -> (artifact id: '00000000000000000000000000000000') in 0.000596625 seconds
Import Error Code:(4)
Message: Build asset version error: assets/scripts/minijuego 8/botonbatidora.cs in SourceAssetDB has modification time of '2026-07-15T16:18:20Z' while content on disk has modification time of '2026-07-15T16:19:46Z'
  ERROR: Build asset version error: assets/scripts/minijuego 8/botonbatidora.cs in SourceAssetDB has modification time of '2026-07-15T16:18:20Z' while content on disk has modification time of '2026-07-15T16:19:46Z'
Number of updated asset objects reloaded before import = 0Number of asset objects unloaded after import = 0

========================================================================
Received Import Request.
  Time since last request: 0.169762 seconds.
  path: Assets/Scripts/Minijuego 8/BotonBatidora.cs
  artifactKey: Guid(e91d731bbe11c4551a118c6ba60a92bb) Importer(815301076,1909f56bfc062723c751e8b465ee728b)
Start importing Assets/Scripts/Minijuego 8/BotonBatidora.cs using Guid(e91d731bbe11c4551a118c6ba60a92bb) Importer(815301076,1909f56bfc062723c751e8b465ee728b) (PreviewImporter) -> (artifact id: '00000000000000000000000000000000') in 0.000462 seconds
Import Error Code:(4)
Message: Build asset version error: assets/scripts/minijuego 8/botonbatidora.cs in SourceAssetDB has modification time of '2026-07-15T16:18:20Z' while content on disk has modification time of '2026-07-15T16:19:46Z'
  ERROR: Build asset version error: assets/scripts/minijuego 8/botonbatidora.cs in SourceAssetDB has modification time of '2026-07-15T16:18:20Z' while content on disk has modification time of '2026-07-15T16:19:46Z'
Number of updated asset objects reloaded before import = 0Number of asset objects unloaded after import = 0

========================================================================
Received Import Request.
  Time since last request: 0.166107 seconds.
  path: Assets/Scripts/Minijuego 8/BotonBatidora.cs
  artifactKey: Guid(e91d731bbe11c4551a118c6ba60a92bb) Importer(815301076,1909f56bfc062723c751e8b465ee728b)
Start importing Assets/Scripts/Minijuego 8/BotonBatidora.cs using Guid(e91d731bbe11c4551a118c6ba60a92bb) Importer(815301076,1909f56bfc062723c751e8b465ee728b) (PreviewImporter) -> (artifact id: '00000000000000000000000000000000') in 0.001006458 seconds
Import Error Code:(4)
Message: Build asset version error: assets/scripts/minijuego 8/botonbatidora.cs in SourceAssetDB has modification time of '2026-07-15T16:18:20Z' while content on disk has modification time of '2026-07-15T16:19:46Z'
  ERROR: Build asset version error: assets/scripts/minijuego 8/botonbatidora.cs in SourceAssetDB has modification time of '2026-07-15T16:18:20Z' while content on disk has modification time of '2026-07-15T16:19:46Z'
Number of updated asset objects reloaded before import = 0Number of asset objects unloaded after import = 0

========================================================================
Received Import Request.
  Time since last request: 0.159051 seconds.
  path: Assets/Scripts/Minijuego 8/BotonBatidora.cs
  artifactKey: Guid(e91d731bbe11c4551a118c6ba60a92bb) Importer(815301076,1909f56bfc062723c751e8b465ee728b)
Start importing Assets/Scripts/Minijuego 8/BotonBatidora.cs using Guid(e91d731bbe11c4551a118c6ba60a92bb) Importer(815301076,1909f56bfc062723c751e8b465ee728b) (PreviewImporter) -> (artifact id: '00000000000000000000000000000000') in 0.000599916 seconds
Import Error Code:(4)
Message: Build asset version error: assets/scripts/minijuego 8/botonbatidora.cs in SourceAssetDB has modification time of '2026-07-15T16:18:20Z' while content on disk has modification time of '2026-07-15T16:19:46Z'
  ERROR: Build asset version error: assets/scripts/minijuego 8/botonbatidora.cs in SourceAssetDB has modification time of '2026-07-15T16:18:20Z' while content on disk has modification time of '2026-07-15T16:19:46Z'
Number of updated asset objects reloaded before import = 0Number of asset objects unloaded after import = 0

========================================================================
Received Import Request.
  Time since last request: 0.162058 seconds.
  path: Assets/Scripts/Minijuego 8/BotonBatidora.cs
  artifactKey: Guid(e91d731bbe11c4551a118c6ba60a92bb) Importer(815301076,1909f56bfc062723c751e8b465ee728b)
Start importing Assets/Scripts/Minijuego 8/BotonBatidora.cs using Guid(e91d731bbe11c4551a118c6ba60a92bb) Importer(815301076,1909f56bfc062723c751e8b465ee728b) (PreviewImporter) -> (artifact id: '00000000000000000000000000000000') in 0.000535667 seconds
Import Error Code:(4)
Message: Build asset version error: assets/scripts/minijuego 8/botonbatidora.cs in SourceAssetDB has modification time of '2026-07-15T16:18:20Z' while content on disk has modification time of '2026-07-15T16:19:46Z'
  ERROR: Build asset version error: assets/scripts/minijuego 8/botonbatidora.cs in SourceAssetDB has modification time of '2026-07-15T16:18:20Z' while content on disk has modification time of '2026-07-15T16:19:46Z'
Number of updated asset objects reloaded before import = 0Number of asset objects unloaded after import = 0

========================================================================
Received Import Request.
  Time since last request: 0.064569 seconds.
  path: Assets/Scripts/Minijuego 8/BotonBatidora.cs
  artifactKey: Guid(e91d731bbe11c4551a118c6ba60a92bb) Importer(815301076,1909f56bfc062723c751e8b465ee728b)
Start importing Assets/Scripts/Minijuego 8/BotonBatidora.cs using Guid(e91d731bbe11c4551a118c6ba60a92bb) Importer(815301076,1909f56bfc062723c751e8b465ee728b) (PreviewImporter) -> (artifact id: '00000000000000000000000000000000') in 0.000598958 seconds
Import Error Code:(4)
Message: Build asset version error: assets/scripts/minijuego 8/botonbatidora.cs in SourceAssetDB has modification time of '2026-07-15T16:18:20Z' while content on disk has modification time of '2026-07-15T16:19:46Z'
  ERROR: Build asset version error: assets/scripts/minijuego 8/botonbatidora.cs in SourceAssetDB has modification time of '2026-07-15T16:18:20Z' while content on disk has modification time of '2026-07-15T16:19:46Z'
Number of updated asset objects reloaded before import = 0Number of asset objects unloaded after import = 0

========================================================================
Received Import Request.
  Time since last request: 0.066155 seconds.
  path: Assets/Scripts/Minijuego 8/BotonBatidora.cs
  artifactKey: Guid(e91d731bbe11c4551a118c6ba60a92bb) Importer(815301076,1909f56bfc062723c751e8b465ee728b)
Start importing Assets/Scripts/Minijuego 8/BotonBatidora.cs using Guid(e91d731bbe11c4551a118c6ba60a92bb) Importer(815301076,1909f56bfc062723c751e8b465ee728b) (PreviewImporter) -> (artifact id: '00000000000000000000000000000000') in 0.000771334 seconds
Import Error Code:(4)
Message: Build asset version error: assets/scripts/minijuego 8/botonbatidora.cs in SourceAssetDB has modification time of '2026-07-15T16:18:20Z' while content on disk has modification time of '2026-07-15T16:19:46Z'
  ERROR: Build asset version error: assets/scripts/minijuego 8/botonbatidora.cs in SourceAssetDB has modification time of '2026-07-15T16:18:20Z' while content on disk has modification time of '2026-07-15T16:19:46Z'
Number of updated asset objects reloaded before import = 0Number of asset objects unloaded after import = 0

========================================================================
Received Import Request.
  Time since last request: 0.066515 seconds.
  path: Assets/Scripts/Minijuego 8/BotonBatidora.cs
  artifactKey: Guid(e91d731bbe11c4551a118c6ba60a92bb) Importer(815301076,1909f56bfc062723c751e8b465ee728b)
Start importing Assets/Scripts/Minijuego 8/BotonBatidora.cs using Guid(e91d731bbe11c4551a118c6ba60a92bb) Importer(815301076,1909f56bfc062723c751e8b465ee728b) (PreviewImporter) -> (artifact id: '00000000000000000000000000000000') in 0.000469917 seconds
Import Error Code:(4)
Message: Build asset version error: assets/scripts/minijuego 8/botonbatidora.cs in SourceAssetDB has modification time of '2026-07-15T16:18:20Z' while content on disk has modification time of '2026-07-15T16:19:46Z'
  ERROR: Build asset version error: assets/scripts/minijuego 8/botonbatidora.cs in SourceAssetDB has modification time of '2026-07-15T16:18:20Z' while content on disk has modification time of '2026-07-15T16:19:46Z'
Number of updated asset objects reloaded before import = 0Number of asset objects unloaded after import = 0

========================================================================
Received Import Request.
  Time since last request: 0.175005 seconds.
  path: Assets/Scripts/Minijuego 8/BotonBatidora.cs
  artifactKey: Guid(e91d731bbe11c4551a118c6ba60a92bb) Importer(815301076,1909f56bfc062723c751e8b465ee728b)
Start importing Assets/Scripts/Minijuego 8/BotonBatidora.cs using Guid(e91d731bbe11c4551a118c6ba60a92bb) Importer(815301076,1909f56bfc062723c751e8b465ee728b) (PreviewImporter) -> (artifact id: '00000000000000000000000000000000') in 0.000808083 seconds
Import Error Code:(4)
Message: Build asset version error: assets/scripts/minijuego 8/botonbatidora.cs in SourceAssetDB has modification time of '2026-07-15T16:18:20Z' while content on disk has modification time of '2026-07-15T16:19:46Z'
  ERROR: Build asset version error: assets/scripts/minijuego 8/botonbatidora.cs in SourceAssetDB has modification time of '2026-07-15T16:18:20Z' while content on disk has modification time of '2026-07-15T16:19:46Z'
Number of updated asset objects reloaded before import = 0Number of asset objects unloaded after import = 0

========================================================================
Received Import Request.
  Time since last request: 0.063220 seconds.
  path: Assets/Scripts/Minijuego 8/BotonBatidora.cs
  artifactKey: Guid(e91d731bbe11c4551a118c6ba60a92bb) Importer(815301076,1909f56bfc062723c751e8b465ee728b)
Start importing Assets/Scripts/Minijuego 8/BotonBatidora.cs using Guid(e91d731bbe11c4551a118c6ba60a92bb) Importer(815301076,1909f56bfc062723c751e8b465ee728b) (PreviewImporter) -> (artifact id: '00000000000000000000000000000000') in 0.000843958 seconds
Import Error Code:(4)
Message: Build asset version error: assets/scripts/minijuego 8/botonbatidora.cs in SourceAssetDB has modification time of '2026-07-15T16:18:20Z' while content on disk has modification time of '2026-07-15T16:19:46Z'
  ERROR: Build asset version error: assets/scripts/minijuego 8/botonbatidora.cs in SourceAssetDB has modification time of '2026-07-15T16:18:20Z' while content on disk has modification time of '2026-07-15T16:19:46Z'
Number of updated asset objects reloaded before import = 0Number of asset objects unloaded after import = 0

========================================================================
Received Import Request.
  Time since last request: 0.156254 seconds.
  path: Assets/Scripts/Minijuego 8/BotonBatidora.cs
  artifactKey: Guid(e91d731bbe11c4551a118c6ba60a92bb) Importer(815301076,1909f56bfc062723c751e8b465ee728b)
Start importing Assets/Scripts/Minijuego 8/BotonBatidora.cs using Guid(e91d731bbe11c4551a118c6ba60a92bb) Importer(815301076,1909f56bfc062723c751e8b465ee728b) (PreviewImporter) -> (artifact id: '00000000000000000000000000000000') in 0.000742208 seconds
Import Error Code:(4)
Message: Build asset version error: assets/scripts/minijuego 8/botonbatidora.cs in SourceAssetDB has modification time of '2026-07-15T16:18:20Z' while content on disk has modification time of '2026-07-15T16:19:46Z'
  ERROR: Build asset version error: assets/scripts/minijuego 8/botonbatidora.cs in SourceAssetDB has modification time of '2026-07-15T16:18:20Z' while content on disk has modification time of '2026-07-15T16:19:46Z'
Number of updated asset objects reloaded before import = 0Number of asset objects unloaded after import = 0

========================================================================
Received Import Request.
  Time since last request: 0.155565 seconds.
  path: Assets/Scripts/Minijuego 8/BotonBatidora.cs
  artifactKey: Guid(e91d731bbe11c4551a118c6ba60a92bb) Importer(815301076,1909f56bfc062723c751e8b465ee728b)
Start importing Assets/Scripts/Minijuego 8/BotonBatidora.cs using Guid(e91d731bbe11c4551a118c6ba60a92bb) Importer(815301076,1909f56bfc062723c751e8b465ee728b) (PreviewImporter) -> (artifact id: '00000000000000000000000000000000') in 0.000517958 seconds
Import Error Code:(4)
Message: Build asset version error: assets/scripts/minijuego 8/botonbatidora.cs in SourceAssetDB has modification time of '2026-07-15T16:18:20Z' while content on disk has modification time of '2026-07-15T16:19:46Z'
  ERROR: Build asset version error: assets/scripts/minijuego 8/botonbatidora.cs in SourceAssetDB has modification time of '2026-07-15T16:18:20Z' while content on disk has modification time of '2026-07-15T16:19:46Z'
Number of updated asset objects reloaded before import = 0Number of asset objects unloaded after import = 0

========================================================================
Received Import Request.
  Time since last request: 0.162334 seconds.
  path: Assets/Scripts/Minijuego 8/BotonBatidora.cs
  artifactKey: Guid(e91d731bbe11c4551a118c6ba60a92bb) Importer(815301076,1909f56bfc062723c751e8b465ee728b)
Start importing Assets/Scripts/Minijuego 8/BotonBatidora.cs using Guid(e91d731bbe11c4551a118c6ba60a92bb) Importer(815301076,1909f56bfc062723c751e8b465ee728b) (PreviewImporter) -> (artifact id: '00000000000000000000000000000000') in 0.000608375 seconds
Import Error Code:(4)
Message: Build asset version error: assets/scripts/minijuego 8/botonbatidora.cs in SourceAssetDB has modification time of '2026-07-15T16:18:20Z' while content on disk has modification time of '2026-07-15T16:19:46Z'
  ERROR: Build asset version error: assets/scripts/minijuego 8/botonbatidora.cs in SourceAssetDB has modification time of '2026-07-15T16:18:20Z' while content on disk has modification time of '2026-07-15T16:19:46Z'
Number of updated asset objects reloaded before import = 0Number of asset objects unloaded after import = 0

========================================================================
Received Import Request.
  Time since last request: 0.163191 seconds.
  path: Assets/Scripts/Minijuego 8/BotonBatidora.cs
  artifactKey: Guid(e91d731bbe11c4551a118c6ba60a92bb) Importer(815301076,1909f56bfc062723c751e8b465ee728b)
Start importing Assets/Scripts/Minijuego 8/BotonBatidora.cs using Guid(e91d731bbe11c4551a118c6ba60a92bb) Importer(815301076,1909f56bfc062723c751e8b465ee728b) (PreviewImporter) -> (artifact id: '00000000000000000000000000000000') in 0.000895542 seconds
Import Error Code:(4)
Message: Build asset version error: assets/scripts/minijuego 8/botonbatidora.cs in SourceAssetDB has modification time of '2026-07-15T16:18:20Z' while content on disk has modification time of '2026-07-15T16:19:46Z'
  ERROR: Build asset version error: assets/scripts/minijuego 8/botonbatidora.cs in SourceAssetDB has modification time of '2026-07-15T16:18:20Z' while content on disk has modification time of '2026-07-15T16:19:46Z'
Number of updated asset objects reloaded before import = 0Number of asset objects unloaded after import = 0

========================================================================
Received Import Request.
  Time since last request: 0.162246 seconds.
  path: Assets/Scripts/Minijuego 8/BotonBatidora.cs
  artifactKey: Guid(e91d731bbe11c4551a118c6ba60a92bb) Importer(815301076,1909f56bfc062723c751e8b465ee728b)
Start importing Assets/Scripts/Minijuego 8/BotonBatidora.cs using Guid(e91d731bbe11c4551a118c6ba60a92bb) Importer(815301076,1909f56bfc062723c751e8b465ee728b) (PreviewImporter) -> (artifact id: '00000000000000000000000000000000') in 0.000760792 seconds
Import Error Code:(4)
Message: Build asset version error: assets/scripts/minijuego 8/botonbatidora.cs in SourceAssetDB has modification time of '2026-07-15T16:18:20Z' while content on disk has modification time of '2026-07-15T16:19:46Z'
  ERROR: Build asset version error: assets/scripts/minijuego 8/botonbatidora.cs in SourceAssetDB has modification time of '2026-07-15T16:18:20Z' while content on disk has modification time of '2026-07-15T16:19:46Z'
Number of updated asset objects reloaded before import = 0Number of asset objects unloaded after import = 0

========================================================================
Received Import Request.
  Time since last request: 0.157446 seconds.
  path: Assets/Scripts/Minijuego 8/BotonBatidora.cs
  artifactKey: Guid(e91d731bbe11c4551a118c6ba60a92bb) Importer(815301076,1909f56bfc062723c751e8b465ee728b)
Start importing Assets/Scripts/Minijuego 8/BotonBatidora.cs using Guid(e91d731bbe11c4551a118c6ba60a92bb) Importer(815301076,1909f56bfc062723c751e8b465ee728b) (PreviewImporter) -> (artifact id: '00000000000000000000000000000000') in 0.0005125 seconds
Import Error Code:(4)
Message: Build asset version error: assets/scripts/minijuego 8/botonbatidora.cs in SourceAssetDB has modification time of '2026-07-15T16:18:20Z' while content on disk has modification time of '2026-07-15T16:19:46Z'
  ERROR: Build asset version error: assets/scripts/minijuego 8/botonbatidora.cs in SourceAssetDB has modification time of '2026-07-15T16:18:20Z' while content on disk has modification time of '2026-07-15T16:19:46Z'
Number of updated asset objects reloaded before import = 0Number of asset objects unloaded after import = 0

========================================================================
Received Import Request.
  Time since last request: 0.160571 seconds.
  path: Assets/Scripts/Minijuego 8/BotonBatidora.cs
  artifactKey: Guid(e91d731bbe11c4551a118c6ba60a92bb) Importer(815301076,1909f56bfc062723c751e8b465ee728b)
Start importing Assets/Scripts/Minijuego 8/BotonBatidora.cs using Guid(e91d731bbe11c4551a118c6ba60a92bb) Importer(815301076,1909f56bfc062723c751e8b465ee728b) (PreviewImporter) -> (artifact id: '00000000000000000000000000000000') in 0.000692916 seconds
Import Error Code:(4)
Message: Build asset version error: assets/scripts/minijuego 8/botonbatidora.cs in SourceAssetDB has modification time of '2026-07-15T16:18:20Z' while content on disk has modification time of '2026-07-15T16:19:46Z'
  ERROR: Build asset version error: assets/scripts/minijuego 8/botonbatidora.cs in SourceAssetDB has modification time of '2026-07-15T16:18:20Z' while content on disk has modification time of '2026-07-15T16:19:46Z'
Number of updated asset objects reloaded before import = 0Number of asset objects unloaded after import = 0

========================================================================
Received Import Request.
  Time since last request: 0.157591 seconds.
  path: Assets/Scripts/Minijuego 8/BotonBatidora.cs
  artifactKey: Guid(e91d731bbe11c4551a118c6ba60a92bb) Importer(815301076,1909f56bfc062723c751e8b465ee728b)
Start importing Assets/Scripts/Minijuego 8/BotonBatidora.cs using Guid(e91d731bbe11c4551a118c6ba60a92bb) Importer(815301076,1909f56bfc062723c751e8b465ee728b) (PreviewImporter) -> (artifact id: '00000000000000000000000000000000') in 0.001092042 seconds
Import Error Code:(4)
Message: Build asset version error: assets/scripts/minijuego 8/botonbatidora.cs in SourceAssetDB has modification time of '2026-07-15T16:18:20Z' while content on disk has modification time of '2026-07-15T16:19:53Z'
  ERROR: Build asset version error: assets/scripts/minijuego 8/botonbatidora.cs in SourceAssetDB has modification time of '2026-07-15T16:18:20Z' while content on disk has modification time of '2026-07-15T16:19:53Z'
Number of updated asset objects reloaded before import = 0Number of asset objects unloaded after import = 0

========================================================================
Received Import Request.
  Time since last request: 0.158579 seconds.
  path: Assets/Scripts/Minijuego 8/BotonBatidora.cs
  artifactKey: Guid(e91d731bbe11c4551a118c6ba60a92bb) Importer(815301076,1909f56bfc062723c751e8b465ee728b)
Start importing Assets/Scripts/Minijuego 8/BotonBatidora.cs using Guid(e91d731bbe11c4551a118c6ba60a92bb) Importer(815301076,1909f56bfc062723c751e8b465ee728b) (PreviewImporter) -> (artifact id: '00000000000000000000000000000000') in 0.001018333 seconds
Import Error Code:(4)
Message: Build asset version error: assets/scripts/minijuego 8/botonbatidora.cs in SourceAssetDB has modification time of '2026-07-15T16:18:20Z' while content on disk has modification time of '2026-07-15T16:19:53Z'
  ERROR: Build asset version error: assets/scripts/minijuego 8/botonbatidora.cs in SourceAssetDB has modification time of '2026-07-15T16:18:20Z' while content on disk has modification time of '2026-07-15T16:19:53Z'
Number of updated asset objects reloaded before import = 0Number of asset objects unloaded after import = 0

========================================================================
Received Import Request.
  Time since last request: 0.152396 seconds.
  path: Assets/Scripts/Minijuego 8/BotonBatidora.cs
  artifactKey: Guid(e91d731bbe11c4551a118c6ba60a92bb) Importer(815301076,1909f56bfc062723c751e8b465ee728b)
Start importing Assets/Scripts/Minijuego 8/BotonBatidora.cs using Guid(e91d731bbe11c4551a118c6ba60a92bb) Importer(815301076,1909f56bfc062723c751e8b465ee728b) (PreviewImporter) -> (artifact id: '00000000000000000000000000000000') in 0.000720542 seconds
Import Error Code:(4)
Message: Build asset version error: assets/scripts/minijuego 8/botonbatidora.cs in SourceAssetDB has modification time of '2026-07-15T16:18:20Z' while content on disk has modification time of '2026-07-15T16:19:53Z'
  ERROR: Build asset version error: assets/scripts/minijuego 8/botonbatidora.cs in SourceAssetDB has modification time of '2026-07-15T16:18:20Z' while content on disk has modification time of '2026-07-15T16:19:53Z'
Number of updated asset objects reloaded before import = 0Number of asset objects unloaded after import = 0

========================================================================
Received Import Request.
  Time since last request: 0.156720 seconds.
  path: Assets/Scripts/Minijuego 8/BotonBatidora.cs
  artifactKey: Guid(e91d731bbe11c4551a118c6ba60a92bb) Importer(815301076,1909f56bfc062723c751e8b465ee728b)
Start importing Assets/Scripts/Minijuego 8/BotonBatidora.cs using Guid(e91d731bbe11c4551a118c6ba60a92bb) Importer(815301076,1909f56bfc062723c751e8b465ee728b) (PreviewImporter) -> (artifact id: '00000000000000000000000000000000') in 0.000588792 seconds
Import Error Code:(4)
Message: Build asset version error: assets/scripts/minijuego 8/botonbatidora.cs in SourceAssetDB has modification time of '2026-07-15T16:18:20Z' while content on disk has modification time of '2026-07-15T16:19:53Z'
  ERROR: Build asset version error: assets/scripts/minijuego 8/botonbatidora.cs in SourceAssetDB has modification time of '2026-07-15T16:18:20Z' while content on disk has modification time of '2026-07-15T16:19:53Z'
Number of updated asset objects reloaded before import = 0Number of asset objects unloaded after import = 0

========================================================================
Received Import Request.
  Time since last request: 0.155896 seconds.
  path: Assets/Scripts/Minijuego 8/BotonBatidora.cs
  artifactKey: Guid(e91d731bbe11c4551a118c6ba60a92bb) Importer(815301076,1909f56bfc062723c751e8b465ee728b)
Start importing Assets/Scripts/Minijuego 8/BotonBatidora.cs using Guid(e91d731bbe11c4551a118c6ba60a92bb) Importer(815301076,1909f56bfc062723c751e8b465ee728b) (PreviewImporter) -> (artifact id: '00000000000000000000000000000000') in 0.000663041 seconds
Import Error Code:(4)
Message: Build asset version error: assets/scripts/minijuego 8/botonbatidora.cs in SourceAssetDB has modification time of '2026-07-15T16:18:20Z' while content on disk has modification time of '2026-07-15T16:19:53Z'
  ERROR: Build asset version error: assets/scripts/minijuego 8/botonbatidora.cs in SourceAssetDB has modification time of '2026-07-15T16:18:20Z' while content on disk has modification time of '2026-07-15T16:19:53Z'
Number of updated asset objects reloaded before import = 0Number of asset objects unloaded after import = 0

========================================================================
Received Import Request.
  Time since last request: 0.058425 seconds.
  path: Assets/Scripts/Minijuego 8/BotonBatidora.cs
  artifactKey: Guid(e91d731bbe11c4551a118c6ba60a92bb) Importer(815301076,1909f56bfc062723c751e8b465ee728b)
Start importing Assets/Scripts/Minijuego 8/BotonBatidora.cs using Guid(e91d731bbe11c4551a118c6ba60a92bb) Importer(815301076,1909f56bfc062723c751e8b465ee728b) (PreviewImporter) -> (artifact id: '00000000000000000000000000000000') in 0.000514542 seconds
Import Error Code:(4)
Message: Build asset version error: assets/scripts/minijuego 8/botonbatidora.cs in SourceAssetDB has modification time of '2026-07-15T16:18:20Z' while content on disk has modification time of '2026-07-15T16:19:53Z'
  ERROR: Build asset version error: assets/scripts/minijuego 8/botonbatidora.cs in SourceAssetDB has modification time of '2026-07-15T16:18:20Z' while content on disk has modification time of '2026-07-15T16:19:53Z'
Number of updated asset objects reloaded before import = 0Number of asset objects unloaded after import = 0

========================================================================
Received Import Request.
  Time since last request: 0.072472 seconds.
  path: Assets/Scripts/Minijuego 8/BotonBatidora.cs
  artifactKey: Guid(e91d731bbe11c4551a118c6ba60a92bb) Importer(815301076,1909f56bfc062723c751e8b465ee728b)
Start importing Assets/Scripts/Minijuego 8/BotonBatidora.cs using Guid(e91d731bbe11c4551a118c6ba60a92bb) Importer(815301076,1909f56bfc062723c751e8b465ee728b) (PreviewImporter) -> (artifact id: '00000000000000000000000000000000') in 0.000537667 seconds
Import Error Code:(4)
Message: Build asset version error: assets/scripts/minijuego 8/botonbatidora.cs in SourceAssetDB has modification time of '2026-07-15T16:18:20Z' while content on disk has modification time of '2026-07-15T16:19:53Z'
  ERROR: Build asset version error: assets/scripts/minijuego 8/botonbatidora.cs in SourceAssetDB has modification time of '2026-07-15T16:18:20Z' while content on disk has modification time of '2026-07-15T16:19:53Z'
Number of updated asset objects reloaded before import = 0Number of asset objects unloaded after import = 0

========================================================================
Received Import Request.
  Time since last request: 0.174142 seconds.
  path: Assets/Scripts/Minijuego 8/BotonBatidora.cs
  artifactKey: Guid(e91d731bbe11c4551a118c6ba60a92bb) Importer(815301076,1909f56bfc062723c751e8b465ee728b)
Start importing Assets/Scripts/Minijuego 8/BotonBatidora.cs using Guid(e91d731bbe11c4551a118c6ba60a92bb) Importer(815301076,1909f56bfc062723c751e8b465ee728b) (PreviewImporter) -> (artifact id: '00000000000000000000000000000000') in 0.000526292 seconds
Import Error Code:(4)
Message: Build asset version error: assets/scripts/minijuego 8/botonbatidora.cs in SourceAssetDB has modification time of '2026-07-15T16:18:20Z' while content on disk has modification time of '2026-07-15T16:19:53Z'
  ERROR: Build asset version error: assets/scripts/minijuego 8/botonbatidora.cs in SourceAssetDB has modification time of '2026-07-15T16:18:20Z' while content on disk has modification time of '2026-07-15T16:19:53Z'
Number of updated asset objects reloaded before import = 0Number of asset objects unloaded after import = 0

========================================================================
Received Import Request.
  Time since last request: 0.059740 seconds.
  path: Assets/Scripts/Minijuego 8/BotonBatidora.cs
  artifactKey: Guid(e91d731bbe11c4551a118c6ba60a92bb) Importer(815301076,1909f56bfc062723c751e8b465ee728b)
Start importing Assets/Scripts/Minijuego 8/BotonBatidora.cs using Guid(e91d731bbe11c4551a118c6ba60a92bb) Importer(815301076,1909f56bfc062723c751e8b465ee728b) (PreviewImporter) -> (artifact id: '00000000000000000000000000000000') in 0.000601417 seconds
Import Error Code:(4)
Message: Build asset version error: assets/scripts/minijuego 8/botonbatidora.cs in SourceAssetDB has modification time of '2026-07-15T16:18:20Z' while content on disk has modification time of '2026-07-15T16:19:53Z'
  ERROR: Build asset version error: assets/scripts/minijuego 8/botonbatidora.cs in SourceAssetDB has modification time of '2026-07-15T16:18:20Z' while content on disk has modification time of '2026-07-15T16:19:53Z'
Number of updated asset objects reloaded before import = 0Number of asset objects unloaded after import = 0

========================================================================
Received Import Request.
  Time since last request: 0.158546 seconds.
  path: Assets/Scripts/Minijuego 8/BotonBatidora.cs
  artifactKey: Guid(e91d731bbe11c4551a118c6ba60a92bb) Importer(815301076,1909f56bfc062723c751e8b465ee728b)
Start importing Assets/Scripts/Minijuego 8/BotonBatidora.cs using Guid(e91d731bbe11c4551a118c6ba60a92bb) Importer(815301076,1909f56bfc062723c751e8b465ee728b) (PreviewImporter) -> (artifact id: '00000000000000000000000000000000') in 0.00071825 seconds
Import Error Code:(4)
Message: Build asset version error: assets/scripts/minijuego 8/botonbatidora.cs in SourceAssetDB has modification time of '2026-07-15T16:18:20Z' while content on disk has modification time of '2026-07-15T16:19:53Z'
  ERROR: Build asset version error: assets/scripts/minijuego 8/botonbatidora.cs in SourceAssetDB has modification time of '2026-07-15T16:18:20Z' while content on disk has modification time of '2026-07-15T16:19:53Z'
Number of updated asset objects reloaded before import = 0Number of asset objects unloaded after import = 0

========================================================================
Received Import Request.
  Time since last request: 0.058359 seconds.
  path: Assets/Scripts/Minijuego 8/BotonBatidora.cs
  artifactKey: Guid(e91d731bbe11c4551a118c6ba60a92bb) Importer(815301076,1909f56bfc062723c751e8b465ee728b)
Start importing Assets/Scripts/Minijuego 8/BotonBatidora.cs using Guid(e91d731bbe11c4551a118c6ba60a92bb) Importer(815301076,1909f56bfc062723c751e8b465ee728b) (PreviewImporter) -> (artifact id: '00000000000000000000000000000000') in 0.000767833 seconds
Import Error Code:(4)
Message: Build asset version error: assets/scripts/minijuego 8/botonbatidora.cs in SourceAssetDB has modification time of '2026-07-15T16:18:20Z' while content on disk has modification time of '2026-07-15T16:19:53Z'
  ERROR: Build asset version error: assets/scripts/minijuego 8/botonbatidora.cs in SourceAssetDB has modification time of '2026-07-15T16:18:20Z' while content on disk has modification time of '2026-07-15T16:19:53Z'
Number of updated asset objects reloaded before import = 0Number of asset objects unloaded after import = 0

========================================================================
Received Import Request.
  Time since last request: 0.161374 seconds.
  path: Assets/Scripts/Minijuego 8/BotonBatidora.cs
  artifactKey: Guid(e91d731bbe11c4551a118c6ba60a92bb) Importer(815301076,1909f56bfc062723c751e8b465ee728b)
Start importing Assets/Scripts/Minijuego 8/BotonBatidora.cs using Guid(e91d731bbe11c4551a118c6ba60a92bb) Importer(815301076,1909f56bfc062723c751e8b465ee728b) (PreviewImporter) -> (artifact id: '00000000000000000000000000000000') in 0.000644625 seconds
Import Error Code:(4)
Message: Build asset version error: assets/scripts/minijuego 8/botonbatidora.cs in SourceAssetDB has modification time of '2026-07-15T16:18:20Z' while content on disk has modification time of '2026-07-15T16:19:55Z'
  ERROR: Build asset version error: assets/scripts/minijuego 8/botonbatidora.cs in SourceAssetDB has modification time of '2026-07-15T16:18:20Z' while content on disk has modification time of '2026-07-15T16:19:55Z'
Number of updated asset objects reloaded before import = 0Number of asset objects unloaded after import = 0

========================================================================
Received Import Request.
  Time since last request: 0.154948 seconds.
  path: Assets/Scripts/Minijuego 8/BotonBatidora.cs
  artifactKey: Guid(e91d731bbe11c4551a118c6ba60a92bb) Importer(815301076,1909f56bfc062723c751e8b465ee728b)
Start importing Assets/Scripts/Minijuego 8/BotonBatidora.cs using Guid(e91d731bbe11c4551a118c6ba60a92bb) Importer(815301076,1909f56bfc062723c751e8b465ee728b) (PreviewImporter) -> (artifact id: '00000000000000000000000000000000') in 0.000521542 seconds
Import Error Code:(4)
Message: Build asset version error: assets/scripts/minijuego 8/botonbatidora.cs in SourceAssetDB has modification time of '2026-07-15T16:18:20Z' while content on disk has modification time of '2026-07-15T16:19:55Z'
  ERROR: Build asset version error: assets/scripts/minijuego 8/botonbatidora.cs in SourceAssetDB has modification time of '2026-07-15T16:18:20Z' while content on disk has modification time of '2026-07-15T16:19:55Z'
Number of updated asset objects reloaded before import = 0Number of asset objects unloaded after import = 0

========================================================================
Received Import Request.
  Time since last request: 0.162201 seconds.
  path: Assets/Scripts/Minijuego 8/BotonBatidora.cs
  artifactKey: Guid(e91d731bbe11c4551a118c6ba60a92bb) Importer(815301076,1909f56bfc062723c751e8b465ee728b)
Start importing Assets/Scripts/Minijuego 8/BotonBatidora.cs using Guid(e91d731bbe11c4551a118c6ba60a92bb) Importer(815301076,1909f56bfc062723c751e8b465ee728b) (PreviewImporter) -> (artifact id: '00000000000000000000000000000000') in 0.000597292 seconds
Import Error Code:(4)
Message: Build asset version error: assets/scripts/minijuego 8/botonbatidora.cs in SourceAssetDB has modification time of '2026-07-15T16:18:20Z' while content on disk has modification time of '2026-07-15T16:19:55Z'
  ERROR: Build asset version error: assets/scripts/minijuego 8/botonbatidora.cs in SourceAssetDB has modification time of '2026-07-15T16:18:20Z' while content on disk has modification time of '2026-07-15T16:19:55Z'
Number of updated asset objects reloaded before import = 0Number of asset objects unloaded after import = 0

========================================================================
Received Import Request.
  Time since last request: 0.066121 seconds.
  path: Assets/Scripts/Minijuego 8/BotonBatidora.cs
  artifactKey: Guid(e91d731bbe11c4551a118c6ba60a92bb) Importer(815301076,1909f56bfc062723c751e8b465ee728b)
Start importing Assets/Scripts/Minijuego 8/BotonBatidora.cs using Guid(e91d731bbe11c4551a118c6ba60a92bb) Importer(815301076,1909f56bfc062723c751e8b465ee728b) (PreviewImporter) -> (artifact id: '00000000000000000000000000000000') in 0.000552708 seconds
Import Error Code:(4)
Message: Build asset version error: assets/scripts/minijuego 8/botonbatidora.cs in SourceAssetDB has modification time of '2026-07-15T16:18:20Z' while content on disk has modification time of '2026-07-15T16:19:55Z'
  ERROR: Build asset version error: assets/scripts/minijuego 8/botonbatidora.cs in SourceAssetDB has modification time of '2026-07-15T16:18:20Z' while content on disk has modification time of '2026-07-15T16:19:55Z'
Number of updated asset objects reloaded before import = 0Number of asset objects unloaded after import = 0

========================================================================
Received Import Request.
  Time since last request: 0.066183 seconds.
  path: Assets/Scripts/Minijuego 8/BotonBatidora.cs
  artifactKey: Guid(e91d731bbe11c4551a118c6ba60a92bb) Importer(815301076,1909f56bfc062723c751e8b465ee728b)
Start importing Assets/Scripts/Minijuego 8/BotonBatidora.cs using Guid(e91d731bbe11c4551a118c6ba60a92bb) Importer(815301076,1909f56bfc062723c751e8b465ee728b) (PreviewImporter) -> (artifact id: '00000000000000000000000000000000') in 0.000525708 seconds
Import Error Code:(4)
Message: Build asset version error: assets/scripts/minijuego 8/botonbatidora.cs in SourceAssetDB has modification time of '2026-07-15T16:18:20Z' while content on disk has modification time of '2026-07-15T16:19:55Z'
  ERROR: Build asset version error: assets/scripts/minijuego 8/botonbatidora.cs in SourceAssetDB has modification time of '2026-07-15T16:18:20Z' while content on disk has modification time of '2026-07-15T16:19:55Z'
Number of updated asset objects reloaded before import = 0Number of asset objects unloaded after import = 0

========================================================================
Received Import Request.
  Time since last request: 0.167986 seconds.
  path: Assets/Scripts/Minijuego 8/BotonBatidora.cs
  artifactKey: Guid(e91d731bbe11c4551a118c6ba60a92bb) Importer(815301076,1909f56bfc062723c751e8b465ee728b)
Start importing Assets/Scripts/Minijuego 8/BotonBatidora.cs using Guid(e91d731bbe11c4551a118c6ba60a92bb) Importer(815301076,1909f56bfc062723c751e8b465ee728b) (PreviewImporter) -> (artifact id: '00000000000000000000000000000000') in 0.000710959 seconds
Import Error Code:(4)
Message: Build asset version error: assets/scripts/minijuego 8/botonbatidora.cs in SourceAssetDB has modification time of '2026-07-15T16:18:20Z' while content on disk has modification time of '2026-07-15T16:19:55Z'
  ERROR: Build asset version error: assets/scripts/minijuego 8/botonbatidora.cs in SourceAssetDB has modification time of '2026-07-15T16:18:20Z' while content on disk has modification time of '2026-07-15T16:19:55Z'
Number of updated asset objects reloaded before import = 0Number of asset objects unloaded after import = 0

========================================================================
Received Import Request.
  Time since last request: 0.059163 seconds.
  path: Assets/Scripts/Minijuego 8/BotonBatidora.cs
  artifactKey: Guid(e91d731bbe11c4551a118c6ba60a92bb) Importer(815301076,1909f56bfc062723c751e8b465ee728b)
Start importing Assets/Scripts/Minijuego 8/BotonBatidora.cs using Guid(e91d731bbe11c4551a118c6ba60a92bb) Importer(815301076,1909f56bfc062723c751e8b465ee728b) (PreviewImporter) -> (artifact id: '00000000000000000000000000000000') in 0.000730041 seconds
Import Error Code:(4)
Message: Build asset version error: assets/scripts/minijuego 8/botonbatidora.cs in SourceAssetDB has modification time of '2026-07-15T16:18:20Z' while content on disk has modification time of '2026-07-15T16:19:55Z'
  ERROR: Build asset version error: assets/scripts/minijuego 8/botonbatidora.cs in SourceAssetDB has modification time of '2026-07-15T16:18:20Z' while content on disk has modification time of '2026-07-15T16:19:55Z'
Number of updated asset objects reloaded before import = 0Number of asset objects unloaded after import = 0

========================================================================
Received Import Request.
  Time since last request: 0.070991 seconds.
  path: Assets/Scripts/Minijuego 8/BotonBatidora.cs
  artifactKey: Guid(e91d731bbe11c4551a118c6ba60a92bb) Importer(815301076,1909f56bfc062723c751e8b465ee728b)
Start importing Assets/Scripts/Minijuego 8/BotonBatidora.cs using Guid(e91d731bbe11c4551a118c6ba60a92bb) Importer(815301076,1909f56bfc062723c751e8b465ee728b) (PreviewImporter) -> (artifact id: '00000000000000000000000000000000') in 0.00052375 seconds
Import Error Code:(4)
Message: Build asset version error: assets/scripts/minijuego 8/botonbatidora.cs in SourceAssetDB has modification time of '2026-07-15T16:18:20Z' while content on disk has modification time of '2026-07-15T16:19:55Z'
  ERROR: Build asset version error: assets/scripts/minijuego 8/botonbatidora.cs in SourceAssetDB has modification time of '2026-07-15T16:18:20Z' while content on disk has modification time of '2026-07-15T16:19:55Z'
Number of updated asset objects reloaded before import = 0Number of asset objects unloaded after import = 0

========================================================================
Received Import Request.
  Time since last request: 0.062107 seconds.
  path: Assets/Scripts/Minijuego 8/BotonBatidora.cs
  artifactKey: Guid(e91d731bbe11c4551a118c6ba60a92bb) Importer(815301076,1909f56bfc062723c751e8b465ee728b)
Start importing Assets/Scripts/Minijuego 8/BotonBatidora.cs using Guid(e91d731bbe11c4551a118c6ba60a92bb) Importer(815301076,1909f56bfc062723c751e8b465ee728b) (PreviewImporter) -> (artifact id: '00000000000000000000000000000000') in 0.000518917 seconds
Import Error Code:(4)
Message: Build asset version error: assets/scripts/minijuego 8/botonbatidora.cs in SourceAssetDB has modification time of '2026-07-15T16:18:20Z' while content on disk has modification time of '2026-07-15T16:19:55Z'
  ERROR: Build asset version error: assets/scripts/minijuego 8/botonbatidora.cs in SourceAssetDB has modification time of '2026-07-15T16:18:20Z' while content on disk has modification time of '2026-07-15T16:19:55Z'
Number of updated asset objects reloaded before import = 0Number of asset objects unloaded after import = 0

========================================================================
Received Import Request.
  Time since last request: 0.069805 seconds.
  path: Assets/Scripts/Minijuego 8/BotonBatidora.cs
  artifactKey: Guid(e91d731bbe11c4551a118c6ba60a92bb) Importer(815301076,1909f56bfc062723c751e8b465ee728b)
Start importing Assets/Scripts/Minijuego 8/BotonBatidora.cs using Guid(e91d731bbe11c4551a118c6ba60a92bb) Importer(815301076,1909f56bfc062723c751e8b465ee728b) (PreviewImporter) -> (artifact id: '00000000000000000000000000000000') in 0.000505708 seconds
Import Error Code:(4)
Message: Build asset version error: assets/scripts/minijuego 8/botonbatidora.cs in SourceAssetDB has modification time of '2026-07-15T16:18:20Z' while content on disk has modification time of '2026-07-15T16:19:55Z'
  ERROR: Build asset version error: assets/scripts/minijuego 8/botonbatidora.cs in SourceAssetDB has modification time of '2026-07-15T16:18:20Z' while content on disk has modification time of '2026-07-15T16:19:55Z'
Number of updated asset objects reloaded before import = 0Number of asset objects unloaded after import = 0

========================================================================
Received Import Request.
  Time since last request: 0.169427 seconds.
  path: Assets/Scripts/Minijuego 8/BotonBatidora.cs
  artifactKey: Guid(e91d731bbe11c4551a118c6ba60a92bb) Importer(815301076,1909f56bfc062723c751e8b465ee728b)
Start importing Assets/Scripts/Minijuego 8/BotonBatidora.cs using Guid(e91d731bbe11c4551a118c6ba60a92bb) Importer(815301076,1909f56bfc062723c751e8b465ee728b) (PreviewImporter) -> (artifact id: '00000000000000000000000000000000') in 0.000910708 seconds
Import Error Code:(4)
Message: Build asset version error: assets/scripts/minijuego 8/botonbatidora.cs in SourceAssetDB has modification time of '2026-07-15T16:18:20Z' while content on disk has modification time of '2026-07-15T16:19:56Z'
  ERROR: Build asset version error: assets/scripts/minijuego 8/botonbatidora.cs in SourceAssetDB has modification time of '2026-07-15T16:18:20Z' while content on disk has modification time of '2026-07-15T16:19:56Z'
Number of updated asset objects reloaded before import = 0Number of asset objects unloaded after import = 0

========================================================================
Received Import Request.
  Time since last request: 0.067033 seconds.
  path: Assets/Scripts/Minijuego 8/BotonBatidora.cs
  artifactKey: Guid(e91d731bbe11c4551a118c6ba60a92bb) Importer(815301076,1909f56bfc062723c751e8b465ee728b)
Start importing Assets/Scripts/Minijuego 8/BotonBatidora.cs using Guid(e91d731bbe11c4551a118c6ba60a92bb) Importer(815301076,1909f56bfc062723c751e8b465ee728b) (PreviewImporter) -> (artifact id: '00000000000000000000000000000000') in 0.000678084 seconds
Import Error Code:(4)
Message: Build asset version error: assets/scripts/minijuego 8/botonbatidora.cs in SourceAssetDB has modification time of '2026-07-15T16:18:20Z' while content on disk has modification time of '2026-07-15T16:19:56Z'
  ERROR: Build asset version error: assets/scripts/minijuego 8/botonbatidora.cs in SourceAssetDB has modification time of '2026-07-15T16:18:20Z' while content on disk has modification time of '2026-07-15T16:19:56Z'
Number of updated asset objects reloaded before import = 0Number of asset objects unloaded after import = 0

========================================================================
Received Import Request.
  Time since last request: 0.158192 seconds.
  path: Assets/Scripts/Minijuego 8/BotonBatidora.cs
  artifactKey: Guid(e91d731bbe11c4551a118c6ba60a92bb) Importer(815301076,1909f56bfc062723c751e8b465ee728b)
Start importing Assets/Scripts/Minijuego 8/BotonBatidora.cs using Guid(e91d731bbe11c4551a118c6ba60a92bb) Importer(815301076,1909f56bfc062723c751e8b465ee728b) (PreviewImporter) -> (artifact id: '00000000000000000000000000000000') in 0.000801709 seconds
Import Error Code:(4)
Message: Build asset version error: assets/scripts/minijuego 8/botonbatidora.cs in SourceAssetDB has modification time of '2026-07-15T16:18:20Z' while content on disk has modification time of '2026-07-15T16:19:56Z'
  ERROR: Build asset version error: assets/scripts/minijuego 8/botonbatidora.cs in SourceAssetDB has modification time of '2026-07-15T16:18:20Z' while content on disk has modification time of '2026-07-15T16:19:56Z'
Number of updated asset objects reloaded before import = 0Number of asset objects unloaded after import = 0

========================================================================
Received Import Request.
  Time since last request: 0.157233 seconds.
  path: Assets/Scripts/Minijuego 8/BotonBatidora.cs
  artifactKey: Guid(e91d731bbe11c4551a118c6ba60a92bb) Importer(815301076,1909f56bfc062723c751e8b465ee728b)
Start importing Assets/Scripts/Minijuego 8/BotonBatidora.cs using Guid(e91d731bbe11c4551a118c6ba60a92bb) Importer(815301076,1909f56bfc062723c751e8b465ee728b) (PreviewImporter) -> (artifact id: '00000000000000000000000000000000') in 0.000884125 seconds
Import Error Code:(4)
Message: Build asset version error: assets/scripts/minijuego 8/botonbatidora.cs in SourceAssetDB has modification time of '2026-07-15T16:18:20Z' while content on disk has modification time of '2026-07-15T16:19:56Z'
  ERROR: Build asset version error: assets/scripts/minijuego 8/botonbatidora.cs in SourceAssetDB has modification time of '2026-07-15T16:18:20Z' while content on disk has modification time of '2026-07-15T16:19:56Z'
Number of updated asset objects reloaded before import = 0Number of asset objects unloaded after import = 0

========================================================================
Received Import Request.
  Time since last request: 0.061739 seconds.
  path: Assets/Scripts/Minijuego 8/BotonBatidora.cs
  artifactKey: Guid(e91d731bbe11c4551a118c6ba60a92bb) Importer(815301076,1909f56bfc062723c751e8b465ee728b)
Start importing Assets/Scripts/Minijuego 8/BotonBatidora.cs using Guid(e91d731bbe11c4551a118c6ba60a92bb) Importer(815301076,1909f56bfc062723c751e8b465ee728b) (PreviewImporter) -> (artifact id: '00000000000000000000000000000000') in 0.000759125 seconds
Import Error Code:(4)
Message: Build asset version error: assets/scripts/minijuego 8/botonbatidora.cs in SourceAssetDB has modification time of '2026-07-15T16:18:20Z' while content on disk has modification time of '2026-07-15T16:19:56Z'
  ERROR: Build asset version error: assets/scripts/minijuego 8/botonbatidora.cs in SourceAssetDB has modification time of '2026-07-15T16:18:20Z' while content on disk has modification time of '2026-07-15T16:19:56Z'
Number of updated asset objects reloaded before import = 0Number of asset objects unloaded after import = 0

========================================================================
Received Import Request.
  Time since last request: 0.066987 seconds.
  path: Assets/Scripts/Minijuego 8/BotonBatidora.cs
  artifactKey: Guid(e91d731bbe11c4551a118c6ba60a92bb) Importer(815301076,1909f56bfc062723c751e8b465ee728b)
Start importing Assets/Scripts/Minijuego 8/BotonBatidora.cs using Guid(e91d731bbe11c4551a118c6ba60a92bb) Importer(815301076,1909f56bfc062723c751e8b465ee728b) (PreviewImporter) -> (artifact id: '00000000000000000000000000000000') in 0.000517834 seconds
Import Error Code:(4)
Message: Build asset version error: assets/scripts/minijuego 8/botonbatidora.cs in SourceAssetDB has modification time of '2026-07-15T16:18:20Z' while content on disk has modification time of '2026-07-15T16:19:56Z'
  ERROR: Build asset version error: assets/scripts/minijuego 8/botonbatidora.cs in SourceAssetDB has modification time of '2026-07-15T16:18:20Z' while content on disk has modification time of '2026-07-15T16:19:56Z'
Number of updated asset objects reloaded before import = 0Number of asset objects unloaded after import = 0

========================================================================
Received Import Request.
  Time since last request: 0.170448 seconds.
  path: Assets/Scripts/Minijuego 8/BotonBatidora.cs
  artifactKey: Guid(e91d731bbe11c4551a118c6ba60a92bb) Importer(815301076,1909f56bfc062723c751e8b465ee728b)
Start importing Assets/Scripts/Minijuego 8/BotonBatidora.cs using Guid(e91d731bbe11c4551a118c6ba60a92bb) Importer(815301076,1909f56bfc062723c751e8b465ee728b) (PreviewImporter) -> (artifact id: '00000000000000000000000000000000') in 0.000606042 seconds
Import Error Code:(4)
Message: Build asset version error: assets/scripts/minijuego 8/botonbatidora.cs in SourceAssetDB has modification time of '2026-07-15T16:18:20Z' while content on disk has modification time of '2026-07-15T16:19:56Z'
  ERROR: Build asset version error: assets/scripts/minijuego 8/botonbatidora.cs in SourceAssetDB has modification time of '2026-07-15T16:18:20Z' while content on disk has modification time of '2026-07-15T16:19:56Z'
Number of updated asset objects reloaded before import = 0Number of asset objects unloaded after import = 0

========================================================================
Received Import Request.
  Time since last request: 0.165243 seconds.
  path: Assets/Scripts/Minijuego 8/BotonBatidora.cs
  artifactKey: Guid(e91d731bbe11c4551a118c6ba60a92bb) Importer(815301076,1909f56bfc062723c751e8b465ee728b)
Start importing Assets/Scripts/Minijuego 8/BotonBatidora.cs using Guid(e91d731bbe11c4551a118c6ba60a92bb) Importer(815301076,1909f56bfc062723c751e8b465ee728b) (PreviewImporter) -> (artifact id: '00000000000000000000000000000000') in 0.000578958 seconds
Import Error Code:(4)
Message: Build asset version error: assets/scripts/minijuego 8/botonbatidora.cs in SourceAssetDB has modification time of '2026-07-15T16:18:20Z' while content on disk has modification time of '2026-07-15T16:19:56Z'
  ERROR: Build asset version error: assets/scripts/minijuego 8/botonbatidora.cs in SourceAssetDB has modification time of '2026-07-15T16:18:20Z' while content on disk has modification time of '2026-07-15T16:19:56Z'
Number of updated asset objects reloaded before import = 0Number of asset objects unloaded after import = 0

========================================================================
Received Import Request.
  Time since last request: 0.066827 seconds.
  path: Assets/Scripts/Minijuego 8/BotonBatidora.cs
  artifactKey: Guid(e91d731bbe11c4551a118c6ba60a92bb) Importer(815301076,1909f56bfc062723c751e8b465ee728b)
Start importing Assets/Scripts/Minijuego 8/BotonBatidora.cs using Guid(e91d731bbe11c4551a118c6ba60a92bb) Importer(815301076,1909f56bfc062723c751e8b465ee728b) (PreviewImporter) -> (artifact id: '00000000000000000000000000000000') in 0.000540292 seconds
Import Error Code:(4)
Message: Build asset version error: assets/scripts/minijuego 8/botonbatidora.cs in SourceAssetDB has modification time of '2026-07-15T16:18:20Z' while content on disk has modification time of '2026-07-15T16:19:56Z'
  ERROR: Build asset version error: assets/scripts/minijuego 8/botonbatidora.cs in SourceAssetDB has modification time of '2026-07-15T16:18:20Z' while content on disk has modification time of '2026-07-15T16:19:56Z'
Number of updated asset objects reloaded before import = 0Number of asset objects unloaded after import = 0

========================================================================
Received Import Request.
  Time since last request: 0.167927 seconds.
  path: Assets/Scripts/Minijuego 8/BotonBatidora.cs
  artifactKey: Guid(e91d731bbe11c4551a118c6ba60a92bb) Importer(815301076,1909f56bfc062723c751e8b465ee728b)
Start importing Assets/Scripts/Minijuego 8/BotonBatidora.cs using Guid(e91d731bbe11c4551a118c6ba60a92bb) Importer(815301076,1909f56bfc062723c751e8b465ee728b) (PreviewImporter) -> (artifact id: '00000000000000000000000000000000') in 0.000546833 seconds
Import Error Code:(4)
Message: Build asset version error: assets/scripts/minijuego 8/botonbatidora.cs in SourceAssetDB has modification time of '2026-07-15T16:18:20Z' while content on disk has modification time of '2026-07-15T16:19:56Z'
  ERROR: Build asset version error: assets/scripts/minijuego 8/botonbatidora.cs in SourceAssetDB has modification time of '2026-07-15T16:18:20Z' while content on disk has modification time of '2026-07-15T16:19:56Z'
Number of updated asset objects reloaded before import = 0Number of asset objects unloaded after import = 0

========================================================================
Received Import Request.
  Time since last request: 0.165751 seconds.
  path: Assets/Scripts/Minijuego 8/BotonBatidora.cs
  artifactKey: Guid(e91d731bbe11c4551a118c6ba60a92bb) Importer(815301076,1909f56bfc062723c751e8b465ee728b)
Start importing Assets/Scripts/Minijuego 8/BotonBatidora.cs using Guid(e91d731bbe11c4551a118c6ba60a92bb) Importer(815301076,1909f56bfc062723c751e8b465ee728b) (PreviewImporter) -> (artifact id: '00000000000000000000000000000000') in 0.00068225 seconds
Import Error Code:(4)
Message: Build asset version error: assets/scripts/minijuego 8/botonbatidora.cs in SourceAssetDB has modification time of '2026-07-15T16:18:20Z' while content on disk has modification time of '2026-07-15T16:19:56Z'
  ERROR: Build asset version error: assets/scripts/minijuego 8/botonbatidora.cs in SourceAssetDB has modification time of '2026-07-15T16:18:20Z' while content on disk has modification time of '2026-07-15T16:19:56Z'
Number of updated asset objects reloaded before import = 0Number of asset objects unloaded after import = 0

========================================================================
Received Import Request.
  Time since last request: 0.064128 seconds.
  path: Assets/Scripts/Minijuego 8/BotonBatidora.cs
  artifactKey: Guid(e91d731bbe11c4551a118c6ba60a92bb) Importer(815301076,1909f56bfc062723c751e8b465ee728b)
Start importing Assets/Scripts/Minijuego 8/BotonBatidora.cs using Guid(e91d731bbe11c4551a118c6ba60a92bb) Importer(815301076,1909f56bfc062723c751e8b465ee728b) (PreviewImporter) -> (artifact id: '00000000000000000000000000000000') in 0.000562542 seconds
Import Error Code:(4)
Message: Build asset version error: assets/scripts/minijuego 8/botonbatidora.cs in SourceAssetDB has modification time of '2026-07-15T16:18:20Z' while content on disk has modification time of '2026-07-15T16:19:56Z'
  ERROR: Build asset version error: assets/scripts/minijuego 8/botonbatidora.cs in SourceAssetDB has modification time of '2026-07-15T16:18:20Z' while content on disk has modification time of '2026-07-15T16:19:56Z'
Number of updated asset objects reloaded before import = 0Number of asset objects unloaded after import = 0

========================================================================
Received Import Request.
  Time since last request: 0.065239 seconds.
  path: Assets/Scripts/Minijuego 8/BotonBatidora.cs
  artifactKey: Guid(e91d731bbe11c4551a118c6ba60a92bb) Importer(815301076,1909f56bfc062723c751e8b465ee728b)
Start importing Assets/Scripts/Minijuego 8/BotonBatidora.cs using Guid(e91d731bbe11c4551a118c6ba60a92bb) Importer(815301076,1909f56bfc062723c751e8b465ee728b) (PreviewImporter) -> (artifact id: '00000000000000000000000000000000') in 0.000594833 seconds
Import Error Code:(4)
Message: Build asset version error: assets/scripts/minijuego 8/botonbatidora.cs in SourceAssetDB has modification time of '2026-07-15T16:18:20Z' while content on disk has modification time of '2026-07-15T16:19:56Z'
  ERROR: Build asset version error: assets/scripts/minijuego 8/botonbatidora.cs in SourceAssetDB has modification time of '2026-07-15T16:18:20Z' while content on disk has modification time of '2026-07-15T16:19:56Z'
Number of updated asset objects reloaded before import = 0Number of asset objects unloaded after import = 0

========================================================================
Received Import Request.
  Time since last request: 0.060853 seconds.
  path: Assets/Scripts/Minijuego 8/BotonBatidora.cs
  artifactKey: Guid(e91d731bbe11c4551a118c6ba60a92bb) Importer(815301076,1909f56bfc062723c751e8b465ee728b)
Start importing Assets/Scripts/Minijuego 8/BotonBatidora.cs using Guid(e91d731bbe11c4551a118c6ba60a92bb) Importer(815301076,1909f56bfc062723c751e8b465ee728b) (PreviewImporter) -> (artifact id: '00000000000000000000000000000000') in 0.000587417 seconds
Import Error Code:(4)
Message: Build asset version error: assets/scripts/minijuego 8/botonbatidora.cs in SourceAssetDB has modification time of '2026-07-15T16:18:20Z' while content on disk has modification time of '2026-07-15T16:19:56Z'
  ERROR: Build asset version error: assets/scripts/minijuego 8/botonbatidora.cs in SourceAssetDB has modification time of '2026-07-15T16:18:20Z' while content on disk has modification time of '2026-07-15T16:19:56Z'
Number of updated asset objects reloaded before import = 0Number of asset objects unloaded after import = 0

========================================================================
Received Import Request.
  Time since last request: 0.169735 seconds.
  path: Assets/Scripts/Minijuego 8/BotonBatidora.cs
  artifactKey: Guid(e91d731bbe11c4551a118c6ba60a92bb) Importer(815301076,1909f56bfc062723c751e8b465ee728b)
Start importing Assets/Scripts/Minijuego 8/BotonBatidora.cs using Guid(e91d731bbe11c4551a118c6ba60a92bb) Importer(815301076,1909f56bfc062723c751e8b465ee728b) (PreviewImporter) -> (artifact id: '00000000000000000000000000000000') in 0.000531916 seconds
Import Error Code:(4)
Message: Build asset version error: assets/scripts/minijuego 8/botonbatidora.cs in SourceAssetDB has modification time of '2026-07-15T16:18:20Z' while content on disk has modification time of '2026-07-15T16:19:58Z'
  ERROR: Build asset version error: assets/scripts/minijuego 8/botonbatidora.cs in SourceAssetDB has modification time of '2026-07-15T16:18:20Z' while content on disk has modification time of '2026-07-15T16:19:58Z'
Number of updated asset objects reloaded before import = 0Number of asset objects unloaded after import = 0

========================================================================
Received Import Request.
  Time since last request: 0.062750 seconds.
  path: Assets/Scripts/Minijuego 8/BotonBatidora.cs
  artifactKey: Guid(e91d731bbe11c4551a118c6ba60a92bb) Importer(815301076,1909f56bfc062723c751e8b465ee728b)
Start importing Assets/Scripts/Minijuego 8/BotonBatidora.cs using Guid(e91d731bbe11c4551a118c6ba60a92bb) Importer(815301076,1909f56bfc062723c751e8b465ee728b) (PreviewImporter) -> (artifact id: '00000000000000000000000000000000') in 0.000581083 seconds
Import Error Code:(4)
Message: Build asset version error: assets/scripts/minijuego 8/botonbatidora.cs in SourceAssetDB has modification time of '2026-07-15T16:18:20Z' while content on disk has modification time of '2026-07-15T16:19:58Z'
  ERROR: Build asset version error: assets/scripts/minijuego 8/botonbatidora.cs in SourceAssetDB has modification time of '2026-07-15T16:18:20Z' while content on disk has modification time of '2026-07-15T16:19:58Z'
Number of updated asset objects reloaded before import = 0Number of asset objects unloaded after import = 0

========================================================================
Received Import Request.
  Time since last request: 0.174704 seconds.
  path: Assets/Scripts/Minijuego 8/BotonBatidora.cs
  artifactKey: Guid(e91d731bbe11c4551a118c6ba60a92bb) Importer(815301076,1909f56bfc062723c751e8b465ee728b)
Start importing Assets/Scripts/Minijuego 8/BotonBatidora.cs using Guid(e91d731bbe11c4551a118c6ba60a92bb) Importer(815301076,1909f56bfc062723c751e8b465ee728b) (PreviewImporter) -> (artifact id: '00000000000000000000000000000000') in 0.000498208 seconds
Import Error Code:(4)
Message: Build asset version error: assets/scripts/minijuego 8/botonbatidora.cs in SourceAssetDB has modification time of '2026-07-15T16:18:20Z' while content on disk has modification time of '2026-07-15T16:19:58Z'
  ERROR: Build asset version error: assets/scripts/minijuego 8/botonbatidora.cs in SourceAssetDB has modification time of '2026-07-15T16:18:20Z' while content on disk has modification time of '2026-07-15T16:19:58Z'
Number of updated asset objects reloaded before import = 0Number of asset objects unloaded after import = 0

========================================================================
Received Import Request.
  Time since last request: 0.163696 seconds.
  path: Assets/Scripts/Minijuego 8/BotonBatidora.cs
  artifactKey: Guid(e91d731bbe11c4551a118c6ba60a92bb) Importer(815301076,1909f56bfc062723c751e8b465ee728b)
Start importing Assets/Scripts/Minijuego 8/BotonBatidora.cs using Guid(e91d731bbe11c4551a118c6ba60a92bb) Importer(815301076,1909f56bfc062723c751e8b465ee728b) (PreviewImporter) -> (artifact id: '00000000000000000000000000000000') in 0.000542208 seconds
Import Error Code:(4)
Message: Build asset version error: assets/scripts/minijuego 8/botonbatidora.cs in SourceAssetDB has modification time of '2026-07-15T16:18:20Z' while content on disk has modification time of '2026-07-15T16:19:58Z'
  ERROR: Build asset version error: assets/scripts/minijuego 8/botonbatidora.cs in SourceAssetDB has modification time of '2026-07-15T16:18:20Z' while content on disk has modification time of '2026-07-15T16:19:58Z'
Number of updated asset objects reloaded before import = 0Number of asset objects unloaded after import = 0

========================================================================
Received Import Request.
  Time since last request: 0.164082 seconds.
  path: Assets/Scripts/Minijuego 8/BotonBatidora.cs
  artifactKey: Guid(e91d731bbe11c4551a118c6ba60a92bb) Importer(815301076,1909f56bfc062723c751e8b465ee728b)
Start importing Assets/Scripts/Minijuego 8/BotonBatidora.cs using Guid(e91d731bbe11c4551a118c6ba60a92bb) Importer(815301076,1909f56bfc062723c751e8b465ee728b) (PreviewImporter) -> (artifact id: '00000000000000000000000000000000') in 0.000633042 seconds
Import Error Code:(4)
Message: Build asset version error: assets/scripts/minijuego 8/botonbatidora.cs in SourceAssetDB has modification time of '2026-07-15T16:18:20Z' while content on disk has modification time of '2026-07-15T16:19:58Z'
  ERROR: Build asset version error: assets/scripts/minijuego 8/botonbatidora.cs in SourceAssetDB has modification time of '2026-07-15T16:18:20Z' while content on disk has modification time of '2026-07-15T16:19:58Z'
Number of updated asset objects reloaded before import = 0Number of asset objects unloaded after import = 0

========================================================================
Received Import Request.
  Time since last request: 0.157138 seconds.
  path: Assets/Scripts/Minijuego 8/BotonBatidora.cs
  artifactKey: Guid(e91d731bbe11c4551a118c6ba60a92bb) Importer(815301076,1909f56bfc062723c751e8b465ee728b)
Start importing Assets/Scripts/Minijuego 8/BotonBatidora.cs using Guid(e91d731bbe11c4551a118c6ba60a92bb) Importer(815301076,1909f56bfc062723c751e8b465ee728b) (PreviewImporter) -> (artifact id: '00000000000000000000000000000000') in 0.000534542 seconds
Import Error Code:(4)
Message: Build asset version error: assets/scripts/minijuego 8/botonbatidora.cs in SourceAssetDB has modification time of '2026-07-15T16:18:20Z' while content on disk has modification time of '2026-07-15T16:19:58Z'
  ERROR: Build asset version error: assets/scripts/minijuego 8/botonbatidora.cs in SourceAssetDB has modification time of '2026-07-15T16:18:20Z' while content on disk has modification time of '2026-07-15T16:19:58Z'
Number of updated asset objects reloaded before import = 0Number of asset objects unloaded after import = 0

========================================================================
Received Import Request.
  Time since last request: 0.067506 seconds.
  path: Assets/Scripts/Minijuego 8/BotonBatidora.cs
  artifactKey: Guid(e91d731bbe11c4551a118c6ba60a92bb) Importer(815301076,1909f56bfc062723c751e8b465ee728b)
Start importing Assets/Scripts/Minijuego 8/BotonBatidora.cs using Guid(e91d731bbe11c4551a118c6ba60a92bb) Importer(815301076,1909f56bfc062723c751e8b465ee728b) (PreviewImporter) -> (artifact id: '00000000000000000000000000000000') in 0.000689792 seconds
Import Error Code:(4)
Message: Build asset version error: assets/scripts/minijuego 8/botonbatidora.cs in SourceAssetDB has modification time of '2026-07-15T16:18:20Z' while content on disk has modification time of '2026-07-15T16:19:58Z'
  ERROR: Build asset version error: assets/scripts/minijuego 8/botonbatidora.cs in SourceAssetDB has modification time of '2026-07-15T16:18:20Z' while content on disk has modification time of '2026-07-15T16:19:58Z'
Number of updated asset objects reloaded before import = 0Number of asset objects unloaded after import = 0

========================================================================
Received Import Request.
  Time since last request: 0.058328 seconds.
  path: Assets/Scripts/Minijuego 8/BotonBatidora.cs
  artifactKey: Guid(e91d731bbe11c4551a118c6ba60a92bb) Importer(815301076,1909f56bfc062723c751e8b465ee728b)
Start importing Assets/Scripts/Minijuego 8/BotonBatidora.cs using Guid(e91d731bbe11c4551a118c6ba60a92bb) Importer(815301076,1909f56bfc062723c751e8b465ee728b) (PreviewImporter) -> (artifact id: '00000000000000000000000000000000') in 0.00078725 seconds
Import Error Code:(4)
Message: Build asset version error: assets/scripts/minijuego 8/botonbatidora.cs in SourceAssetDB has modification time of '2026-07-15T16:18:20Z' while content on disk has modification time of '2026-07-15T16:19:58Z'
  ERROR: Build asset version error: assets/scripts/minijuego 8/botonbatidora.cs in SourceAssetDB has modification time of '2026-07-15T16:18:20Z' while content on disk has modification time of '2026-07-15T16:19:58Z'
Number of updated asset objects reloaded before import = 0Number of asset objects unloaded after import = 0

========================================================================
Received Import Request.
  Time since last request: 0.177892 seconds.
  path: Assets/Scripts/Minijuego 8/BotonBatidora.cs
  artifactKey: Guid(e91d731bbe11c4551a118c6ba60a92bb) Importer(815301076,1909f56bfc062723c751e8b465ee728b)
Start importing Assets/Scripts/Minijuego 8/BotonBatidora.cs using Guid(e91d731bbe11c4551a118c6ba60a92bb) Importer(815301076,1909f56bfc062723c751e8b465ee728b) (PreviewImporter) -> (artifact id: '00000000000000000000000000000000') in 0.000554584 seconds
Import Error Code:(4)
Message: Build asset version error: assets/scripts/minijuego 8/botonbatidora.cs in SourceAssetDB has modification time of '2026-07-15T16:18:20Z' while content on disk has modification time of '2026-07-15T16:19:58Z'
  ERROR: Build asset version error: assets/scripts/minijuego 8/botonbatidora.cs in SourceAssetDB has modification time of '2026-07-15T16:18:20Z' while content on disk has modification time of '2026-07-15T16:19:58Z'
Number of updated asset objects reloaded before import = 0Number of asset objects unloaded after import = 0

========================================================================
Received Import Request.
  Time since last request: 0.162628 seconds.
  path: Assets/Scripts/Minijuego 8/BotonBatidora.cs
  artifactKey: Guid(e91d731bbe11c4551a118c6ba60a92bb) Importer(815301076,1909f56bfc062723c751e8b465ee728b)
Start importing Assets/Scripts/Minijuego 8/BotonBatidora.cs using Guid(e91d731bbe11c4551a118c6ba60a92bb) Importer(815301076,1909f56bfc062723c751e8b465ee728b) (PreviewImporter) -> (artifact id: '00000000000000000000000000000000') in 0.000767916 seconds
Import Error Code:(4)
Message: Build asset version error: assets/scripts/minijuego 8/botonbatidora.cs in SourceAssetDB has modification time of '2026-07-15T16:18:20Z' while content on disk has modification time of '2026-07-15T16:20:00Z'
  ERROR: Build asset version error: assets/scripts/minijuego 8/botonbatidora.cs in SourceAssetDB has modification time of '2026-07-15T16:18:20Z' while content on disk has modification time of '2026-07-15T16:20:00Z'
Number of updated asset objects reloaded before import = 0Number of asset objects unloaded after import = 0

========================================================================
Received Import Request.
  Time since last request: 0.153905 seconds.
  path: Assets/Scripts/Minijuego 8/BotonBatidora.cs
  artifactKey: Guid(e91d731bbe11c4551a118c6ba60a92bb) Importer(815301076,1909f56bfc062723c751e8b465ee728b)
Start importing Assets/Scripts/Minijuego 8/BotonBatidora.cs using Guid(e91d731bbe11c4551a118c6ba60a92bb) Importer(815301076,1909f56bfc062723c751e8b465ee728b) (PreviewImporter) -> (artifact id: '00000000000000000000000000000000') in 0.000802125 seconds
Import Error Code:(4)
Message: Build asset version error: assets/scripts/minijuego 8/botonbatidora.cs in SourceAssetDB has modification time of '2026-07-15T16:18:20Z' while content on disk has modification time of '2026-07-15T16:20:00Z'
  ERROR: Build asset version error: assets/scripts/minijuego 8/botonbatidora.cs in SourceAssetDB has modification time of '2026-07-15T16:18:20Z' while content on disk has modification time of '2026-07-15T16:20:00Z'
Number of updated asset objects reloaded before import = 0Number of asset objects unloaded after import = 0

========================================================================
Received Import Request.
  Time since last request: 0.159438 seconds.
  path: Assets/Scripts/Minijuego 8/BotonBatidora.cs
  artifactKey: Guid(e91d731bbe11c4551a118c6ba60a92bb) Importer(815301076,1909f56bfc062723c751e8b465ee728b)
Start importing Assets/Scripts/Minijuego 8/BotonBatidora.cs using Guid(e91d731bbe11c4551a118c6ba60a92bb) Importer(815301076,1909f56bfc062723c751e8b465ee728b) (PreviewImporter) -> (artifact id: '00000000000000000000000000000000') in 0.000552292 seconds
Import Error Code:(4)
Message: Build asset version error: assets/scripts/minijuego 8/botonbatidora.cs in SourceAssetDB has modification time of '2026-07-15T16:18:20Z' while content on disk has modification time of '2026-07-15T16:20:00Z'
  ERROR: Build asset version error: assets/scripts/minijuego 8/botonbatidora.cs in SourceAssetDB has modification time of '2026-07-15T16:18:20Z' while content on disk has modification time of '2026-07-15T16:20:00Z'
Number of updated asset objects reloaded before import = 0Number of asset objects unloaded after import = 0

========================================================================
Received Import Request.
  Time since last request: 0.061574 seconds.
  path: Assets/Scripts/Minijuego 8/BotonBatidora.cs
  artifactKey: Guid(e91d731bbe11c4551a118c6ba60a92bb) Importer(815301076,1909f56bfc062723c751e8b465ee728b)
Start importing Assets/Scripts/Minijuego 8/BotonBatidora.cs using Guid(e91d731bbe11c4551a118c6ba60a92bb) Importer(815301076,1909f56bfc062723c751e8b465ee728b) (PreviewImporter) -> (artifact id: '00000000000000000000000000000000') in 0.000567541 seconds
Import Error Code:(4)
Message: Build asset version error: assets/scripts/minijuego 8/botonbatidora.cs in SourceAssetDB has modification time of '2026-07-15T16:18:20Z' while content on disk has modification time of '2026-07-15T16:20:00Z'
  ERROR: Build asset version error: assets/scripts/minijuego 8/botonbatidora.cs in SourceAssetDB has modification time of '2026-07-15T16:18:20Z' while content on disk has modification time of '2026-07-15T16:20:00Z'
Number of updated asset objects reloaded before import = 0Number of asset objects unloaded after import = 0

========================================================================
Received Import Request.
  Time since last request: 0.160786 seconds.
  path: Assets/Scripts/Minijuego 8/BotonBatidora.cs
  artifactKey: Guid(e91d731bbe11c4551a118c6ba60a92bb) Importer(815301076,1909f56bfc062723c751e8b465ee728b)
Start importing Assets/Scripts/Minijuego 8/BotonBatidora.cs using Guid(e91d731bbe11c4551a118c6ba60a92bb) Importer(815301076,1909f56bfc062723c751e8b465ee728b) (PreviewImporter) -> (artifact id: '00000000000000000000000000000000') in 0.000834334 seconds
Import Error Code:(4)
Message: Build asset version error: assets/scripts/minijuego 8/botonbatidora.cs in SourceAssetDB has modification time of '2026-07-15T16:18:20Z' while content on disk has modification time of '2026-07-15T16:20:00Z'
  ERROR: Build asset version error: assets/scripts/minijuego 8/botonbatidora.cs in SourceAssetDB has modification time of '2026-07-15T16:18:20Z' while content on disk has modification time of '2026-07-15T16:20:00Z'
Number of updated asset objects reloaded before import = 0Number of asset objects unloaded after import = 0

========================================================================
Received Import Request.
  Time since last request: 0.054273 seconds.
  path: Assets/Scripts/Minijuego 8/BotonBatidora.cs
  artifactKey: Guid(e91d731bbe11c4551a118c6ba60a92bb) Importer(815301076,1909f56bfc062723c751e8b465ee728b)
Start importing Assets/Scripts/Minijuego 8/BotonBatidora.cs using Guid(e91d731bbe11c4551a118c6ba60a92bb) Importer(815301076,1909f56bfc062723c751e8b465ee728b) (PreviewImporter) -> (artifact id: '00000000000000000000000000000000') in 0.000860083 seconds
Import Error Code:(4)
Message: Build asset version error: assets/scripts/minijuego 8/botonbatidora.cs in SourceAssetDB has modification time of '2026-07-15T16:18:20Z' while content on disk has modification time of '2026-07-15T16:20:00Z'
  ERROR: Build asset version error: assets/scripts/minijuego 8/botonbatidora.cs in SourceAssetDB has modification time of '2026-07-15T16:18:20Z' while content on disk has modification time of '2026-07-15T16:20:00Z'
Number of updated asset objects reloaded before import = 0Number of asset objects unloaded after import = 0

========================================================================
Received Import Request.
  Time since last request: 0.165215 seconds.
  path: Assets/Scripts/Minijuego 8/BotonBatidora.cs
  artifactKey: Guid(e91d731bbe11c4551a118c6ba60a92bb) Importer(815301076,1909f56bfc062723c751e8b465ee728b)
Start importing Assets/Scripts/Minijuego 8/BotonBatidora.cs using Guid(e91d731bbe11c4551a118c6ba60a92bb) Importer(815301076,1909f56bfc062723c751e8b465ee728b) (PreviewImporter) -> (artifact id: '00000000000000000000000000000000') in 0.00064225 seconds
Import Error Code:(4)
Message: Build asset version error: assets/scripts/minijuego 8/botonbatidora.cs in SourceAssetDB has modification time of '2026-07-15T16:18:20Z' while content on disk has modification time of '2026-07-15T16:20:00Z'
  ERROR: Build asset version error: assets/scripts/minijuego 8/botonbatidora.cs in SourceAssetDB has modification time of '2026-07-15T16:18:20Z' while content on disk has modification time of '2026-07-15T16:20:00Z'
Number of updated asset objects reloaded before import = 0Number of asset objects unloaded after import = 0

========================================================================
Received Import Request.
  Time since last request: 0.156372 seconds.
  path: Assets/Scripts/Minijuego 8/BotonBatidora.cs
  artifactKey: Guid(e91d731bbe11c4551a118c6ba60a92bb) Importer(815301076,1909f56bfc062723c751e8b465ee728b)
Start importing Assets/Scripts/Minijuego 8/BotonBatidora.cs using Guid(e91d731bbe11c4551a118c6ba60a92bb) Importer(815301076,1909f56bfc062723c751e8b465ee728b) (PreviewImporter) -> (artifact id: '00000000000000000000000000000000') in 0.000788084 seconds
Import Error Code:(4)
Message: Build asset version error: assets/scripts/minijuego 8/botonbatidora.cs in SourceAssetDB has modification time of '2026-07-15T16:18:20Z' while content on disk has modification time of '2026-07-15T16:20:00Z'
  ERROR: Build asset version error: assets/scripts/minijuego 8/botonbatidora.cs in SourceAssetDB has modification time of '2026-07-15T16:18:20Z' while content on disk has modification time of '2026-07-15T16:20:00Z'
Number of updated asset objects reloaded before import = 0Number of asset objects unloaded after import = 0

========================================================================
Received Import Request.
  Time since last request: 0.058778 seconds.
  path: Assets/Scripts/Minijuego 8/BotonBatidora.cs
  artifactKey: Guid(e91d731bbe11c4551a118c6ba60a92bb) Importer(815301076,1909f56bfc062723c751e8b465ee728b)
Start importing Assets/Scripts/Minijuego 8/BotonBatidora.cs using Guid(e91d731bbe11c4551a118c6ba60a92bb) Importer(815301076,1909f56bfc062723c751e8b465ee728b) (PreviewImporter) -> (artifact id: '00000000000000000000000000000000') in 0.000532542 seconds
Import Error Code:(4)
Message: Build asset version error: assets/scripts/minijuego 8/botonbatidora.cs in SourceAssetDB has modification time of '2026-07-15T16:18:20Z' while content on disk has modification time of '2026-07-15T16:20:00Z'
  ERROR: Build asset version error: assets/scripts/minijuego 8/botonbatidora.cs in SourceAssetDB has modification time of '2026-07-15T16:18:20Z' while content on disk has modification time of '2026-07-15T16:20:00Z'
Number of updated asset objects reloaded before import = 0Number of asset objects unloaded after import = 0

========================================================================
Received Import Request.
  Time since last request: 0.162424 seconds.
  path: Assets/Scripts/Minijuego 8/BotonBatidora.cs
  artifactKey: Guid(e91d731bbe11c4551a118c6ba60a92bb) Importer(815301076,1909f56bfc062723c751e8b465ee728b)
Start importing Assets/Scripts/Minijuego 8/BotonBatidora.cs using Guid(e91d731bbe11c4551a118c6ba60a92bb) Importer(815301076,1909f56bfc062723c751e8b465ee728b) (PreviewImporter) -> (artifact id: '00000000000000000000000000000000') in 0.000867583 seconds
Import Error Code:(4)
Message: Build asset version error: assets/scripts/minijuego 8/botonbatidora.cs in SourceAssetDB has modification time of '2026-07-15T16:18:20Z' while content on disk has modification time of '2026-07-15T16:20:00Z'
  ERROR: Build asset version error: assets/scripts/minijuego 8/botonbatidora.cs in SourceAssetDB has modification time of '2026-07-15T16:18:20Z' while content on disk has modification time of '2026-07-15T16:20:00Z'
Number of updated asset objects reloaded before import = 0Number of asset objects unloaded after import = 0

========================================================================
Received Import Request.
  Time since last request: 0.065332 seconds.
  path: Assets/Scripts/Minijuego 8/BotonBatidora.cs
  artifactKey: Guid(e91d731bbe11c4551a118c6ba60a92bb) Importer(815301076,1909f56bfc062723c751e8b465ee728b)
Start importing Assets/Scripts/Minijuego 8/BotonBatidora.cs using Guid(e91d731bbe11c4551a118c6ba60a92bb) Importer(815301076,1909f56bfc062723c751e8b465ee728b) (PreviewImporter) -> (artifact id: '00000000000000000000000000000000') in 0.000591291 seconds
Import Error Code:(4)
Message: Build asset version error: assets/scripts/minijuego 8/botonbatidora.cs in SourceAssetDB has modification time of '2026-07-15T16:18:20Z' while content on disk has modification time of '2026-07-15T16:20:00Z'
  ERROR: Build asset version error: assets/scripts/minijuego 8/botonbatidora.cs in SourceAssetDB has modification time of '2026-07-15T16:18:20Z' while content on disk has modification time of '2026-07-15T16:20:00Z'
Number of updated asset objects reloaded before import = 0Number of asset objects unloaded after import = 0

========================================================================
Received Import Request.
  Time since last request: 0.165709 seconds.
  path: Assets/Scripts/Minijuego 8/BotonBatidora.cs
  artifactKey: Guid(e91d731bbe11c4551a118c6ba60a92bb) Importer(815301076,1909f56bfc062723c751e8b465ee728b)
Start importing Assets/Scripts/Minijuego 8/BotonBatidora.cs using Guid(e91d731bbe11c4551a118c6ba60a92bb) Importer(815301076,1909f56bfc062723c751e8b465ee728b) (PreviewImporter) -> (artifact id: '00000000000000000000000000000000') in 0.000612958 seconds
Import Error Code:(4)
Message: Build asset version error: assets/scripts/minijuego 8/botonbatidora.cs in SourceAssetDB has modification time of '2026-07-15T16:18:20Z' while content on disk has modification time of '2026-07-15T16:20:00Z'
  ERROR: Build asset version error: assets/scripts/minijuego 8/botonbatidora.cs in SourceAssetDB has modification time of '2026-07-15T16:18:20Z' while content on disk has modification time of '2026-07-15T16:20:00Z'
Number of updated asset objects reloaded before import = 0Number of asset objects unloaded after import = 0

========================================================================
Received Import Request.
  Time since last request: 0.161415 seconds.
  path: Assets/Scripts/Minijuego 8/BotonBatidora.cs
  artifactKey: Guid(e91d731bbe11c4551a118c6ba60a92bb) Importer(815301076,1909f56bfc062723c751e8b465ee728b)
Start importing Assets/Scripts/Minijuego 8/BotonBatidora.cs using Guid(e91d731bbe11c4551a118c6ba60a92bb) Importer(815301076,1909f56bfc062723c751e8b465ee728b) (PreviewImporter) -> (artifact id: '00000000000000000000000000000000') in 0.000677458 seconds
Import Error Code:(4)
Message: Build asset version error: assets/scripts/minijuego 8/botonbatidora.cs in SourceAssetDB has modification time of '2026-07-15T16:18:20Z' while content on disk has modification time of '2026-07-15T16:20:00Z'
  ERROR: Build asset version error: assets/scripts/minijuego 8/botonbatidora.cs in SourceAssetDB has modification time of '2026-07-15T16:18:20Z' while content on disk has modification time of '2026-07-15T16:20:00Z'
Number of updated asset objects reloaded before import = 0Number of asset objects unloaded after import = 0

========================================================================
Received Import Request.
  Time since last request: 0.158601 seconds.
  path: Assets/Scripts/Minijuego 8/BotonBatidora.cs
  artifactKey: Guid(e91d731bbe11c4551a118c6ba60a92bb) Importer(815301076,1909f56bfc062723c751e8b465ee728b)
Start importing Assets/Scripts/Minijuego 8/BotonBatidora.cs using Guid(e91d731bbe11c4551a118c6ba60a92bb) Importer(815301076,1909f56bfc062723c751e8b465ee728b) (PreviewImporter) -> (artifact id: '00000000000000000000000000000000') in 0.000582541 seconds
Import Error Code:(4)
Message: Build asset version error: assets/scripts/minijuego 8/botonbatidora.cs in SourceAssetDB has modification time of '2026-07-15T16:18:20Z' while content on disk has modification time of '2026-07-15T16:20:00Z'
  ERROR: Build asset version error: assets/scripts/minijuego 8/botonbatidora.cs in SourceAssetDB has modification time of '2026-07-15T16:18:20Z' while content on disk has modification time of '2026-07-15T16:20:00Z'
Number of updated asset objects reloaded before import = 0Number of asset objects unloaded after import = 0

========================================================================
Received Import Request.
  Time since last request: 0.060883 seconds.
  path: Assets/Scripts/Minijuego 8/BotonBatidora.cs
  artifactKey: Guid(e91d731bbe11c4551a118c6ba60a92bb) Importer(815301076,1909f56bfc062723c751e8b465ee728b)
Start importing Assets/Scripts/Minijuego 8/BotonBatidora.cs using Guid(e91d731bbe11c4551a118c6ba60a92bb) Importer(815301076,1909f56bfc062723c751e8b465ee728b) (PreviewImporter) -> (artifact id: '00000000000000000000000000000000') in 0.00073225 seconds
Import Error Code:(4)
Message: Build asset version error: assets/scripts/minijuego 8/botonbatidora.cs in SourceAssetDB has modification time of '2026-07-15T16:18:20Z' while content on disk has modification time of '2026-07-15T16:20:00Z'
  ERROR: Build asset version error: assets/scripts/minijuego 8/botonbatidora.cs in SourceAssetDB has modification time of '2026-07-15T16:18:20Z' while content on disk has modification time of '2026-07-15T16:20:00Z'
Number of updated asset objects reloaded before import = 0Number of asset objects unloaded after import = 0

========================================================================
Received Import Request.
  Time since last request: 0.162949 seconds.
  path: Assets/Scripts/Minijuego 8/BotonBatidora.cs
  artifactKey: Guid(e91d731bbe11c4551a118c6ba60a92bb) Importer(815301076,1909f56bfc062723c751e8b465ee728b)
Start importing Assets/Scripts/Minijuego 8/BotonBatidora.cs using Guid(e91d731bbe11c4551a118c6ba60a92bb) Importer(815301076,1909f56bfc062723c751e8b465ee728b) (PreviewImporter) -> (artifact id: '00000000000000000000000000000000') in 0.000630167 seconds
Import Error Code:(4)
Message: Build asset version error: assets/scripts/minijuego 8/botonbatidora.cs in SourceAssetDB has modification time of '2026-07-15T16:18:20Z' while content on disk has modification time of '2026-07-15T16:20:00Z'
  ERROR: Build asset version error: assets/scripts/minijuego 8/botonbatidora.cs in SourceAssetDB has modification time of '2026-07-15T16:18:20Z' while content on disk has modification time of '2026-07-15T16:20:00Z'
Number of updated asset objects reloaded before import = 0Number of asset objects unloaded after import = 0

========================================================================
Received Import Request.
  Time since last request: 0.060268 seconds.
  path: Assets/Scripts/Minijuego 8/BotonBatidora.cs
  artifactKey: Guid(e91d731bbe11c4551a118c6ba60a92bb) Importer(815301076,1909f56bfc062723c751e8b465ee728b)
Start importing Assets/Scripts/Minijuego 8/BotonBatidora.cs using Guid(e91d731bbe11c4551a118c6ba60a92bb) Importer(815301076,1909f56bfc062723c751e8b465ee728b) (PreviewImporter) -> (artifact id: '00000000000000000000000000000000') in 0.000553584 seconds
Import Error Code:(4)
Message: Build asset version error: assets/scripts/minijuego 8/botonbatidora.cs in SourceAssetDB has modification time of '2026-07-15T16:18:20Z' while content on disk has modification time of '2026-07-15T16:20:00Z'
  ERROR: Build asset version error: assets/scripts/minijuego 8/botonbatidora.cs in SourceAssetDB has modification time of '2026-07-15T16:18:20Z' while content on disk has modification time of '2026-07-15T16:20:00Z'
Number of updated asset objects reloaded before import = 0Number of asset objects unloaded after import = 0

========================================================================
Received Import Request.
  Time since last request: 0.061038 seconds.
  path: Assets/Scripts/Minijuego 8/BotonBatidora.cs
  artifactKey: Guid(e91d731bbe11c4551a118c6ba60a92bb) Importer(815301076,1909f56bfc062723c751e8b465ee728b)
Start importing Assets/Scripts/Minijuego 8/BotonBatidora.cs using Guid(e91d731bbe11c4551a118c6ba60a92bb) Importer(815301076,1909f56bfc062723c751e8b465ee728b) (PreviewImporter) -> (artifact id: '00000000000000000000000000000000') in 0.000569 seconds
Import Error Code:(4)
Message: Build asset version error: assets/scripts/minijuego 8/botonbatidora.cs in SourceAssetDB has modification time of '2026-07-15T16:18:20Z' while content on disk has modification time of '2026-07-15T16:20:00Z'
  ERROR: Build asset version error: assets/scripts/minijuego 8/botonbatidora.cs in SourceAssetDB has modification time of '2026-07-15T16:18:20Z' while content on disk has modification time of '2026-07-15T16:20:00Z'
Number of updated asset objects reloaded before import = 0Number of asset objects unloaded after import = 0

========================================================================
Received Import Request.
  Time since last request: 0.069300 seconds.
  path: Assets/Scripts/Minijuego 8/BotonBatidora.cs
  artifactKey: Guid(e91d731bbe11c4551a118c6ba60a92bb) Importer(815301076,1909f56bfc062723c751e8b465ee728b)
Start importing Assets/Scripts/Minijuego 8/BotonBatidora.cs using Guid(e91d731bbe11c4551a118c6ba60a92bb) Importer(815301076,1909f56bfc062723c751e8b465ee728b) (PreviewImporter) -> (artifact id: '00000000000000000000000000000000') in 0.000456958 seconds
Import Error Code:(4)
Message: Build asset version error: assets/scripts/minijuego 8/botonbatidora.cs in SourceAssetDB has modification time of '2026-07-15T16:18:20Z' while content on disk has modification time of '2026-07-15T16:20:00Z'
  ERROR: Build asset version error: assets/scripts/minijuego 8/botonbatidora.cs in SourceAssetDB has modification time of '2026-07-15T16:18:20Z' while content on disk has modification time of '2026-07-15T16:20:00Z'
Number of updated asset objects reloaded before import = 0Number of asset objects unloaded after import = 0

========================================================================
Received Import Request.
  Time since last request: 0.170883 seconds.
  path: Assets/Scripts/Minijuego 8/BotonBatidora.cs
  artifactKey: Guid(e91d731bbe11c4551a118c6ba60a92bb) Importer(815301076,1909f56bfc062723c751e8b465ee728b)
Start importing Assets/Scripts/Minijuego 8/BotonBatidora.cs using Guid(e91d731bbe11c4551a118c6ba60a92bb) Importer(815301076,1909f56bfc062723c751e8b465ee728b) (PreviewImporter) -> (artifact id: '00000000000000000000000000000000') in 0.00087125 seconds
Import Error Code:(4)
Message: Build asset version error: assets/scripts/minijuego 8/botonbatidora.cs in SourceAssetDB has modification time of '2026-07-15T16:18:20Z' while content on disk has modification time of '2026-07-15T16:20:00Z'
  ERROR: Build asset version error: assets/scripts/minijuego 8/botonbatidora.cs in SourceAssetDB has modification time of '2026-07-15T16:18:20Z' while content on disk has modification time of '2026-07-15T16:20:00Z'
Number of updated asset objects reloaded before import = 0Number of asset objects unloaded after import = 0

========================================================================
Received Import Request.
  Time since last request: 0.166105 seconds.
  path: Assets/Scripts/Minijuego 8/BotonBatidora.cs
  artifactKey: Guid(e91d731bbe11c4551a118c6ba60a92bb) Importer(815301076,1909f56bfc062723c751e8b465ee728b)
Start importing Assets/Scripts/Minijuego 8/BotonBatidora.cs using Guid(e91d731bbe11c4551a118c6ba60a92bb) Importer(815301076,1909f56bfc062723c751e8b465ee728b) (PreviewImporter) -> (artifact id: '00000000000000000000000000000000') in 0.000480375 seconds
Import Error Code:(4)
Message: Build asset version error: assets/scripts/minijuego 8/botonbatidora.cs in SourceAssetDB has modification time of '2026-07-15T16:18:20Z' while content on disk has modification time of '2026-07-15T16:20:00Z'
  ERROR: Build asset version error: assets/scripts/minijuego 8/botonbatidora.cs in SourceAssetDB has modification time of '2026-07-15T16:18:20Z' while content on disk has modification time of '2026-07-15T16:20:00Z'
Number of updated asset objects reloaded before import = 0Number of asset objects unloaded after import = 0

========================================================================
Received Import Request.
  Time since last request: 0.163633 seconds.
  path: Assets/Scripts/Minijuego 8/BotonBatidora.cs
  artifactKey: Guid(e91d731bbe11c4551a118c6ba60a92bb) Importer(815301076,1909f56bfc062723c751e8b465ee728b)
Start importing Assets/Scripts/Minijuego 8/BotonBatidora.cs using Guid(e91d731bbe11c4551a118c6ba60a92bb) Importer(815301076,1909f56bfc062723c751e8b465ee728b) (PreviewImporter) -> (artifact id: '00000000000000000000000000000000') in 0.000691875 seconds
Import Error Code:(4)
Message: Build asset version error: assets/scripts/minijuego 8/botonbatidora.cs in SourceAssetDB has modification time of '2026-07-15T16:18:20Z' while content on disk has modification time of '2026-07-15T16:20:00Z'
  ERROR: Build asset version error: assets/scripts/minijuego 8/botonbatidora.cs in SourceAssetDB has modification time of '2026-07-15T16:18:20Z' while content on disk has modification time of '2026-07-15T16:20:00Z'
Number of updated asset objects reloaded before import = 0Number of asset objects unloaded after import = 0

========================================================================
Received Import Request.
  Time since last request: 0.160129 seconds.
  path: Assets/Scripts/Minijuego 8/BotonBatidora.cs
  artifactKey: Guid(e91d731bbe11c4551a118c6ba60a92bb) Importer(815301076,1909f56bfc062723c751e8b465ee728b)
Start importing Assets/Scripts/Minijuego 8/BotonBatidora.cs using Guid(e91d731bbe11c4551a118c6ba60a92bb) Importer(815301076,1909f56bfc062723c751e8b465ee728b) (PreviewImporter) -> (artifact id: '00000000000000000000000000000000') in 0.000905334 seconds
Import Error Code:(4)
Message: Build asset version error: assets/scripts/minijuego 8/botonbatidora.cs in SourceAssetDB has modification time of '2026-07-15T16:18:20Z' while content on disk has modification time of '2026-07-15T16:20:00Z'
  ERROR: Build asset version error: assets/scripts/minijuego 8/botonbatidora.cs in SourceAssetDB has modification time of '2026-07-15T16:18:20Z' while content on disk has modification time of '2026-07-15T16:20:00Z'
Number of updated asset objects reloaded before import = 0Number of asset objects unloaded after import = 0

========================================================================
Received Import Request.
  Time since last request: 0.153351 seconds.
  path: Assets/Scripts/Minijuego 8/BotonBatidora.cs
  artifactKey: Guid(e91d731bbe11c4551a118c6ba60a92bb) Importer(815301076,1909f56bfc062723c751e8b465ee728b)
Start importing Assets/Scripts/Minijuego 8/BotonBatidora.cs using Guid(e91d731bbe11c4551a118c6ba60a92bb) Importer(815301076,1909f56bfc062723c751e8b465ee728b) (PreviewImporter) -> (artifact id: '00000000000000000000000000000000') in 0.000985084 seconds
Import Error Code:(4)
Message: Build asset version error: assets/scripts/minijuego 8/botonbatidora.cs in SourceAssetDB has modification time of '2026-07-15T16:18:20Z' while content on disk has modification time of '2026-07-15T16:20:03Z'
  ERROR: Build asset version error: assets/scripts/minijuego 8/botonbatidora.cs in SourceAssetDB has modification time of '2026-07-15T16:18:20Z' while content on disk has modification time of '2026-07-15T16:20:03Z'
Number of updated asset objects reloaded before import = 0Number of asset objects unloaded after import = 0

========================================================================
Received Import Request.
  Time since last request: 0.054220 seconds.
  path: Assets/Scripts/Minijuego 8/BotonBatidora.cs
  artifactKey: Guid(e91d731bbe11c4551a118c6ba60a92bb) Importer(815301076,1909f56bfc062723c751e8b465ee728b)
Start importing Assets/Scripts/Minijuego 8/BotonBatidora.cs using Guid(e91d731bbe11c4551a118c6ba60a92bb) Importer(815301076,1909f56bfc062723c751e8b465ee728b) (PreviewImporter) -> (artifact id: '00000000000000000000000000000000') in 0.000552416 seconds
Import Error Code:(4)
Message: Build asset version error: assets/scripts/minijuego 8/botonbatidora.cs in SourceAssetDB has modification time of '2026-07-15T16:18:20Z' while content on disk has modification time of '2026-07-15T16:20:03Z'
  ERROR: Build asset version error: assets/scripts/minijuego 8/botonbatidora.cs in SourceAssetDB has modification time of '2026-07-15T16:18:20Z' while content on disk has modification time of '2026-07-15T16:20:03Z'
Number of updated asset objects reloaded before import = 0Number of asset objects unloaded after import = 0

========================================================================
Received Import Request.
  Time since last request: 0.064533 seconds.
  path: Assets/Scripts/Minijuego 8/BotonBatidora.cs
  artifactKey: Guid(e91d731bbe11c4551a118c6ba60a92bb) Importer(815301076,1909f56bfc062723c751e8b465ee728b)
Start importing Assets/Scripts/Minijuego 8/BotonBatidora.cs using Guid(e91d731bbe11c4551a118c6ba60a92bb) Importer(815301076,1909f56bfc062723c751e8b465ee728b) (PreviewImporter) -> (artifact id: '00000000000000000000000000000000') in 0.000817209 seconds
Import Error Code:(4)
Message: Build asset version error: assets/scripts/minijuego 8/botonbatidora.cs in SourceAssetDB has modification time of '2026-07-15T16:18:20Z' while content on disk has modification time of '2026-07-15T16:20:03Z'
  ERROR: Build asset version error: assets/scripts/minijuego 8/botonbatidora.cs in SourceAssetDB has modification time of '2026-07-15T16:18:20Z' while content on disk has modification time of '2026-07-15T16:20:03Z'
Number of updated asset objects reloaded before import = 0Number of asset objects unloaded after import = 0

========================================================================
Received Import Request.
  Time since last request: 0.167113 seconds.
  path: Assets/Scripts/Minijuego 8/BotonBatidora.cs
  artifactKey: Guid(e91d731bbe11c4551a118c6ba60a92bb) Importer(815301076,1909f56bfc062723c751e8b465ee728b)
Start importing Assets/Scripts/Minijuego 8/BotonBatidora.cs using Guid(e91d731bbe11c4551a118c6ba60a92bb) Importer(815301076,1909f56bfc062723c751e8b465ee728b) (PreviewImporter) -> (artifact id: '00000000000000000000000000000000') in 0.000515917 seconds
Import Error Code:(4)
Message: Build asset version error: assets/scripts/minijuego 8/botonbatidora.cs in SourceAssetDB has modification time of '2026-07-15T16:18:20Z' while content on disk has modification time of '2026-07-15T16:20:03Z'
  ERROR: Build asset version error: assets/scripts/minijuego 8/botonbatidora.cs in SourceAssetDB has modification time of '2026-07-15T16:18:20Z' while content on disk has modification time of '2026-07-15T16:20:03Z'
Number of updated asset objects reloaded before import = 0Number of asset objects unloaded after import = 0

========================================================================
Received Import Request.
  Time since last request: 0.060568 seconds.
  path: Assets/Scripts/Minijuego 8/BotonBatidora.cs
  artifactKey: Guid(e91d731bbe11c4551a118c6ba60a92bb) Importer(815301076,1909f56bfc062723c751e8b465ee728b)
Start importing Assets/Scripts/Minijuego 8/BotonBatidora.cs using Guid(e91d731bbe11c4551a118c6ba60a92bb) Importer(815301076,1909f56bfc062723c751e8b465ee728b) (PreviewImporter) -> (artifact id: '00000000000000000000000000000000') in 0.000519417 seconds
Import Error Code:(4)
Message: Build asset version error: assets/scripts/minijuego 8/botonbatidora.cs in SourceAssetDB has modification time of '2026-07-15T16:18:20Z' while content on disk has modification time of '2026-07-15T16:20:03Z'
  ERROR: Build asset version error: assets/scripts/minijuego 8/botonbatidora.cs in SourceAssetDB has modification time of '2026-07-15T16:18:20Z' while content on disk has modification time of '2026-07-15T16:20:03Z'
Number of updated asset objects reloaded before import = 0Number of asset objects unloaded after import = 0

========================================================================
Received Import Request.
  Time since last request: 0.164696 seconds.
  path: Assets/Scripts/Minijuego 8/BotonBatidora.cs
  artifactKey: Guid(e91d731bbe11c4551a118c6ba60a92bb) Importer(815301076,1909f56bfc062723c751e8b465ee728b)
Start importing Assets/Scripts/Minijuego 8/BotonBatidora.cs using Guid(e91d731bbe11c4551a118c6ba60a92bb) Importer(815301076,1909f56bfc062723c751e8b465ee728b) (PreviewImporter) -> (artifact id: '00000000000000000000000000000000') in 0.001098708 seconds
Import Error Code:(4)
Message: Build asset version error: assets/scripts/minijuego 8/botonbatidora.cs in SourceAssetDB has modification time of '2026-07-15T16:18:20Z' while content on disk has modification time of '2026-07-15T16:20:03Z'
  ERROR: Build asset version error: assets/scripts/minijuego 8/botonbatidora.cs in SourceAssetDB has modification time of '2026-07-15T16:18:20Z' while content on disk has modification time of '2026-07-15T16:20:03Z'
Number of updated asset objects reloaded before import = 0Number of asset objects unloaded after import = 0

========================================================================
Received Import Request.
  Time since last request: 0.165290 seconds.
  path: Assets/Scripts/Minijuego 8/BotonBatidora.cs
  artifactKey: Guid(e91d731bbe11c4551a118c6ba60a92bb) Importer(815301076,1909f56bfc062723c751e8b465ee728b)
Start importing Assets/Scripts/Minijuego 8/BotonBatidora.cs using Guid(e91d731bbe11c4551a118c6ba60a92bb) Importer(815301076,1909f56bfc062723c751e8b465ee728b) (PreviewImporter) -> (artifact id: '00000000000000000000000000000000') in 0.000612416 seconds
Import Error Code:(4)
Message: Build asset version error: assets/scripts/minijuego 8/botonbatidora.cs in SourceAssetDB has modification time of '2026-07-15T16:18:20Z' while content on disk has modification time of '2026-07-15T16:20:03Z'
  ERROR: Build asset version error: assets/scripts/minijuego 8/botonbatidora.cs in SourceAssetDB has modification time of '2026-07-15T16:18:20Z' while content on disk has modification time of '2026-07-15T16:20:03Z'
Number of updated asset objects reloaded before import = 0Number of asset objects unloaded after import = 0

========================================================================
Received Import Request.
  Time since last request: 0.066909 seconds.
  path: Assets/Scripts/Minijuego 8/BotonBatidora.cs
  artifactKey: Guid(e91d731bbe11c4551a118c6ba60a92bb) Importer(815301076,1909f56bfc062723c751e8b465ee728b)
Start importing Assets/Scripts/Minijuego 8/BotonBatidora.cs using Guid(e91d731bbe11c4551a118c6ba60a92bb) Importer(815301076,1909f56bfc062723c751e8b465ee728b) (PreviewImporter) -> (artifact id: '00000000000000000000000000000000') in 0.000683625 seconds
Import Error Code:(4)
Message: Build asset version error: assets/scripts/minijuego 8/botonbatidora.cs in SourceAssetDB has modification time of '2026-07-15T16:18:20Z' while content on disk has modification time of '2026-07-15T16:20:03Z'
  ERROR: Build asset version error: assets/scripts/minijuego 8/botonbatidora.cs in SourceAssetDB has modification time of '2026-07-15T16:18:20Z' while content on disk has modification time of '2026-07-15T16:20:03Z'
Number of updated asset objects reloaded before import = 0Number of asset objects unloaded after import = 0

========================================================================
Received Import Request.
  Time since last request: 0.162486 seconds.
  path: Assets/Scripts/Minijuego 8/BotonBatidora.cs
  artifactKey: Guid(e91d731bbe11c4551a118c6ba60a92bb) Importer(815301076,1909f56bfc062723c751e8b465ee728b)
Start importing Assets/Scripts/Minijuego 8/BotonBatidora.cs using Guid(e91d731bbe11c4551a118c6ba60a92bb) Importer(815301076,1909f56bfc062723c751e8b465ee728b) (PreviewImporter) -> (artifact id: '00000000000000000000000000000000') in 0.000694292 seconds
Import Error Code:(4)
Message: Build asset version error: assets/scripts/minijuego 8/botonbatidora.cs in SourceAssetDB has modification time of '2026-07-15T16:18:20Z' while content on disk has modification time of '2026-07-15T16:20:03Z'
  ERROR: Build asset version error: assets/scripts/minijuego 8/botonbatidora.cs in SourceAssetDB has modification time of '2026-07-15T16:18:20Z' while content on disk has modification time of '2026-07-15T16:20:03Z'
Number of updated asset objects reloaded before import = 0Number of asset objects unloaded after import = 0

========================================================================
Received Import Request.
  Time since last request: 0.058485 seconds.
  path: Assets/Scripts/Minijuego 8/BotonBatidora.cs
  artifactKey: Guid(e91d731bbe11c4551a118c6ba60a92bb) Importer(815301076,1909f56bfc062723c751e8b465ee728b)
Start importing Assets/Scripts/Minijuego 8/BotonBatidora.cs using Guid(e91d731bbe11c4551a118c6ba60a92bb) Importer(815301076,1909f56bfc062723c751e8b465ee728b) (PreviewImporter) -> (artifact id: '00000000000000000000000000000000') in 0.000767625 seconds
Import Error Code:(4)
Message: Build asset version error: assets/scripts/minijuego 8/botonbatidora.cs in SourceAssetDB has modification time of '2026-07-15T16:18:20Z' while content on disk has modification time of '2026-07-15T16:20:03Z'
  ERROR: Build asset version error: assets/scripts/minijuego 8/botonbatidora.cs in SourceAssetDB has modification time of '2026-07-15T16:18:20Z' while content on disk has modification time of '2026-07-15T16:20:03Z'
Number of updated asset objects reloaded before import = 0Number of asset objects unloaded after import = 0

========================================================================
Received Import Request.
  Time since last request: 0.062444 seconds.
  path: Assets/Scripts/Minijuego 8/BotonBatidora.cs
  artifactKey: Guid(e91d731bbe11c4551a118c6ba60a92bb) Importer(815301076,1909f56bfc062723c751e8b465ee728b)
Start importing Assets/Scripts/Minijuego 8/BotonBatidora.cs using Guid(e91d731bbe11c4551a118c6ba60a92bb) Importer(815301076,1909f56bfc062723c751e8b465ee728b) (PreviewImporter) -> (artifact id: '00000000000000000000000000000000') in 0.000532875 seconds
Import Error Code:(4)
Message: Build asset version error: assets/scripts/minijuego 8/botonbatidora.cs in SourceAssetDB has modification time of '2026-07-15T16:18:20Z' while content on disk has modification time of '2026-07-15T16:20:05Z'
  ERROR: Build asset version error: assets/scripts/minijuego 8/botonbatidora.cs in SourceAssetDB has modification time of '2026-07-15T16:18:20Z' while content on disk has modification time of '2026-07-15T16:20:05Z'
Number of updated asset objects reloaded before import = 0Number of asset objects unloaded after import = 0

========================================================================
Received Import Request.
  Time since last request: 0.070960 seconds.
  path: Assets/Scripts/Minijuego 8/BotonBatidora.cs
  artifactKey: Guid(e91d731bbe11c4551a118c6ba60a92bb) Importer(815301076,1909f56bfc062723c751e8b465ee728b)
Start importing Assets/Scripts/Minijuego 8/BotonBatidora.cs using Guid(e91d731bbe11c4551a118c6ba60a92bb) Importer(815301076,1909f56bfc062723c751e8b465ee728b) (PreviewImporter) -> (artifact id: '00000000000000000000000000000000') in 0.000448042 seconds
Import Error Code:(4)
Message: Build asset version error: assets/scripts/minijuego 8/botonbatidora.cs in SourceAssetDB has modification time of '2026-07-15T16:18:20Z' while content on disk has modification time of '2026-07-15T16:20:05Z'
  ERROR: Build asset version error: assets/scripts/minijuego 8/botonbatidora.cs in SourceAssetDB has modification time of '2026-07-15T16:18:20Z' while content on disk has modification time of '2026-07-15T16:20:05Z'
Number of updated asset objects reloaded before import = 0Number of asset objects unloaded after import = 0

========================================================================
Received Import Request.
  Time since last request: 0.074701 seconds.
  path: Assets/Scripts/Minijuego 8/BotonBatidora.cs
  artifactKey: Guid(e91d731bbe11c4551a118c6ba60a92bb) Importer(815301076,1909f56bfc062723c751e8b465ee728b)
Start importing Assets/Scripts/Minijuego 8/BotonBatidora.cs using Guid(e91d731bbe11c4551a118c6ba60a92bb) Importer(815301076,1909f56bfc062723c751e8b465ee728b) (PreviewImporter) -> (artifact id: '00000000000000000000000000000000') in 0.0004555 seconds
Import Error Code:(4)
Message: Build asset version error: assets/scripts/minijuego 8/botonbatidora.cs in SourceAssetDB has modification time of '2026-07-15T16:18:20Z' while content on disk has modification time of '2026-07-15T16:20:05Z'
  ERROR: Build asset version error: assets/scripts/minijuego 8/botonbatidora.cs in SourceAssetDB has modification time of '2026-07-15T16:18:20Z' while content on disk has modification time of '2026-07-15T16:20:05Z'
Number of updated asset objects reloaded before import = 0Number of asset objects unloaded after import = 0

========================================================================
Received Import Request.
  Time since last request: 0.168142 seconds.
  path: Assets/Scripts/Minijuego 8/BotonBatidora.cs
  artifactKey: Guid(e91d731bbe11c4551a118c6ba60a92bb) Importer(815301076,1909f56bfc062723c751e8b465ee728b)
Start importing Assets/Scripts/Minijuego 8/BotonBatidora.cs using Guid(e91d731bbe11c4551a118c6ba60a92bb) Importer(815301076,1909f56bfc062723c751e8b465ee728b) (PreviewImporter) -> (artifact id: '00000000000000000000000000000000') in 0.0008625 seconds
Import Error Code:(4)
Message: Build asset version error: assets/scripts/minijuego 8/botonbatidora.cs in SourceAssetDB has modification time of '2026-07-15T16:18:20Z' while content on disk has modification time of '2026-07-15T16:20:05Z'
  ERROR: Build asset version error: assets/scripts/minijuego 8/botonbatidora.cs in SourceAssetDB has modification time of '2026-07-15T16:18:20Z' while content on disk has modification time of '2026-07-15T16:20:05Z'
Number of updated asset objects reloaded before import = 0Number of asset objects unloaded after import = 0

========================================================================
Received Import Request.
  Time since last request: 0.059404 seconds.
  path: Assets/Scripts/Minijuego 8/BotonBatidora.cs
  artifactKey: Guid(e91d731bbe11c4551a118c6ba60a92bb) Importer(815301076,1909f56bfc062723c751e8b465ee728b)
Start importing Assets/Scripts/Minijuego 8/BotonBatidora.cs using Guid(e91d731bbe11c4551a118c6ba60a92bb) Importer(815301076,1909f56bfc062723c751e8b465ee728b) (PreviewImporter) -> (artifact id: '00000000000000000000000000000000') in 0.000568875 seconds
Import Error Code:(4)
Message: Build asset version error: assets/scripts/minijuego 8/botonbatidora.cs in SourceAssetDB has modification time of '2026-07-15T16:18:20Z' while content on disk has modification time of '2026-07-15T16:20:05Z'
  ERROR: Build asset version error: assets/scripts/minijuego 8/botonbatidora.cs in SourceAssetDB has modification time of '2026-07-15T16:18:20Z' while content on disk has modification time of '2026-07-15T16:20:05Z'
Number of updated asset objects reloaded before import = 0Number of asset objects unloaded after import = 0

========================================================================
Received Import Request.
  Time since last request: 0.163704 seconds.
  path: Assets/Scripts/Minijuego 8/BotonBatidora.cs
  artifactKey: Guid(e91d731bbe11c4551a118c6ba60a92bb) Importer(815301076,1909f56bfc062723c751e8b465ee728b)
Start importing Assets/Scripts/Minijuego 8/BotonBatidora.cs using Guid(e91d731bbe11c4551a118c6ba60a92bb) Importer(815301076,1909f56bfc062723c751e8b465ee728b) (PreviewImporter) -> (artifact id: '00000000000000000000000000000000') in 0.0007245 seconds
Import Error Code:(4)
Message: Build asset version error: assets/scripts/minijuego 8/botonbatidora.cs in SourceAssetDB has modification time of '2026-07-15T16:18:20Z' while content on disk has modification time of '2026-07-15T16:20:05Z'
  ERROR: Build asset version error: assets/scripts/minijuego 8/botonbatidora.cs in SourceAssetDB has modification time of '2026-07-15T16:18:20Z' while content on disk has modification time of '2026-07-15T16:20:05Z'
Number of updated asset objects reloaded before import = 0Number of asset objects unloaded after import = 0

========================================================================
Received Import Request.
  Time since last request: 0.057534 seconds.
  path: Assets/Scripts/Minijuego 8/BotonBatidora.cs
  artifactKey: Guid(e91d731bbe11c4551a118c6ba60a92bb) Importer(815301076,1909f56bfc062723c751e8b465ee728b)
Start importing Assets/Scripts/Minijuego 8/BotonBatidora.cs using Guid(e91d731bbe11c4551a118c6ba60a92bb) Importer(815301076,1909f56bfc062723c751e8b465ee728b) (PreviewImporter) -> (artifact id: '00000000000000000000000000000000') in 0.000666917 seconds
Import Error Code:(4)
Message: Build asset version error: assets/scripts/minijuego 8/botonbatidora.cs in SourceAssetDB has modification time of '2026-07-15T16:18:20Z' while content on disk has modification time of '2026-07-15T16:20:05Z'
  ERROR: Build asset version error: assets/scripts/minijuego 8/botonbatidora.cs in SourceAssetDB has modification time of '2026-07-15T16:18:20Z' while content on disk has modification time of '2026-07-15T16:20:05Z'
Number of updated asset objects reloaded before import = 0Number of asset objects unloaded after import = 0

========================================================================
Received Import Request.
  Time since last request: 0.165472 seconds.
  path: Assets/Scripts/Minijuego 8/BotonBatidora.cs
  artifactKey: Guid(e91d731bbe11c4551a118c6ba60a92bb) Importer(815301076,1909f56bfc062723c751e8b465ee728b)
Start importing Assets/Scripts/Minijuego 8/BotonBatidora.cs using Guid(e91d731bbe11c4551a118c6ba60a92bb) Importer(815301076,1909f56bfc062723c751e8b465ee728b) (PreviewImporter) -> (artifact id: '00000000000000000000000000000000') in 0.000744542 seconds
Import Error Code:(4)
Message: Build asset version error: assets/scripts/minijuego 8/botonbatidora.cs in SourceAssetDB has modification time of '2026-07-15T16:18:20Z' while content on disk has modification time of '2026-07-15T16:20:05Z'
  ERROR: Build asset version error: assets/scripts/minijuego 8/botonbatidora.cs in SourceAssetDB has modification time of '2026-07-15T16:18:20Z' while content on disk has modification time of '2026-07-15T16:20:05Z'
Number of updated asset objects reloaded before import = 0Number of asset objects unloaded after import = 0

========================================================================
Received Import Request.
  Time since last request: 0.158346 seconds.
  path: Assets/Scripts/Minijuego 8/BotonBatidora.cs
  artifactKey: Guid(e91d731bbe11c4551a118c6ba60a92bb) Importer(815301076,1909f56bfc062723c751e8b465ee728b)
Start importing Assets/Scripts/Minijuego 8/BotonBatidora.cs using Guid(e91d731bbe11c4551a118c6ba60a92bb) Importer(815301076,1909f56bfc062723c751e8b465ee728b) (PreviewImporter) -> (artifact id: '00000000000000000000000000000000') in 0.000545958 seconds
Import Error Code:(4)
Message: Build asset version error: assets/scripts/minijuego 8/botonbatidora.cs in SourceAssetDB has modification time of '2026-07-15T16:18:20Z' while content on disk has modification time of '2026-07-15T16:20:06Z'
  ERROR: Build asset version error: assets/scripts/minijuego 8/botonbatidora.cs in SourceAssetDB has modification time of '2026-07-15T16:18:20Z' while content on disk has modification time of '2026-07-15T16:20:06Z'
Number of updated asset objects reloaded before import = 0Number of asset objects unloaded after import = 0

========================================================================
Received Import Request.
  Time since last request: 0.063194 seconds.
  path: Assets/Scripts/Minijuego 8/BotonBatidora.cs
  artifactKey: Guid(e91d731bbe11c4551a118c6ba60a92bb) Importer(815301076,1909f56bfc062723c751e8b465ee728b)
Start importing Assets/Scripts/Minijuego 8/BotonBatidora.cs using Guid(e91d731bbe11c4551a118c6ba60a92bb) Importer(815301076,1909f56bfc062723c751e8b465ee728b) (PreviewImporter) -> (artifact id: '00000000000000000000000000000000') in 0.000609209 seconds
Import Error Code:(4)
Message: Build asset version error: assets/scripts/minijuego 8/botonbatidora.cs in SourceAssetDB has modification time of '2026-07-15T16:18:20Z' while content on disk has modification time of '2026-07-15T16:20:06Z'
  ERROR: Build asset version error: assets/scripts/minijuego 8/botonbatidora.cs in SourceAssetDB has modification time of '2026-07-15T16:18:20Z' while content on disk has modification time of '2026-07-15T16:20:06Z'
Number of updated asset objects reloaded before import = 0Number of asset objects unloaded after import = 0

========================================================================
Received Import Request.
  Time since last request: 0.159794 seconds.
  path: Assets/Scripts/Minijuego 8/BotonBatidora.cs
  artifactKey: Guid(e91d731bbe11c4551a118c6ba60a92bb) Importer(815301076,1909f56bfc062723c751e8b465ee728b)
Start importing Assets/Scripts/Minijuego 8/BotonBatidora.cs using Guid(e91d731bbe11c4551a118c6ba60a92bb) Importer(815301076,1909f56bfc062723c751e8b465ee728b) (PreviewImporter) -> (artifact id: '00000000000000000000000000000000') in 0.000586459 seconds
Import Error Code:(4)
Message: Build asset version error: assets/scripts/minijuego 8/botonbatidora.cs in SourceAssetDB has modification time of '2026-07-15T16:18:20Z' while content on disk has modification time of '2026-07-15T16:20:06Z'
  ERROR: Build asset version error: assets/scripts/minijuego 8/botonbatidora.cs in SourceAssetDB has modification time of '2026-07-15T16:18:20Z' while content on disk has modification time of '2026-07-15T16:20:06Z'
Number of updated asset objects reloaded before import = 0Number of asset objects unloaded after import = 0

========================================================================
Received Import Request.
  Time since last request: 0.054688 seconds.
  path: Assets/Scripts/Minijuego 8/BotonBatidora.cs
  artifactKey: Guid(e91d731bbe11c4551a118c6ba60a92bb) Importer(815301076,1909f56bfc062723c751e8b465ee728b)
Start importing Assets/Scripts/Minijuego 8/BotonBatidora.cs using Guid(e91d731bbe11c4551a118c6ba60a92bb) Importer(815301076,1909f56bfc062723c751e8b465ee728b) (PreviewImporter) -> (artifact id: '00000000000000000000000000000000') in 0.000585625 seconds
Import Error Code:(4)
Message: Build asset version error: assets/scripts/minijuego 8/botonbatidora.cs in SourceAssetDB has modification time of '2026-07-15T16:18:20Z' while content on disk has modification time of '2026-07-15T16:20:06Z'
  ERROR: Build asset version error: assets/scripts/minijuego 8/botonbatidora.cs in SourceAssetDB has modification time of '2026-07-15T16:18:20Z' while content on disk has modification time of '2026-07-15T16:20:06Z'
Number of updated asset objects reloaded before import = 0Number of asset objects unloaded after import = 0

========================================================================
Received Import Request.
  Time since last request: 0.163026 seconds.
  path: Assets/Scripts/Minijuego 8/BotonBatidora.cs
  artifactKey: Guid(e91d731bbe11c4551a118c6ba60a92bb) Importer(815301076,1909f56bfc062723c751e8b465ee728b)
Start importing Assets/Scripts/Minijuego 8/BotonBatidora.cs using Guid(e91d731bbe11c4551a118c6ba60a92bb) Importer(815301076,1909f56bfc062723c751e8b465ee728b) (PreviewImporter) -> (artifact id: '00000000000000000000000000000000') in 0.000774542 seconds
Import Error Code:(4)
Message: Build asset version error: assets/scripts/minijuego 8/botonbatidora.cs in SourceAssetDB has modification time of '2026-07-15T16:18:20Z' while content on disk has modification time of '2026-07-15T16:20:06Z'
  ERROR: Build asset version error: assets/scripts/minijuego 8/botonbatidora.cs in SourceAssetDB has modification time of '2026-07-15T16:18:20Z' while content on disk has modification time of '2026-07-15T16:20:06Z'
Number of updated asset objects reloaded before import = 0Number of asset objects unloaded after import = 0

========================================================================
Received Import Request.
  Time since last request: 0.053710 seconds.
  path: Assets/Scripts/Minijuego 8/BotonBatidora.cs
  artifactKey: Guid(e91d731bbe11c4551a118c6ba60a92bb) Importer(815301076,1909f56bfc062723c751e8b465ee728b)
Start importing Assets/Scripts/Minijuego 8/BotonBatidora.cs using Guid(e91d731bbe11c4551a118c6ba60a92bb) Importer(815301076,1909f56bfc062723c751e8b465ee728b) (PreviewImporter) -> (artifact id: '00000000000000000000000000000000') in 0.000572375 seconds
Import Error Code:(4)
Message: Build asset version error: assets/scripts/minijuego 8/botonbatidora.cs in SourceAssetDB has modification time of '2026-07-15T16:18:20Z' while content on disk has modification time of '2026-07-15T16:20:06Z'
  ERROR: Build asset version error: assets/scripts/minijuego 8/botonbatidora.cs in SourceAssetDB has modification time of '2026-07-15T16:18:20Z' while content on disk has modification time of '2026-07-15T16:20:06Z'
Number of updated asset objects reloaded before import = 0Number of asset objects unloaded after import = 0

========================================================================
Received Import Request.
  Time since last request: 0.167349 seconds.
  path: Assets/Scripts/Minijuego 8/BotonBatidora.cs
  artifactKey: Guid(e91d731bbe11c4551a118c6ba60a92bb) Importer(815301076,1909f56bfc062723c751e8b465ee728b)
Start importing Assets/Scripts/Minijuego 8/BotonBatidora.cs using Guid(e91d731bbe11c4551a118c6ba60a92bb) Importer(815301076,1909f56bfc062723c751e8b465ee728b) (PreviewImporter) -> (artifact id: '00000000000000000000000000000000') in 0.000791458 seconds
Import Error Code:(4)
Message: Build asset version error: assets/scripts/minijuego 8/botonbatidora.cs in SourceAssetDB has modification time of '2026-07-15T16:18:20Z' while content on disk has modification time of '2026-07-15T16:20:06Z'
  ERROR: Build asset version error: assets/scripts/minijuego 8/botonbatidora.cs in SourceAssetDB has modification time of '2026-07-15T16:18:20Z' while content on disk has modification time of '2026-07-15T16:20:06Z'
Number of updated asset objects reloaded before import = 0Number of asset objects unloaded after import = 0

========================================================================
Received Import Request.
  Time since last request: 0.056690 seconds.
  path: Assets/Scripts/Minijuego 8/BotonBatidora.cs
  artifactKey: Guid(e91d731bbe11c4551a118c6ba60a92bb) Importer(815301076,1909f56bfc062723c751e8b465ee728b)
Start importing Assets/Scripts/Minijuego 8/BotonBatidora.cs using Guid(e91d731bbe11c4551a118c6ba60a92bb) Importer(815301076,1909f56bfc062723c751e8b465ee728b) (PreviewImporter) -> (artifact id: '00000000000000000000000000000000') in 0.000619625 seconds
Import Error Code:(4)
Message: Build asset version error: assets/scripts/minijuego 8/botonbatidora.cs in SourceAssetDB has modification time of '2026-07-15T16:18:20Z' while content on disk has modification time of '2026-07-15T16:20:06Z'
  ERROR: Build asset version error: assets/scripts/minijuego 8/botonbatidora.cs in SourceAssetDB has modification time of '2026-07-15T16:18:20Z' while content on disk has modification time of '2026-07-15T16:20:06Z'
Number of updated asset objects reloaded before import = 0Number of asset objects unloaded after import = 0

========================================================================
Received Import Request.
  Time since last request: 0.059656 seconds.
  path: Assets/Scripts/Minijuego 8/BotonBatidora.cs
  artifactKey: Guid(e91d731bbe11c4551a118c6ba60a92bb) Importer(815301076,1909f56bfc062723c751e8b465ee728b)
Start importing Assets/Scripts/Minijuego 8/BotonBatidora.cs using Guid(e91d731bbe11c4551a118c6ba60a92bb) Importer(815301076,1909f56bfc062723c751e8b465ee728b) (PreviewImporter) -> (artifact id: '00000000000000000000000000000000') in 0.000527958 seconds
Import Error Code:(4)
Message: Build asset version error: assets/scripts/minijuego 8/botonbatidora.cs in SourceAssetDB has modification time of '2026-07-15T16:18:20Z' while content on disk has modification time of '2026-07-15T16:20:06Z'
  ERROR: Build asset version error: assets/scripts/minijuego 8/botonbatidora.cs in SourceAssetDB has modification time of '2026-07-15T16:18:20Z' while content on disk has modification time of '2026-07-15T16:20:06Z'
Number of updated asset objects reloaded before import = 0Number of asset objects unloaded after import = 0

========================================================================
Received Import Request.
  Time since last request: 0.169204 seconds.
  path: Assets/Scripts/Minijuego 8/BotonBatidora.cs
  artifactKey: Guid(e91d731bbe11c4551a118c6ba60a92bb) Importer(815301076,1909f56bfc062723c751e8b465ee728b)
Start importing Assets/Scripts/Minijuego 8/BotonBatidora.cs using Guid(e91d731bbe11c4551a118c6ba60a92bb) Importer(815301076,1909f56bfc062723c751e8b465ee728b) (PreviewImporter) -> (artifact id: '00000000000000000000000000000000') in 0.000708708 seconds
Import Error Code:(4)
Message: Build asset version error: assets/scripts/minijuego 8/botonbatidora.cs in SourceAssetDB has modification time of '2026-07-15T16:18:20Z' while content on disk has modification time of '2026-07-15T16:20:06Z'
  ERROR: Build asset version error: assets/scripts/minijuego 8/botonbatidora.cs in SourceAssetDB has modification time of '2026-07-15T16:18:20Z' while content on disk has modification time of '2026-07-15T16:20:06Z'
Number of updated asset objects reloaded before import = 0Number of asset objects unloaded after import = 0

========================================================================
Received Import Request.
  Time since last request: 0.158018 seconds.
  path: Assets/Scripts/Minijuego 8/BotonBatidora.cs
  artifactKey: Guid(e91d731bbe11c4551a118c6ba60a92bb) Importer(815301076,1909f56bfc062723c751e8b465ee728b)
Start importing Assets/Scripts/Minijuego 8/BotonBatidora.cs using Guid(e91d731bbe11c4551a118c6ba60a92bb) Importer(815301076,1909f56bfc062723c751e8b465ee728b) (PreviewImporter) -> (artifact id: '00000000000000000000000000000000') in 0.000850375 seconds
Import Error Code:(4)
Message: Build asset version error: assets/scripts/minijuego 8/botonbatidora.cs in SourceAssetDB has modification time of '2026-07-15T16:18:20Z' while content on disk has modification time of '2026-07-15T16:20:06Z'
  ERROR: Build asset version error: assets/scripts/minijuego 8/botonbatidora.cs in SourceAssetDB has modification time of '2026-07-15T16:18:20Z' while content on disk has modification time of '2026-07-15T16:20:06Z'
Number of updated asset objects reloaded before import = 0Number of asset objects unloaded after import = 0

========================================================================
Received Import Request.
  Time since last request: 0.155939 seconds.
  path: Assets/Scripts/Minijuego 8/BotonBatidora.cs
  artifactKey: Guid(e91d731bbe11c4551a118c6ba60a92bb) Importer(815301076,1909f56bfc062723c751e8b465ee728b)
Start importing Assets/Scripts/Minijuego 8/BotonBatidora.cs using Guid(e91d731bbe11c4551a118c6ba60a92bb) Importer(815301076,1909f56bfc062723c751e8b465ee728b) (PreviewImporter) -> (artifact id: '00000000000000000000000000000000') in 0.000553583 seconds
Import Error Code:(4)
Message: Build asset version error: assets/scripts/minijuego 8/botonbatidora.cs in SourceAssetDB has modification time of '2026-07-15T16:18:20Z' while content on disk has modification time of '2026-07-15T16:20:06Z'
  ERROR: Build asset version error: assets/scripts/minijuego 8/botonbatidora.cs in SourceAssetDB has modification time of '2026-07-15T16:18:20Z' while content on disk has modification time of '2026-07-15T16:20:06Z'
Number of updated asset objects reloaded before import = 0Number of asset objects unloaded after import = 0

========================================================================
Received Import Request.
  Time since last request: 0.165085 seconds.
  path: Assets/Scripts/Minijuego 8/BotonBatidora.cs
  artifactKey: Guid(e91d731bbe11c4551a118c6ba60a92bb) Importer(815301076,1909f56bfc062723c751e8b465ee728b)
Start importing Assets/Scripts/Minijuego 8/BotonBatidora.cs using Guid(e91d731bbe11c4551a118c6ba60a92bb) Importer(815301076,1909f56bfc062723c751e8b465ee728b) (PreviewImporter) -> (artifact id: '00000000000000000000000000000000') in 0.000807042 seconds
Import Error Code:(4)
Message: Build asset version error: assets/scripts/minijuego 8/botonbatidora.cs in SourceAssetDB has modification time of '2026-07-15T16:18:20Z' while content on disk has modification time of '2026-07-15T16:20:06Z'
  ERROR: Build asset version error: assets/scripts/minijuego 8/botonbatidora.cs in SourceAssetDB has modification time of '2026-07-15T16:18:20Z' while content on disk has modification time of '2026-07-15T16:20:06Z'
Number of updated asset objects reloaded before import = 0Number of asset objects unloaded after import = 0

========================================================================
Received Import Request.
  Time since last request: 0.061112 seconds.
  path: Assets/Scripts/Minijuego 8/BotonBatidora.cs
  artifactKey: Guid(e91d731bbe11c4551a118c6ba60a92bb) Importer(815301076,1909f56bfc062723c751e8b465ee728b)
Start importing Assets/Scripts/Minijuego 8/BotonBatidora.cs using Guid(e91d731bbe11c4551a118c6ba60a92bb) Importer(815301076,1909f56bfc062723c751e8b465ee728b) (PreviewImporter) -> (artifact id: '00000000000000000000000000000000') in 0.000591916 seconds
Import Error Code:(4)
Message: Build asset version error: assets/scripts/minijuego 8/botonbatidora.cs in SourceAssetDB has modification time of '2026-07-15T16:18:20Z' while content on disk has modification time of '2026-07-15T16:20:06Z'
  ERROR: Build asset version error: assets/scripts/minijuego 8/botonbatidora.cs in SourceAssetDB has modification time of '2026-07-15T16:18:20Z' while content on disk has modification time of '2026-07-15T16:20:06Z'
Number of updated asset objects reloaded before import = 0Number of asset objects unloaded after import = 0

========================================================================
Received Import Request.
  Time since last request: 0.070005 seconds.
  path: Assets/Scripts/Minijuego 8/BotonBatidora.cs
  artifactKey: Guid(e91d731bbe11c4551a118c6ba60a92bb) Importer(815301076,1909f56bfc062723c751e8b465ee728b)
Start importing Assets/Scripts/Minijuego 8/BotonBatidora.cs using Guid(e91d731bbe11c4551a118c6ba60a92bb) Importer(815301076,1909f56bfc062723c751e8b465ee728b) (PreviewImporter) -> (artifact id: '00000000000000000000000000000000') in 0.000802208 seconds
Import Error Code:(4)
Message: Build asset version error: assets/scripts/minijuego 8/botonbatidora.cs in SourceAssetDB has modification time of '2026-07-15T16:18:20Z' while content on disk has modification time of '2026-07-15T16:20:06Z'
  ERROR: Build asset version error: assets/scripts/minijuego 8/botonbatidora.cs in SourceAssetDB has modification time of '2026-07-15T16:18:20Z' while content on disk has modification time of '2026-07-15T16:20:06Z'
Number of updated asset objects reloaded before import = 0Number of asset objects unloaded after import = 0

========================================================================
Received Import Request.
  Time since last request: 0.069861 seconds.
  path: Assets/Scripts/Minijuego 8/BotonBatidora.cs
  artifactKey: Guid(e91d731bbe11c4551a118c6ba60a92bb) Importer(815301076,1909f56bfc062723c751e8b465ee728b)
Start importing Assets/Scripts/Minijuego 8/BotonBatidora.cs using Guid(e91d731bbe11c4551a118c6ba60a92bb) Importer(815301076,1909f56bfc062723c751e8b465ee728b) (PreviewImporter) -> (artifact id: '00000000000000000000000000000000') in 0.000554375 seconds
Import Error Code:(4)
Message: Build asset version error: assets/scripts/minijuego 8/botonbatidora.cs in SourceAssetDB has modification time of '2026-07-15T16:18:20Z' while content on disk has modification time of '2026-07-15T16:20:06Z'
  ERROR: Build asset version error: assets/scripts/minijuego 8/botonbatidora.cs in SourceAssetDB has modification time of '2026-07-15T16:18:20Z' while content on disk has modification time of '2026-07-15T16:20:06Z'
Number of updated asset objects reloaded before import = 0Number of asset objects unloaded after import = 0

========================================================================
Received Import Request.
  Time since last request: 0.173978 seconds.
  path: Assets/Scripts/Minijuego 8/BotonBatidora.cs
  artifactKey: Guid(e91d731bbe11c4551a118c6ba60a92bb) Importer(815301076,1909f56bfc062723c751e8b465ee728b)
Start importing Assets/Scripts/Minijuego 8/BotonBatidora.cs using Guid(e91d731bbe11c4551a118c6ba60a92bb) Importer(815301076,1909f56bfc062723c751e8b465ee728b) (PreviewImporter) -> (artifact id: '00000000000000000000000000000000') in 0.000572333 seconds
Import Error Code:(4)
Message: Build asset version error: assets/scripts/minijuego 8/botonbatidora.cs in SourceAssetDB has modification time of '2026-07-15T16:18:20Z' while content on disk has modification time of '2026-07-15T16:20:08Z'
  ERROR: Build asset version error: assets/scripts/minijuego 8/botonbatidora.cs in SourceAssetDB has modification time of '2026-07-15T16:18:20Z' while content on disk has modification time of '2026-07-15T16:20:08Z'
Number of updated asset objects reloaded before import = 0Number of asset objects unloaded after import = 0

========================================================================
Received Import Request.
  Time since last request: 0.057571 seconds.
  path: Assets/Scripts/Minijuego 8/BotonBatidora.cs
  artifactKey: Guid(e91d731bbe11c4551a118c6ba60a92bb) Importer(815301076,1909f56bfc062723c751e8b465ee728b)
Start importing Assets/Scripts/Minijuego 8/BotonBatidora.cs using Guid(e91d731bbe11c4551a118c6ba60a92bb) Importer(815301076,1909f56bfc062723c751e8b465ee728b) (PreviewImporter) -> (artifact id: '00000000000000000000000000000000') in 0.001137042 seconds
Import Error Code:(4)
Message: Build asset version error: assets/scripts/minijuego 8/botonbatidora.cs in SourceAssetDB has modification time of '2026-07-15T16:18:20Z' while content on disk has modification time of '2026-07-15T16:20:08Z'
  ERROR: Build asset version error: assets/scripts/minijuego 8/botonbatidora.cs in SourceAssetDB has modification time of '2026-07-15T16:18:20Z' while content on disk has modification time of '2026-07-15T16:20:08Z'
Number of updated asset objects reloaded before import = 0Number of asset objects unloaded after import = 0

========================================================================
Received Import Request.
  Time since last request: 0.163959 seconds.
  path: Assets/Scripts/Minijuego 8/BotonBatidora.cs
  artifactKey: Guid(e91d731bbe11c4551a118c6ba60a92bb) Importer(815301076,1909f56bfc062723c751e8b465ee728b)
Start importing Assets/Scripts/Minijuego 8/BotonBatidora.cs using Guid(e91d731bbe11c4551a118c6ba60a92bb) Importer(815301076,1909f56bfc062723c751e8b465ee728b) (PreviewImporter) -> (artifact id: '00000000000000000000000000000000') in 0.000723125 seconds
Import Error Code:(4)
Message: Build asset version error: assets/scripts/minijuego 8/botonbatidora.cs in SourceAssetDB has modification time of '2026-07-15T16:18:20Z' while content on disk has modification time of '2026-07-15T16:20:08Z'
  ERROR: Build asset version error: assets/scripts/minijuego 8/botonbatidora.cs in SourceAssetDB has modification time of '2026-07-15T16:18:20Z' while content on disk has modification time of '2026-07-15T16:20:08Z'
Number of updated asset objects reloaded before import = 0Number of asset objects unloaded after import = 0

========================================================================
Received Import Request.
  Time since last request: 0.159487 seconds.
  path: Assets/Scripts/Minijuego 8/BotonBatidora.cs
  artifactKey: Guid(e91d731bbe11c4551a118c6ba60a92bb) Importer(815301076,1909f56bfc062723c751e8b465ee728b)
Start importing Assets/Scripts/Minijuego 8/BotonBatidora.cs using Guid(e91d731bbe11c4551a118c6ba60a92bb) Importer(815301076,1909f56bfc062723c751e8b465ee728b) (PreviewImporter) -> (artifact id: '00000000000000000000000000000000') in 0.000959084 seconds
Import Error Code:(4)
Message: Build asset version error: assets/scripts/minijuego 8/botonbatidora.cs in SourceAssetDB has modification time of '2026-07-15T16:18:20Z' while content on disk has modification time of '2026-07-15T16:20:08Z'
  ERROR: Build asset version error: assets/scripts/minijuego 8/botonbatidora.cs in SourceAssetDB has modification time of '2026-07-15T16:18:20Z' while content on disk has modification time of '2026-07-15T16:20:08Z'
Number of updated asset objects reloaded before import = 0Number of asset objects unloaded after import = 0

========================================================================
Received Import Request.
  Time since last request: 0.055890 seconds.
  path: Assets/Scripts/Minijuego 8/BotonBatidora.cs
  artifactKey: Guid(e91d731bbe11c4551a118c6ba60a92bb) Importer(815301076,1909f56bfc062723c751e8b465ee728b)
Start importing Assets/Scripts/Minijuego 8/BotonBatidora.cs using Guid(e91d731bbe11c4551a118c6ba60a92bb) Importer(815301076,1909f56bfc062723c751e8b465ee728b) (PreviewImporter) -> (artifact id: '00000000000000000000000000000000') in 0.000541333 seconds
Import Error Code:(4)
Message: Build asset version error: assets/scripts/minijuego 8/botonbatidora.cs in SourceAssetDB has modification time of '2026-07-15T16:18:20Z' while content on disk has modification time of '2026-07-15T16:20:08Z'
  ERROR: Build asset version error: assets/scripts/minijuego 8/botonbatidora.cs in SourceAssetDB has modification time of '2026-07-15T16:18:20Z' while content on disk has modification time of '2026-07-15T16:20:08Z'
Number of updated asset objects reloaded before import = 0Number of asset objects unloaded after import = 0

========================================================================
Received Import Request.
  Time since last request: 0.164671 seconds.
  path: Assets/Scripts/Minijuego 8/BotonBatidora.cs
  artifactKey: Guid(e91d731bbe11c4551a118c6ba60a92bb) Importer(815301076,1909f56bfc062723c751e8b465ee728b)
Start importing Assets/Scripts/Minijuego 8/BotonBatidora.cs using Guid(e91d731bbe11c4551a118c6ba60a92bb) Importer(815301076,1909f56bfc062723c751e8b465ee728b) (PreviewImporter) -> (artifact id: '00000000000000000000000000000000') in 0.001040708 seconds
Import Error Code:(4)
Message: Build asset version error: assets/scripts/minijuego 8/botonbatidora.cs in SourceAssetDB has modification time of '2026-07-15T16:18:20Z' while content on disk has modification time of '2026-07-15T16:20:08Z'
  ERROR: Build asset version error: assets/scripts/minijuego 8/botonbatidora.cs in SourceAssetDB has modification time of '2026-07-15T16:18:20Z' while content on disk has modification time of '2026-07-15T16:20:08Z'
Number of updated asset objects reloaded before import = 0Number of asset objects unloaded after import = 0

========================================================================
Received Import Request.
  Time since last request: 0.054475 seconds.
  path: Assets/Scripts/Minijuego 8/BotonBatidora.cs
  artifactKey: Guid(e91d731bbe11c4551a118c6ba60a92bb) Importer(815301076,1909f56bfc062723c751e8b465ee728b)
Start importing Assets/Scripts/Minijuego 8/BotonBatidora.cs using Guid(e91d731bbe11c4551a118c6ba60a92bb) Importer(815301076,1909f56bfc062723c751e8b465ee728b) (PreviewImporter) -> (artifact id: '00000000000000000000000000000000') in 0.000505416 seconds
Import Error Code:(4)
Message: Build asset version error: assets/scripts/minijuego 8/botonbatidora.cs in SourceAssetDB has modification time of '2026-07-15T16:18:20Z' while content on disk has modification time of '2026-07-15T16:20:08Z'
  ERROR: Build asset version error: assets/scripts/minijuego 8/botonbatidora.cs in SourceAssetDB has modification time of '2026-07-15T16:18:20Z' while content on disk has modification time of '2026-07-15T16:20:08Z'
Number of updated asset objects reloaded before import = 0Number of asset objects unloaded after import = 0

========================================================================
Received Import Request.
  Time since last request: 0.176145 seconds.
  path: Assets/Scripts/Minijuego 8/BotonBatidora.cs
  artifactKey: Guid(e91d731bbe11c4551a118c6ba60a92bb) Importer(815301076,1909f56bfc062723c751e8b465ee728b)
Start importing Assets/Scripts/Minijuego 8/BotonBatidora.cs using Guid(e91d731bbe11c4551a118c6ba60a92bb) Importer(815301076,1909f56bfc062723c751e8b465ee728b) (PreviewImporter) -> (artifact id: '00000000000000000000000000000000') in 0.000615375 seconds
Import Error Code:(4)
Message: Build asset version error: assets/scripts/minijuego 8/botonbatidora.cs in SourceAssetDB has modification time of '2026-07-15T16:18:20Z' while content on disk has modification time of '2026-07-15T16:20:08Z'
  ERROR: Build asset version error: assets/scripts/minijuego 8/botonbatidora.cs in SourceAssetDB has modification time of '2026-07-15T16:18:20Z' while content on disk has modification time of '2026-07-15T16:20:08Z'
Number of updated asset objects reloaded before import = 0Number of asset objects unloaded after import = 0

========================================================================
Received Import Request.
  Time since last request: 0.060068 seconds.
  path: Assets/Scripts/Minijuego 8/BotonBatidora.cs
  artifactKey: Guid(e91d731bbe11c4551a118c6ba60a92bb) Importer(815301076,1909f56bfc062723c751e8b465ee728b)
Start importing Assets/Scripts/Minijuego 8/BotonBatidora.cs using Guid(e91d731bbe11c4551a118c6ba60a92bb) Importer(815301076,1909f56bfc062723c751e8b465ee728b) (PreviewImporter) -> (artifact id: '00000000000000000000000000000000') in 0.000959792 seconds
Import Error Code:(4)
Message: Build asset version error: assets/scripts/minijuego 8/botonbatidora.cs in SourceAssetDB has modification time of '2026-07-15T16:18:20Z' while content on disk has modification time of '2026-07-15T16:20:08Z'
  ERROR: Build asset version error: assets/scripts/minijuego 8/botonbatidora.cs in SourceAssetDB has modification time of '2026-07-15T16:18:20Z' while content on disk has modification time of '2026-07-15T16:20:08Z'
Number of updated asset objects reloaded before import = 0Number of asset objects unloaded after import = 0

========================================================================
Received Import Request.
  Time since last request: 0.158255 seconds.
  path: Assets/Scripts/Minijuego 8/BotonBatidora.cs
  artifactKey: Guid(e91d731bbe11c4551a118c6ba60a92bb) Importer(815301076,1909f56bfc062723c751e8b465ee728b)
Start importing Assets/Scripts/Minijuego 8/BotonBatidora.cs using Guid(e91d731bbe11c4551a118c6ba60a92bb) Importer(815301076,1909f56bfc062723c751e8b465ee728b) (PreviewImporter) -> (artifact id: '00000000000000000000000000000000') in 0.000545834 seconds
Import Error Code:(4)
Message: Build asset version error: assets/scripts/minijuego 8/botonbatidora.cs in SourceAssetDB has modification time of '2026-07-15T16:18:20Z' while content on disk has modification time of '2026-07-15T16:20:08Z'
  ERROR: Build asset version error: assets/scripts/minijuego 8/botonbatidora.cs in SourceAssetDB has modification time of '2026-07-15T16:18:20Z' while content on disk has modification time of '2026-07-15T16:20:08Z'
Number of updated asset objects reloaded before import = 0Number of asset objects unloaded after import = 0

========================================================================
Received Import Request.
  Time since last request: 0.059671 seconds.
  path: Assets/Scripts/Minijuego 8/BotonBatidora.cs
  artifactKey: Guid(e91d731bbe11c4551a118c6ba60a92bb) Importer(815301076,1909f56bfc062723c751e8b465ee728b)
Start importing Assets/Scripts/Minijuego 8/BotonBatidora.cs using Guid(e91d731bbe11c4551a118c6ba60a92bb) Importer(815301076,1909f56bfc062723c751e8b465ee728b) (PreviewImporter) -> (artifact id: '00000000000000000000000000000000') in 0.0007065 seconds
Import Error Code:(4)
Message: Build asset version error: assets/scripts/minijuego 8/botonbatidora.cs in SourceAssetDB has modification time of '2026-07-15T16:18:20Z' while content on disk has modification time of '2026-07-15T16:20:08Z'
  ERROR: Build asset version error: assets/scripts/minijuego 8/botonbatidora.cs in SourceAssetDB has modification time of '2026-07-15T16:18:20Z' while content on disk has modification time of '2026-07-15T16:20:08Z'
Number of updated asset objects reloaded before import = 0Number of asset objects unloaded after import = 0

========================================================================
Received Import Request.
  Time since last request: 0.056371 seconds.
  path: Assets/Scripts/Minijuego 8/BotonBatidora.cs
  artifactKey: Guid(e91d731bbe11c4551a118c6ba60a92bb) Importer(815301076,1909f56bfc062723c751e8b465ee728b)
Start importing Assets/Scripts/Minijuego 8/BotonBatidora.cs using Guid(e91d731bbe11c4551a118c6ba60a92bb) Importer(815301076,1909f56bfc062723c751e8b465ee728b) (PreviewImporter) -> (artifact id: '00000000000000000000000000000000') in 0.000546833 seconds
Import Error Code:(4)
Message: Build asset version error: assets/scripts/minijuego 8/botonbatidora.cs in SourceAssetDB has modification time of '2026-07-15T16:18:20Z' while content on disk has modification time of '2026-07-15T16:20:08Z'
  ERROR: Build asset version error: assets/scripts/minijuego 8/botonbatidora.cs in SourceAssetDB has modification time of '2026-07-15T16:18:20Z' while content on disk has modification time of '2026-07-15T16:20:08Z'
Number of updated asset objects reloaded before import = 0Number of asset objects unloaded after import = 0

========================================================================
Received Import Request.
  Time since last request: 0.167964 seconds.
  path: Assets/Scripts/Minijuego 8/BotonBatidora.cs
  artifactKey: Guid(e91d731bbe11c4551a118c6ba60a92bb) Importer(815301076,1909f56bfc062723c751e8b465ee728b)
Start importing Assets/Scripts/Minijuego 8/BotonBatidora.cs using Guid(e91d731bbe11c4551a118c6ba60a92bb) Importer(815301076,1909f56bfc062723c751e8b465ee728b) (PreviewImporter) -> (artifact id: '00000000000000000000000000000000') in 0.0013445 seconds
Import Error Code:(4)
Message: Build asset version error: assets/scripts/minijuego 8/botonbatidora.cs in SourceAssetDB has modification time of '2026-07-15T16:18:20Z' while content on disk has modification time of '2026-07-15T16:20:08Z'
  ERROR: Build asset version error: assets/scripts/minijuego 8/botonbatidora.cs in SourceAssetDB has modification time of '2026-07-15T16:18:20Z' while content on disk has modification time of '2026-07-15T16:20:08Z'
Number of updated asset objects reloaded before import = 0Number of asset objects unloaded after import = 0

========================================================================
Received Import Request.
  Time since last request: 0.159235 seconds.
  path: Assets/Scripts/Minijuego 8/BotonBatidora.cs
  artifactKey: Guid(e91d731bbe11c4551a118c6ba60a92bb) Importer(815301076,1909f56bfc062723c751e8b465ee728b)
Start importing Assets/Scripts/Minijuego 8/BotonBatidora.cs using Guid(e91d731bbe11c4551a118c6ba60a92bb) Importer(815301076,1909f56bfc062723c751e8b465ee728b) (PreviewImporter) -> (artifact id: '00000000000000000000000000000000') in 0.000687041 seconds
Import Error Code:(4)
Message: Build asset version error: assets/scripts/minijuego 8/botonbatidora.cs in SourceAssetDB has modification time of '2026-07-15T16:18:20Z' while content on disk has modification time of '2026-07-15T16:20:08Z'
  ERROR: Build asset version error: assets/scripts/minijuego 8/botonbatidora.cs in SourceAssetDB has modification time of '2026-07-15T16:18:20Z' while content on disk has modification time of '2026-07-15T16:20:08Z'
Number of updated asset objects reloaded before import = 0Number of asset objects unloaded after import = 0

========================================================================
Received Import Request.
  Time since last request: 0.065091 seconds.
  path: Assets/Scripts/Minijuego 8/BotonBatidora.cs
  artifactKey: Guid(e91d731bbe11c4551a118c6ba60a92bb) Importer(815301076,1909f56bfc062723c751e8b465ee728b)
Start importing Assets/Scripts/Minijuego 8/BotonBatidora.cs using Guid(e91d731bbe11c4551a118c6ba60a92bb) Importer(815301076,1909f56bfc062723c751e8b465ee728b) (PreviewImporter) -> (artifact id: '00000000000000000000000000000000') in 0.000569541 seconds
Import Error Code:(4)
Message: Build asset version error: assets/scripts/minijuego 8/botonbatidora.cs in SourceAssetDB has modification time of '2026-07-15T16:18:20Z' while content on disk has modification time of '2026-07-15T16:20:08Z'
  ERROR: Build asset version error: assets/scripts/minijuego 8/botonbatidora.cs in SourceAssetDB has modification time of '2026-07-15T16:18:20Z' while content on disk has modification time of '2026-07-15T16:20:08Z'
Number of updated asset objects reloaded before import = 0Number of asset objects unloaded after import = 0

========================================================================
Received Import Request.
  Time since last request: 0.165928 seconds.
  path: Assets/Scripts/Minijuego 8/BotonBatidora.cs
  artifactKey: Guid(e91d731bbe11c4551a118c6ba60a92bb) Importer(815301076,1909f56bfc062723c751e8b465ee728b)
Start importing Assets/Scripts/Minijuego 8/BotonBatidora.cs using Guid(e91d731bbe11c4551a118c6ba60a92bb) Importer(815301076,1909f56bfc062723c751e8b465ee728b) (PreviewImporter) -> (artifact id: '00000000000000000000000000000000') in 0.000660041 seconds
Import Error Code:(4)
Message: Build asset version error: assets/scripts/minijuego 8/botonbatidora.cs in SourceAssetDB has modification time of '2026-07-15T16:18:20Z' while content on disk has modification time of '2026-07-15T16:20:08Z'
  ERROR: Build asset version error: assets/scripts/minijuego 8/botonbatidora.cs in SourceAssetDB has modification time of '2026-07-15T16:18:20Z' while content on disk has modification time of '2026-07-15T16:20:08Z'
Number of updated asset objects reloaded before import = 0Number of asset objects unloaded after import = 0

========================================================================
Received Import Request.
  Time since last request: 0.059756 seconds.
  path: Assets/Scripts/Minijuego 8/BotonBatidora.cs
  artifactKey: Guid(e91d731bbe11c4551a118c6ba60a92bb) Importer(815301076,1909f56bfc062723c751e8b465ee728b)
Start importing Assets/Scripts/Minijuego 8/BotonBatidora.cs using Guid(e91d731bbe11c4551a118c6ba60a92bb) Importer(815301076,1909f56bfc062723c751e8b465ee728b) (PreviewImporter) -> (artifact id: '00000000000000000000000000000000') in 0.00055925 seconds
Import Error Code:(4)
Message: Build asset version error: assets/scripts/minijuego 8/botonbatidora.cs in SourceAssetDB has modification time of '2026-07-15T16:18:20Z' while content on disk has modification time of '2026-07-15T16:20:08Z'
  ERROR: Build asset version error: assets/scripts/minijuego 8/botonbatidora.cs in SourceAssetDB has modification time of '2026-07-15T16:18:20Z' while content on disk has modification time of '2026-07-15T16:20:08Z'
Number of updated asset objects reloaded before import = 0Number of asset objects unloaded after import = 0

========================================================================
Received Import Request.
  Time since last request: 0.070637 seconds.
  path: Assets/Scripts/Minijuego 8/BotonBatidora.cs
  artifactKey: Guid(e91d731bbe11c4551a118c6ba60a92bb) Importer(815301076,1909f56bfc062723c751e8b465ee728b)
Start importing Assets/Scripts/Minijuego 8/BotonBatidora.cs using Guid(e91d731bbe11c4551a118c6ba60a92bb) Importer(815301076,1909f56bfc062723c751e8b465ee728b) (PreviewImporter) -> (artifact id: '00000000000000000000000000000000') in 0.000591042 seconds
Import Error Code:(4)
Message: Build asset version error: assets/scripts/minijuego 8/botonbatidora.cs in SourceAssetDB has modification time of '2026-07-15T16:18:20Z' while content on disk has modification time of '2026-07-15T16:20:08Z'
  ERROR: Build asset version error: assets/scripts/minijuego 8/botonbatidora.cs in SourceAssetDB has modification time of '2026-07-15T16:18:20Z' while content on disk has modification time of '2026-07-15T16:20:08Z'
Number of updated asset objects reloaded before import = 0Number of asset objects unloaded after import = 0

========================================================================
Received Import Request.
  Time since last request: 0.166804 seconds.
  path: Assets/Scripts/Minijuego 8/BotonBatidora.cs
  artifactKey: Guid(e91d731bbe11c4551a118c6ba60a92bb) Importer(815301076,1909f56bfc062723c751e8b465ee728b)
Start importing Assets/Scripts/Minijuego 8/BotonBatidora.cs using Guid(e91d731bbe11c4551a118c6ba60a92bb) Importer(815301076,1909f56bfc062723c751e8b465ee728b) (PreviewImporter) -> (artifact id: '00000000000000000000000000000000') in 0.000663917 seconds
Import Error Code:(4)
Message: Build asset version error: assets/scripts/minijuego 8/botonbatidora.cs in SourceAssetDB has modification time of '2026-07-15T16:18:20Z' while content on disk has modification time of '2026-07-15T16:20:08Z'
  ERROR: Build asset version error: assets/scripts/minijuego 8/botonbatidora.cs in SourceAssetDB has modification time of '2026-07-15T16:18:20Z' while content on disk has modification time of '2026-07-15T16:20:08Z'
Number of updated asset objects reloaded before import = 0Number of asset objects unloaded after import = 0

========================================================================
Received Import Request.
  Time since last request: 0.157321 seconds.
  path: Assets/Scripts/Minijuego 8/BotonBatidora.cs
  artifactKey: Guid(e91d731bbe11c4551a118c6ba60a92bb) Importer(815301076,1909f56bfc062723c751e8b465ee728b)
Start importing Assets/Scripts/Minijuego 8/BotonBatidora.cs using Guid(e91d731bbe11c4551a118c6ba60a92bb) Importer(815301076,1909f56bfc062723c751e8b465ee728b) (PreviewImporter) -> (artifact id: '00000000000000000000000000000000') in 0.000715375 seconds
Import Error Code:(4)
Message: Build asset version error: assets/scripts/minijuego 8/botonbatidora.cs in SourceAssetDB has modification time of '2026-07-15T16:18:20Z' while content on disk has modification time of '2026-07-15T16:20:08Z'
  ERROR: Build asset version error: assets/scripts/minijuego 8/botonbatidora.cs in SourceAssetDB has modification time of '2026-07-15T16:18:20Z' while content on disk has modification time of '2026-07-15T16:20:08Z'
Number of updated asset objects reloaded before import = 0Number of asset objects unloaded after import = 0

========================================================================
Received Import Request.
  Time since last request: 0.154896 seconds.
  path: Assets/Scripts/Minijuego 8/BotonBatidora.cs
  artifactKey: Guid(e91d731bbe11c4551a118c6ba60a92bb) Importer(815301076,1909f56bfc062723c751e8b465ee728b)
Start importing Assets/Scripts/Minijuego 8/BotonBatidora.cs using Guid(e91d731bbe11c4551a118c6ba60a92bb) Importer(815301076,1909f56bfc062723c751e8b465ee728b) (PreviewImporter) -> (artifact id: '00000000000000000000000000000000') in 0.00053075 seconds
Import Error Code:(4)
Message: Build asset version error: assets/scripts/minijuego 8/botonbatidora.cs in SourceAssetDB has modification time of '2026-07-15T16:18:20Z' while content on disk has modification time of '2026-07-15T16:20:08Z'
  ERROR: Build asset version error: assets/scripts/minijuego 8/botonbatidora.cs in SourceAssetDB has modification time of '2026-07-15T16:18:20Z' while content on disk has modification time of '2026-07-15T16:20:08Z'
Number of updated asset objects reloaded before import = 0Number of asset objects unloaded after import = 0

========================================================================
Received Import Request.
  Time since last request: 0.156601 seconds.
  path: Assets/Scripts/Minijuego 8/BotonBatidora.cs
  artifactKey: Guid(e91d731bbe11c4551a118c6ba60a92bb) Importer(815301076,1909f56bfc062723c751e8b465ee728b)
Start importing Assets/Scripts/Minijuego 8/BotonBatidora.cs using Guid(e91d731bbe11c4551a118c6ba60a92bb) Importer(815301076,1909f56bfc062723c751e8b465ee728b) (PreviewImporter) -> (artifact id: '00000000000000000000000000000000') in 0.000877334 seconds
Import Error Code:(4)
Message: Build asset version error: assets/scripts/minijuego 8/botonbatidora.cs in SourceAssetDB has modification time of '2026-07-15T16:18:20Z' while content on disk has modification time of '2026-07-15T16:20:08Z'
  ERROR: Build asset version error: assets/scripts/minijuego 8/botonbatidora.cs in SourceAssetDB has modification time of '2026-07-15T16:18:20Z' while content on disk has modification time of '2026-07-15T16:20:08Z'
Number of updated asset objects reloaded before import = 0Number of asset objects unloaded after import = 0

========================================================================
Received Import Request.
  Time since last request: 0.160849 seconds.
  path: Assets/Scripts/Minijuego 8/BotonBatidora.cs
  artifactKey: Guid(e91d731bbe11c4551a118c6ba60a92bb) Importer(815301076,1909f56bfc062723c751e8b465ee728b)
Start importing Assets/Scripts/Minijuego 8/BotonBatidora.cs using Guid(e91d731bbe11c4551a118c6ba60a92bb) Importer(815301076,1909f56bfc062723c751e8b465ee728b) (PreviewImporter) -> (artifact id: '00000000000000000000000000000000') in 0.00123875 seconds
Import Error Code:(4)
Message: Build asset version error: assets/scripts/minijuego 8/botonbatidora.cs in SourceAssetDB has modification time of '2026-07-15T16:18:20Z' while content on disk has modification time of '2026-07-15T16:20:08Z'
  ERROR: Build asset version error: assets/scripts/minijuego 8/botonbatidora.cs in SourceAssetDB has modification time of '2026-07-15T16:18:20Z' while content on disk has modification time of '2026-07-15T16:20:08Z'
Number of updated asset objects reloaded before import = 0Number of asset objects unloaded after import = 0

========================================================================
Received Import Request.
  Time since last request: 0.154517 seconds.
  path: Assets/Scripts/Minijuego 8/BotonBatidora.cs
  artifactKey: Guid(e91d731bbe11c4551a118c6ba60a92bb) Importer(815301076,1909f56bfc062723c751e8b465ee728b)
Start importing Assets/Scripts/Minijuego 8/BotonBatidora.cs using Guid(e91d731bbe11c4551a118c6ba60a92bb) Importer(815301076,1909f56bfc062723c751e8b465ee728b) (PreviewImporter) -> (artifact id: '00000000000000000000000000000000') in 0.000608916 seconds
Import Error Code:(4)
Message: Build asset version error: assets/scripts/minijuego 8/botonbatidora.cs in SourceAssetDB has modification time of '2026-07-15T16:18:20Z' while content on disk has modification time of '2026-07-15T16:20:08Z'
  ERROR: Build asset version error: assets/scripts/minijuego 8/botonbatidora.cs in SourceAssetDB has modification time of '2026-07-15T16:18:20Z' while content on disk has modification time of '2026-07-15T16:20:08Z'
Number of updated asset objects reloaded before import = 0Number of asset objects unloaded after import = 0

========================================================================
Received Import Request.
  Time since last request: 0.058818 seconds.
  path: Assets/Scripts/Minijuego 8/BotonBatidora.cs
  artifactKey: Guid(e91d731bbe11c4551a118c6ba60a92bb) Importer(815301076,1909f56bfc062723c751e8b465ee728b)
Start importing Assets/Scripts/Minijuego 8/BotonBatidora.cs using Guid(e91d731bbe11c4551a118c6ba60a92bb) Importer(815301076,1909f56bfc062723c751e8b465ee728b) (PreviewImporter) -> (artifact id: '00000000000000000000000000000000') in 0.000695958 seconds
Import Error Code:(4)
Message: Build asset version error: assets/scripts/minijuego 8/botonbatidora.cs in SourceAssetDB has modification time of '2026-07-15T16:18:20Z' while content on disk has modification time of '2026-07-15T16:20:08Z'
  ERROR: Build asset version error: assets/scripts/minijuego 8/botonbatidora.cs in SourceAssetDB has modification time of '2026-07-15T16:18:20Z' while content on disk has modification time of '2026-07-15T16:20:08Z'
Number of updated asset objects reloaded before import = 0Number of asset objects unloaded after import = 0

========================================================================
Received Import Request.
  Time since last request: 0.161062 seconds.
  path: Assets/Scripts/Minijuego 8/BotonBatidora.cs
  artifactKey: Guid(e91d731bbe11c4551a118c6ba60a92bb) Importer(815301076,1909f56bfc062723c751e8b465ee728b)
Start importing Assets/Scripts/Minijuego 8/BotonBatidora.cs using Guid(e91d731bbe11c4551a118c6ba60a92bb) Importer(815301076,1909f56bfc062723c751e8b465ee728b) (PreviewImporter) -> (artifact id: '00000000000000000000000000000000') in 0.000500959 seconds
Import Error Code:(4)
Message: Build asset version error: assets/scripts/minijuego 8/botonbatidora.cs in SourceAssetDB has modification time of '2026-07-15T16:18:20Z' while content on disk has modification time of '2026-07-15T16:20:08Z'
  ERROR: Build asset version error: assets/scripts/minijuego 8/botonbatidora.cs in SourceAssetDB has modification time of '2026-07-15T16:18:20Z' while content on disk has modification time of '2026-07-15T16:20:08Z'
Number of updated asset objects reloaded before import = 0Number of asset objects unloaded after import = 0

========================================================================
Received Import Request.
  Time since last request: 0.162261 seconds.
  path: Assets/Scripts/Minijuego 8/BotonBatidora.cs
  artifactKey: Guid(e91d731bbe11c4551a118c6ba60a92bb) Importer(815301076,1909f56bfc062723c751e8b465ee728b)
Start importing Assets/Scripts/Minijuego 8/BotonBatidora.cs using Guid(e91d731bbe11c4551a118c6ba60a92bb) Importer(815301076,1909f56bfc062723c751e8b465ee728b) (PreviewImporter) -> (artifact id: '00000000000000000000000000000000') in 0.000839666 seconds
Import Error Code:(4)
Message: Build asset version error: assets/scripts/minijuego 8/botonbatidora.cs in SourceAssetDB has modification time of '2026-07-15T16:18:20Z' while content on disk has modification time of '2026-07-15T16:20:08Z'
  ERROR: Build asset version error: assets/scripts/minijuego 8/botonbatidora.cs in SourceAssetDB has modification time of '2026-07-15T16:18:20Z' while content on disk has modification time of '2026-07-15T16:20:08Z'
Number of updated asset objects reloaded before import = 0Number of asset objects unloaded after import = 0

========================================================================
Received Import Request.
  Time since last request: 0.053994 seconds.
  path: Assets/Scripts/Minijuego 8/BotonBatidora.cs
  artifactKey: Guid(e91d731bbe11c4551a118c6ba60a92bb) Importer(815301076,1909f56bfc062723c751e8b465ee728b)
Start importing Assets/Scripts/Minijuego 8/BotonBatidora.cs using Guid(e91d731bbe11c4551a118c6ba60a92bb) Importer(815301076,1909f56bfc062723c751e8b465ee728b) (PreviewImporter) -> (artifact id: '00000000000000000000000000000000') in 0.000557333 seconds
Import Error Code:(4)
Message: Build asset version error: assets/scripts/minijuego 8/botonbatidora.cs in SourceAssetDB has modification time of '2026-07-15T16:18:20Z' while content on disk has modification time of '2026-07-15T16:20:08Z'
  ERROR: Build asset version error: assets/scripts/minijuego 8/botonbatidora.cs in SourceAssetDB has modification time of '2026-07-15T16:18:20Z' while content on disk has modification time of '2026-07-15T16:20:08Z'
Number of updated asset objects reloaded before import = 0Number of asset objects unloaded after import = 0

========================================================================
Received Import Request.
  Time since last request: 0.163044 seconds.
  path: Assets/Scripts/Minijuego 8/BotonBatidora.cs
  artifactKey: Guid(e91d731bbe11c4551a118c6ba60a92bb) Importer(815301076,1909f56bfc062723c751e8b465ee728b)
Start importing Assets/Scripts/Minijuego 8/BotonBatidora.cs using Guid(e91d731bbe11c4551a118c6ba60a92bb) Importer(815301076,1909f56bfc062723c751e8b465ee728b) (PreviewImporter) -> (artifact id: '00000000000000000000000000000000') in 0.000550208 seconds
Import Error Code:(4)
Message: Build asset version error: assets/scripts/minijuego 8/botonbatidora.cs in SourceAssetDB has modification time of '2026-07-15T16:18:20Z' while content on disk has modification time of '2026-07-15T16:20:08Z'
  ERROR: Build asset version error: assets/scripts/minijuego 8/botonbatidora.cs in SourceAssetDB has modification time of '2026-07-15T16:18:20Z' while content on disk has modification time of '2026-07-15T16:20:08Z'
Number of updated asset objects reloaded before import = 0Number of asset objects unloaded after import = 0

========================================================================
Received Import Request.
  Time since last request: 0.060652 seconds.
  path: Assets/Scripts/Minijuego 8/BotonBatidora.cs
  artifactKey: Guid(e91d731bbe11c4551a118c6ba60a92bb) Importer(815301076,1909f56bfc062723c751e8b465ee728b)
Start importing Assets/Scripts/Minijuego 8/BotonBatidora.cs using Guid(e91d731bbe11c4551a118c6ba60a92bb) Importer(815301076,1909f56bfc062723c751e8b465ee728b) (PreviewImporter) -> (artifact id: '00000000000000000000000000000000') in 0.001639584 seconds
Import Error Code:(4)
Message: Build asset version error: assets/scripts/minijuego 8/botonbatidora.cs in SourceAssetDB has modification time of '2026-07-15T16:18:20Z' while content on disk has modification time of '2026-07-15T16:20:08Z'
  ERROR: Build asset version error: assets/scripts/minijuego 8/botonbatidora.cs in SourceAssetDB has modification time of '2026-07-15T16:18:20Z' while content on disk has modification time of '2026-07-15T16:20:08Z'
Number of updated asset objects reloaded before import = 0Number of asset objects unloaded after import = 0

========================================================================
Received Prepare
Begin MonoManager ReloadAssembly
[Licensing::Client] Successfully resolved entitlement details
Thread 0x16dcdb000 may have been prematurely finalized
- Loaded All Assemblies, in  1.957 seconds
Refreshing native plugins compatible for Editor in 1.24 ms, found 2 plugins.
Native extension for OSXStandalone target not found
[Package Manager] Failed to launch server process. Reason: Unity was launched with the -noUpm command-line argument
[Package Manager] Unable to send message (not connected to server process).
[Package Manager] Cannot connect to Unity Package Manager local server
Mono: successfully reloaded assembly
- Finished resetting the current domain, in  1.371 seconds
Domain Reload Profiling: 3340ms
	BeginReloadAssembly (689ms)
		ExecutionOrderSort (0ms)
		DisableScriptedObjects (54ms)
		BackupInstance (0ms)
		ReleaseScriptingObjects (1ms)
		CreateAndSetChildDomain (279ms)
	RebuildCommonClasses (103ms)
	RebuildNativeTypeToScriptingClass (33ms)
	initialDomainReloadingComplete (62ms)
	LoadAllAssembliesAndSetupDomain (1082ms)
		LoadAssemblies (645ms)
		RebuildTransferFunctionScriptingTraits (0ms)
		AnalyzeDomain (562ms)
			TypeCache.Refresh (28ms)
				TypeCache.ScanAssembly (0ms)
			BuildScriptInfoCaches (484ms)
			ResolveRequiredComponents (38ms)
	FinalizeReload (1372ms)
		ReleaseScriptCaches (0ms)
		RebuildScriptCaches (0ms)
		SetupLoadedEditorAssemblies (1065ms)
			LogAssemblyErrors (0ms)
			InitializePlatformSupportModulesInManaged (4ms)
			SetLoadedEditorAssemblies (13ms)
			BeforeProcessingInitializeOnLoad (368ms)
			ProcessInitializeOnLoadAttributes (580ms)
			ProcessInitializeOnLoadMethodAttributes (99ms)
			AfterProcessingInitializeOnLoad (1ms)
			EditorAssembliesLoaded (1ms)
		ExecutionOrderSort2 (0ms)
		AwakeInstancesAfterBackupRestoration (15ms)
WARNING: Shader Unsupported: 'Universal Render Pipeline/VR/SpatialMapping/Wireframe' - All subshaders removed
WARNING: Shader Did you use #pragma only_renderers and omit this platform?
WARNING: Shader If subshaders removal was intentional, you may have forgotten turning Fallback off?
WARNING: Shader Unsupported: 'Universal Render Pipeline/VR/SpatialMapping/Wireframe' - All subshaders removed
WARNING: Shader Did you use #pragma only_renderers and omit this platform?
WARNING: Shader If subshaders removal was intentional, you may have forgotten turning Fallback off?
Refreshing native plugins compatible for Editor in 0.75 ms, found 2 plugins.
Preloading 0 native plugins for Editor in 0.00 ms.
Unloading 17 Unused Serialized files (Serialized files now loaded: 0)
Unloading 6906 unused Assets / (5.0 MB). Loaded Objects now: 7773.
Memory consumption went from 154.2 MB to 149.2 MB.
Total: 11.679041 ms (FindLiveObjects: 0.782583 ms CreateObjectMapping: 0.372042 ms MarkObjects: 7.897375 ms  DeleteObjects: 2.626458 ms)

Prepare: number of updated asset objects reloaded= 0
========================================================================
Received Import Request.
  Time since last request: 38.829549 seconds.
  path: Assets/Scenes/Minijuegos (Templates)/Minijuego 8.unity
  artifactKey: Guid(50accce70f54c4ca29b7f96f3c79ee0b) Importer(815301076,1909f56bfc062723c751e8b465ee728b)
Start importing Assets/Scenes/Minijuegos (Templates)/Minijuego 8.unity using Guid(50accce70f54c4ca29b7f96f3c79ee0b) Importer(815301076,1909f56bfc062723c751e8b465ee728b) (PreviewImporter) -> (artifact id: '1032d0d875b9c4033b9c6707ed814ecf') in 0.038077417 seconds
Number of updated asset objects reloaded before import = 0Number of asset objects unloaded after import = 0

========================================================================
Received Import Request.
  Time since last request: 6.579061 seconds.
  path: Assets/Scenes/GameCurse/Parte 3/Minijuego 8.unity
  artifactKey: Guid(1ee1727eab92c4bb396be0e8d5d0c11e) Importer(815301076,1909f56bfc062723c751e8b465ee728b)
Start importing Assets/Scenes/GameCurse/Parte 3/Minijuego 8.unity using Guid(1ee1727eab92c4bb396be0e8d5d0c11e) Importer(815301076,1909f56bfc062723c751e8b465ee728b) (PreviewImporter) -> (artifact id: '709cd2535738ac5d6d22d083f8bca17f') in 0.004156208 seconds
Number of updated asset objects reloaded before import = 0Number of asset objects unloaded after import = 0

========================================================================
Received Import Request.
  Time since last request: 6.773478 seconds.
  path: Assets/Scenes/GameCurse/Parte 3/Escena29.unity
  artifactKey: Guid(1ee1727eab92c4bb396be0e8d5d0c11e) Importer(815301076,1909f56bfc062723c751e8b465ee728b)
Start importing Assets/Scenes/GameCurse/Parte 3/Escena29.unity using Guid(1ee1727eab92c4bb396be0e8d5d0c11e) Importer(815301076,1909f56bfc062723c751e8b465ee728b) (PreviewImporter) -> (artifact id: 'b637602ffa46918031b4281c8c619cad') in 0.001152167 seconds
Number of updated asset objects reloaded before import = 0Number of asset objects unloaded after import = 0

========================================================================
Received Prepare
Begin MonoManager ReloadAssembly
[Licensing::Client] Successfully resolved entitlement details
Thread 0x16dcdb000 may have been prematurely finalized
- Loaded All Assemblies, in  1.939 seconds
Refreshing native plugins compatible for Editor in 1.04 ms, found 2 plugins.
Native extension for OSXStandalone target not found
[Package Manager] Failed to launch server process. Reason: Unity was launched with the -noUpm command-line argument
[Package Manager] Unable to send message (not connected to server process).
[Package Manager] Cannot connect to Unity Package Manager local server
Mono: successfully reloaded assembly
- Finished resetting the current domain, in  1.699 seconds
Domain Reload Profiling: 3645ms
	BeginReloadAssembly (674ms)
		ExecutionOrderSort (0ms)
		DisableScriptedObjects (62ms)
		BackupInstance (0ms)
		ReleaseScriptingObjects (1ms)
		CreateAndSetChildDomain (283ms)
	RebuildCommonClasses (87ms)
	RebuildNativeTypeToScriptingClass (37ms)
	initialDomainReloadingComplete (68ms)
	LoadAllAssembliesAndSetupDomain (1080ms)
		LoadAssemblies (693ms)
		RebuildTransferFunctionScriptingTraits (0ms)
		AnalyzeDomain (557ms)
			TypeCache.Refresh (36ms)
				TypeCache.ScanAssembly (1ms)
			BuildScriptInfoCaches (486ms)
			ResolveRequiredComponents (27ms)
	FinalizeReload (1699ms)
		ReleaseScriptCaches (0ms)
		RebuildScriptCaches (0ms)
		SetupLoadedEditorAssemblies (1454ms)
			LogAssemblyErrors (0ms)
			InitializePlatformSupportModulesInManaged (3ms)
			SetLoadedEditorAssemblies (11ms)
			BeforeProcessingInitializeOnLoad (331ms)
			ProcessInitializeOnLoadAttributes (987ms)
			ProcessInitializeOnLoadMethodAttributes (119ms)
			AfterProcessingInitializeOnLoad (2ms)
			EditorAssembliesLoaded (0ms)
		ExecutionOrderSort2 (0ms)
		AwakeInstancesAfterBackupRestoration (18ms)
WARNING: Shader Unsupported: 'Universal Render Pipeline/VR/SpatialMapping/Wireframe' - All subshaders removed
WARNING: Shader Did you use #pragma only_renderers and omit this platform?
WARNING: Shader If subshaders removal was intentional, you may have forgotten turning Fallback off?
WARNING: Shader Unsupported: 'Universal Render Pipeline/VR/SpatialMapping/Wireframe' - All subshaders removed
WARNING: Shader Did you use #pragma only_renderers and omit this platform?
WARNING: Shader If subshaders removal was intentional, you may have forgotten turning Fallback off?
Refreshing native plugins compatible for Editor in 0.79 ms, found 2 plugins.
Preloading 0 native plugins for Editor in 0.00 ms.
Unloading 17 Unused Serialized files (Serialized files now loaded: 0)
Unloading 6906 unused Assets / (5.6 MB). Loaded Objects now: 7776.
Memory consumption went from 154.2 MB to 148.6 MB.
Total: 13.873667 ms (FindLiveObjects: 0.557708 ms CreateObjectMapping: 0.420041 ms MarkObjects: 9.249292 ms  DeleteObjects: 3.417792 ms)

Prepare: number of updated asset objects reloaded= 0
========================================================================
Received Import Request.
  Time since last request: 125.942238 seconds.
  path: Assets/Scripts/Minijuego 8/Batidora.cs
  artifactKey: Guid(2d3557400e11c4812b97673093607ef9) Importer(2089858483,b0f066a214c2f5e87bad3c948f4d605d)
Start importing Assets/Scripts/Minijuego 8/Batidora.cs using Guid(2d3557400e11c4812b97673093607ef9) Importer(2089858483,b0f066a214c2f5e87bad3c948f4d605d) (ScriptedImporter) -> (artifact id: '18496c9f98eb35c5767ba6d0480635f7') in 0.150894667 seconds
Number of updated asset objects reloaded before import = 0Number of asset objects unloaded after import = 0

========================================================================
Received Import Request.
  Time since last request: 0.000091 seconds.
  path: Assets/Scenes/GameCurse/Parte 3/Escena 28.unity
  artifactKey: Guid(b4f31994c6a6248acbc2be3bc55a61e8) Importer(2089858483,b0f066a214c2f5e87bad3c948f4d605d)
Start importing Assets/Scenes/GameCurse/Parte 3/Escena 28.unity using Guid(b4f31994c6a6248acbc2be3bc55a61e8) Importer(2089858483,b0f066a214c2f5e87bad3c948f4d605d) (ScriptedImporter) -> (artifact id: 'a857a07b0a2680a581506d643525644d') in 0.004451125 seconds
Number of updated asset objects reloaded before import = 0Number of asset objects unloaded after import = 1

========================================================================
Received Import Request.
  Time since last request: 0.000042 seconds.
  path: Assets/Scenes/GameCurse/Parte 3/Escena29.unity
  artifactKey: Guid(1ee1727eab92c4bb396be0e8d5d0c11e) Importer(2089858483,b0f066a214c2f5e87bad3c948f4d605d)
Start importing Assets/Scenes/GameCurse/Parte 3/Escena29.unity using Guid(1ee1727eab92c4bb396be0e8d5d0c11e) Importer(2089858483,b0f066a214c2f5e87bad3c948f4d605d) (ScriptedImporter) -> (artifact id: 'a97b4b048920657d5814fe82c2070258') in 0.006238916 seconds
Number of updated asset objects reloaded before import = 0Number of asset objects unloaded after import = 1

========================================================================
Received Import Request.
  Time since last request: 152.682454 seconds.
  path: Assets/Scenes/GameCurse/Parte 2/Escena 21.unity
  artifactKey: Guid(e1e2e6acf30d74322857f50cc1079fba) Importer(815301076,1909f56bfc062723c751e8b465ee728b)
Start importing Assets/Scenes/GameCurse/Parte 2/Escena 21.unity using Guid(e1e2e6acf30d74322857f50cc1079fba) Importer(815301076,1909f56bfc062723c751e8b465ee728b) (PreviewImporter) -> (artifact id: 'b273fcda0de2de983a66e2b1a0c4b6b2') in 0.004015333 seconds
Number of updated asset objects reloaded before import = 0Number of asset objects unloaded after import = 0

========================================================================
Received Import Request.
  Time since last request: 15.898046 seconds.
  path: Assets/Scenes/GameCurse/Parte 3/Escena 26.unity
  artifactKey: Guid(30f7be3a2cd37436686c5e55fdee4273) Importer(815301076,1909f56bfc062723c751e8b465ee728b)
Start importing Assets/Scenes/GameCurse/Parte 3/Escena 26.unity using Guid(30f7be3a2cd37436686c5e55fdee4273) Importer(815301076,1909f56bfc062723c751e8b465ee728b) (PreviewImporter) -> (artifact id: '0ee29d13aaa41325158a917cf57b8fb8') in 0.003543916 seconds
Number of updated asset objects reloaded before import = 0Number of asset objects unloaded after import = 0

========================================================================
Received Import Request.
  Time since last request: 7.469417 seconds.
  path: Assets/Scenes/GameCurse/Parte 3/Escena 28.unity
  artifactKey: Guid(b4f31994c6a6248acbc2be3bc55a61e8) Importer(815301076,1909f56bfc062723c751e8b465ee728b)
Start importing Assets/Scenes/GameCurse/Parte 3/Escena 28.unity using Guid(b4f31994c6a6248acbc2be3bc55a61e8) Importer(815301076,1909f56bfc062723c751e8b465ee728b) (PreviewImporter) -> (artifact id: '9f6266d4a885ab27f5b35150443bbf2e') in 0.00505875 seconds
Number of updated asset objects reloaded before import = 0Number of asset objects unloaded after import = 0

========================================================================
Received Import Request.
  Time since last request: 3.795020 seconds.
  path: Assets/Scenes/GameCurse/Parte 3/Escena29.unity
  artifactKey: Guid(1ee1727eab92c4bb396be0e8d5d0c11e) Importer(815301076,1909f56bfc062723c751e8b465ee728b)
Start importing Assets/Scenes/GameCurse/Parte 3/Escena29.unity using Guid(1ee1727eab92c4bb396be0e8d5d0c11e) Importer(815301076,1909f56bfc062723c751e8b465ee728b) (PreviewImporter) -> (artifact id: 'cec06bda1a3901874da147f45c4c1f5d') in 0.00112025 seconds
Number of updated asset objects reloaded before import = 0Number of asset objects unloaded after import = 0

========================================================================
Received Import Request.
  Time since last request: 30.020032 seconds.
  path: Assets/Scenes/GameCurse/Parte 3/Escena29.unity
  artifactKey: Guid(1ee1727eab92c4bb396be0e8d5d0c11e) Importer(2089858483,b0f066a214c2f5e87bad3c948f4d605d)
Start importing Assets/Scenes/GameCurse/Parte 3/Escena29.unity using Guid(1ee1727eab92c4bb396be0e8d5d0c11e) Importer(2089858483,b0f066a214c2f5e87bad3c948f4d605d) (ScriptedImporter) -> (artifact id: '626dfb519609ec89729c4e91e10ebddb') in 0.041869 seconds
Number of updated asset objects reloaded before import = 0Number of asset objects unloaded after import = 1

========================================================================
Received Prepare
Begin MonoManager ReloadAssembly
[Licensing::Client] Successfully resolved entitlement details
Thread 0x16dcdb000 may have been prematurely finalized
- Loaded All Assemblies, in  1.169 seconds
Refreshing native plugins compatible for Editor in 0.87 ms, found 2 plugins.
Native extension for OSXStandalone target not found
[Package Manager] Failed to launch server process. Reason: Unity was launched with the -noUpm command-line argument
[Package Manager] Unable to send message (not connected to server process).
[Package Manager] Cannot connect to Unity Package Manager local server
Mono: successfully reloaded assembly
- Finished resetting the current domain, in  1.581 seconds
Domain Reload Profiling: 2757ms
	BeginReloadAssembly (308ms)
		ExecutionOrderSort (0ms)
		DisableScriptedObjects (27ms)
		BackupInstance (0ms)
		ReleaseScriptingObjects (1ms)
		CreateAndSetChildDomain (121ms)
	RebuildCommonClasses (55ms)
	RebuildNativeTypeToScriptingClass (20ms)
	initialDomainReloadingComplete (33ms)
	LoadAllAssembliesAndSetupDomain (759ms)
		LoadAssemblies (409ms)
		RebuildTransferFunctionScriptingTraits (0ms)
		AnalyzeDomain (411ms)
			TypeCache.Refresh (28ms)
				TypeCache.ScanAssembly (0ms)
			BuildScriptInfoCaches (344ms)
			ResolveRequiredComponents (30ms)
	FinalizeReload (1582ms)
		ReleaseScriptCaches (0ms)
		RebuildScriptCaches (0ms)
		SetupLoadedEditorAssemblies (1277ms)
			LogAssemblyErrors (0ms)
			InitializePlatformSupportModulesInManaged (3ms)
			SetLoadedEditorAssemblies (15ms)
			BeforeProcessingInitializeOnLoad (404ms)
			ProcessInitializeOnLoadAttributes (686ms)
			ProcessInitializeOnLoadMethodAttributes (166ms)
			AfterProcessingInitializeOnLoad (3ms)
			EditorAssembliesLoaded (1ms)
		ExecutionOrderSort2 (0ms)
		AwakeInstancesAfterBackupRestoration (26ms)
WARNING: Shader Unsupported: 'Universal Render Pipeline/VR/SpatialMapping/Wireframe' - All subshaders removed
WARNING: Shader Did you use #pragma only_renderers and omit this platform?
WARNING: Shader If subshaders removal was intentional, you may have forgotten turning Fallback off?
WARNING: Shader Unsupported: 'Universal Render Pipeline/VR/SpatialMapping/Wireframe' - All subshaders removed
WARNING: Shader Did you use #pragma only_renderers and omit this platform?
WARNING: Shader If subshaders removal was intentional, you may have forgotten turning Fallback off?
Refreshing native plugins compatible for Editor in 0.81 ms, found 2 plugins.
Preloading 0 native plugins for Editor in 0.00 ms.
Unloading 17 Unused Serialized files (Serialized files now loaded: 0)
Unloading 6906 unused Assets / (6.0 MB). Loaded Objects now: 7779.
Memory consumption went from 154.2 MB to 148.1 MB.
Total: 14.009458 ms (FindLiveObjects: 0.761833 ms CreateObjectMapping: 0.457208 ms MarkObjects: 9.176375 ms  DeleteObjects: 3.613333 ms)

Prepare: number of updated asset objects reloaded= 0
========================================================================
Received Prepare
Begin MonoManager ReloadAssembly
[Licensing::Client] Successfully resolved entitlement details
Thread 0x16dcdb000 may have been prematurely finalized
- Loaded All Assemblies, in  2.907 seconds
Refreshing native plugins compatible for Editor in 1.37 ms, found 2 plugins.
Native extension for OSXStandalone target not found
[Package Manager] Failed to launch server process. Reason: Unity was launched with the -noUpm command-line argument
[Package Manager] Unable to send message (not connected to server process).
[Package Manager] Cannot connect to Unity Package Manager local server
Mono: successfully reloaded assembly
- Finished resetting the current domain, in  2.261 seconds
Domain Reload Profiling: 5184ms
	BeginReloadAssembly (964ms)
		ExecutionOrderSort (0ms)
		DisableScriptedObjects (70ms)
		BackupInstance (0ms)
		ReleaseScriptingObjects (1ms)
		CreateAndSetChildDomain (401ms)
	RebuildCommonClasses (113ms)
	RebuildNativeTypeToScriptingClass (39ms)
	initialDomainReloadingComplete (81ms)
	LoadAllAssembliesAndSetupDomain (1726ms)
		LoadAssemblies (957ms)
		RebuildTransferFunctionScriptingTraits (0ms)
		AnalyzeDomain (981ms)
			TypeCache.Refresh (115ms)
				TypeCache.ScanAssembly (16ms)
			BuildScriptInfoCaches (801ms)
			ResolveRequiredComponents (40ms)
	FinalizeReload (2262ms)
		ReleaseScriptCaches (0ms)
		RebuildScriptCaches (0ms)
		SetupLoadedEditorAssemblies (1740ms)
			LogAssemblyErrors (0ms)
			InitializePlatformSupportModulesInManaged (4ms)
			SetLoadedEditorAssemblies (43ms)
			BeforeProcessingInitializeOnLoad (532ms)
			ProcessInitializeOnLoadAttributes (1006ms)
			ProcessInitializeOnLoadMethodAttributes (151ms)
			AfterProcessingInitializeOnLoad (2ms)
			EditorAssembliesLoaded (1ms)
		ExecutionOrderSort2 (0ms)
		AwakeInstancesAfterBackupRestoration (32ms)
WARNING: Shader Unsupported: 'Universal Render Pipeline/VR/SpatialMapping/Wireframe' - All subshaders removed
WARNING: Shader Did you use #pragma only_renderers and omit this platform?
WARNING: Shader If subshaders removal was intentional, you may have forgotten turning Fallback off?
WARNING: Shader Unsupported: 'Universal Render Pipeline/VR/SpatialMapping/Wireframe' - All subshaders removed
WARNING: Shader Did you use #pragma only_renderers and omit this platform?
WARNING: Shader If subshaders removal was intentional, you may have forgotten turning Fallback off?
Refreshing native plugins compatible for Editor in 2.41 ms, found 2 plugins.
Preloading 0 native plugins for Editor in 0.00 ms.
Unloading 17 Unused Serialized files (Serialized files now loaded: 0)
Unloading 6906 unused Assets / (4.4 MB). Loaded Objects now: 7782.
Memory consumption went from 154.1 MB to 149.8 MB.
Total: 38.628292 ms (FindLiveObjects: 1.007292 ms CreateObjectMapping: 1.155250 ms MarkObjects: 30.673500 ms  DeleteObjects: 5.573500 ms)

Prepare: number of updated asset objects reloaded= 0
========================================================================
Received Import Request.
  Time since last request: 188.422764 seconds.
  path: Assets/Scenes/GameCurse/Parte 1/Escena 11.unity
  artifactKey: Guid(5cbdd1ac61405419c967b2b9a68d9352) Importer(815301076,1909f56bfc062723c751e8b465ee728b)
Start importing Assets/Scenes/GameCurse/Parte 1/Escena 11.unity using Guid(5cbdd1ac61405419c967b2b9a68d9352) Importer(815301076,1909f56bfc062723c751e8b465ee728b) (PreviewImporter) -> (artifact id: '0b9ef445d6933403fde3b68050bc710b') in 0.018537667 seconds
Number of updated asset objects reloaded before import = 0Number of asset objects unloaded after import = 0

========================================================================
Received Prepare
Begin MonoManager ReloadAssembly
Thread 0x16dcdb000 may have been prematurely finalized
- Loaded All Assemblies, in  1.333 seconds
Refreshing native plugins compatible for Editor in 1.07 ms, found 2 plugins.
Native extension for OSXStandalone target not found
[Package Manager] Failed to launch server process. Reason: Unity was launched with the -noUpm command-line argument
[Package Manager] Unable to send message (not connected to server process).
[Package Manager] Cannot connect to Unity Package Manager local server
Mono: successfully reloaded assembly
- Finished resetting the current domain, in  1.919 seconds
Domain Reload Profiling: 3258ms
	BeginReloadAssembly (309ms)
		ExecutionOrderSort (0ms)
		DisableScriptedObjects (32ms)
		BackupInstance (0ms)
		ReleaseScriptingObjects (1ms)
		CreateAndSetChildDomain (114ms)
	RebuildCommonClasses (61ms)
	RebuildNativeTypeToScriptingClass (19ms)
	initialDomainReloadingComplete (47ms)
	LoadAllAssembliesAndSetupDomain (903ms)
		LoadAssemblies (408ms)
		RebuildTransferFunctionScriptingTraits (0ms)
		AnalyzeDomain (571ms)
			TypeCache.Refresh (35ms)
				TypeCache.ScanAssembly (0ms)
			BuildScriptInfoCaches (493ms)
			ResolveRequiredComponents (27ms)
	FinalizeReload (1920ms)
		ReleaseScriptCaches (0ms)
		RebuildScriptCaches (0ms)
		SetupLoadedEditorAssemblies (1585ms)
			LogAssemblyErrors (0ms)
			InitializePlatformSupportModulesInManaged (4ms)
			SetLoadedEditorAssemblies (15ms)
			BeforeProcessingInitializeOnLoad (425ms)
			ProcessInitializeOnLoadAttributes (952ms)
			ProcessInitializeOnLoadMethodAttributes (184ms)
			AfterProcessingInitializeOnLoad (3ms)
			EditorAssembliesLoaded (2ms)
		ExecutionOrderSort2 (0ms)
		AwakeInstancesAfterBackupRestoration (27ms)
WARNING: Shader Unsupported: 'Universal Render Pipeline/VR/SpatialMapping/Wireframe' - All subshaders removed
WARNING: Shader Did you use #pragma only_renderers and omit this platform?
WARNING: Shader If subshaders removal was intentional, you may have forgotten turning Fallback off?
WARNING: Shader Unsupported: 'Universal Render Pipeline/VR/SpatialMapping/Wireframe' - All subshaders removed
WARNING: Shader Did you use #pragma only_renderers and omit this platform?
WARNING: Shader If subshaders removal was intentional, you may have forgotten turning Fallback off?
Refreshing native plugins compatible for Editor in 1.03 ms, found 2 plugins.
Preloading 0 native plugins for Editor in 0.00 ms.
Unloading 17 Unused Serialized files (Serialized files now loaded: 0)
Unloading 6906 unused Assets / (4.5 MB). Loaded Objects now: 7785.
Memory consumption went from 154.1 MB to 149.7 MB.
Total: 17.536541 ms (FindLiveObjects: 0.682458 ms CreateObjectMapping: 1.110292 ms MarkObjects: 12.488458 ms  DeleteObjects: 3.254625 ms)

Prepare: number of updated asset objects reloaded= 0
========================================================================
Received Prepare
Begin MonoManager ReloadAssembly
[Licensing::Client] Successfully resolved entitlement details
Thread 0x16e023000 may have been prematurely finalized
- Loaded All Assemblies, in  1.304 seconds
Refreshing native plugins compatible for Editor in 0.80 ms, found 2 plugins.
Native extension for OSXStandalone target not found
[Package Manager] Failed to launch server process. Reason: Unity was launched with the -noUpm command-line argument
[Package Manager] Unable to send message (not connected to server process).
[Package Manager] Cannot connect to Unity Package Manager local server
Mono: successfully reloaded assembly
- Finished resetting the current domain, in  1.483 seconds
Domain Reload Profiling: 2792ms
	BeginReloadAssembly (318ms)
		ExecutionOrderSort (0ms)
		DisableScriptedObjects (27ms)
		BackupInstance (0ms)
		ReleaseScriptingObjects (1ms)
		CreateAndSetChildDomain (123ms)
	RebuildCommonClasses (80ms)
	RebuildNativeTypeToScriptingClass (29ms)
	initialDomainReloadingComplete (61ms)
	LoadAllAssembliesAndSetupDomain (821ms)
		LoadAssemblies (446ms)
		RebuildTransferFunctionScriptingTraits (0ms)
		AnalyzeDomain (443ms)
			TypeCache.Refresh (23ms)
				TypeCache.ScanAssembly (0ms)
			BuildScriptInfoCaches (383ms)
			ResolveRequiredComponents (25ms)
	FinalizeReload (1484ms)
		ReleaseScriptCaches (0ms)
		RebuildScriptCaches (0ms)
		SetupLoadedEditorAssemblies (1230ms)
			LogAssemblyErrors (0ms)
			InitializePlatformSupportModulesInManaged (3ms)
			SetLoadedEditorAssemblies (11ms)
			BeforeProcessingInitializeOnLoad (390ms)
			ProcessInitializeOnLoadAttributes (695ms)
			ProcessInitializeOnLoadMethodAttributes (128ms)
			AfterProcessingInitializeOnLoad (2ms)
			EditorAssembliesLoaded (1ms)
		ExecutionOrderSort2 (0ms)
		AwakeInstancesAfterBackupRestoration (24ms)
WARNING: Shader Unsupported: 'Universal Render Pipeline/VR/SpatialMapping/Wireframe' - All subshaders removed
WARNING: Shader Did you use #pragma only_renderers and omit this platform?
WARNING: Shader If subshaders removal was intentional, you may have forgotten turning Fallback off?
WARNING: Shader Unsupported: 'Universal Render Pipeline/VR/SpatialMapping/Wireframe' - All subshaders removed
WARNING: Shader Did you use #pragma only_renderers and omit this platform?
WARNING: Shader If subshaders removal was intentional, you may have forgotten turning Fallback off?
Refreshing native plugins compatible for Editor in 0.75 ms, found 2 plugins.
Preloading 0 native plugins for Editor in 0.00 ms.
Unloading 17 Unused Serialized files (Serialized files now loaded: 0)
Unloading 6906 unused Assets / (3.9 MB). Loaded Objects now: 7788.
Memory consumption went from 154.1 MB to 150.1 MB.
Total: 13.824833 ms (FindLiveObjects: 0.868084 ms CreateObjectMapping: 0.521500 ms MarkObjects: 9.329917 ms  DeleteObjects: 3.105083 ms)

Prepare: number of updated asset objects reloaded= 0
========================================================================
Received Import Request.
  Time since last request: 145.996572 seconds.
  path: Assets/Scenes/GameCurse/Parte 3/Escena29.unity
  artifactKey: Guid(1ee1727eab92c4bb396be0e8d5d0c11e) Importer(815301076,1909f56bfc062723c751e8b465ee728b)
Start importing Assets/Scenes/GameCurse/Parte 3/Escena29.unity using Guid(1ee1727eab92c4bb396be0e8d5d0c11e) Importer(815301076,1909f56bfc062723c751e8b465ee728b) (PreviewImporter) -> (artifact id: '09f77aaeb61f11ace276bf91a7edeafc') in 0.019462916 seconds
Number of updated asset objects reloaded before import = 0Number of asset objects unloaded after import = 0

========================================================================
Received Import Request.
  Time since last request: 24.684335 seconds.
  path: Assets/Scenes/GameCurse/Parte 3/Escena 29.unity
  artifactKey: Guid(1ee1727eab92c4bb396be0e8d5d0c11e) Importer(815301076,1909f56bfc062723c751e8b465ee728b)
Start importing Assets/Scenes/GameCurse/Parte 3/Escena 29.unity using Guid(1ee1727eab92c4bb396be0e8d5d0c11e) Importer(815301076,1909f56bfc062723c751e8b465ee728b) (PreviewImporter) -> (artifact id: 'a4003341e667a4ef6f38c85acda3a663') in 0.005236416 seconds
Number of updated asset objects reloaded before import = 0Number of asset objects unloaded after import = 0

========================================================================
Received Prepare
Begin MonoManager ReloadAssembly
[Licensing::Client] Successfully resolved entitlement details
Thread 0x16dcdb000 may have been prematurely finalized
- Loaded All Assemblies, in  1.568 seconds
Refreshing native plugins compatible for Editor in 0.91 ms, found 2 plugins.
Native extension for OSXStandalone target not found
[Package Manager] Failed to launch server process. Reason: Unity was launched with the -noUpm command-line argument
[Package Manager] Unable to send message (not connected to server process).
[Package Manager] Cannot connect to Unity Package Manager local server
Mono: successfully reloaded assembly
- Finished resetting the current domain, in  1.410 seconds
Domain Reload Profiling: 2985ms
	BeginReloadAssembly (356ms)
		ExecutionOrderSort (0ms)
		DisableScriptedObjects (35ms)
		BackupInstance (0ms)
		ReleaseScriptingObjects (1ms)
		CreateAndSetChildDomain (143ms)
	RebuildCommonClasses (55ms)
	RebuildNativeTypeToScriptingClass (19ms)
	initialDomainReloadingComplete (32ms)
	LoadAllAssembliesAndSetupDomain (1112ms)
		LoadAssemblies (551ms)
		RebuildTransferFunctionScriptingTraits (0ms)
		AnalyzeDomain (629ms)
			TypeCache.Refresh (46ms)
				TypeCache.ScanAssembly (0ms)
			BuildScriptInfoCaches (542ms)
			ResolveRequiredComponents (30ms)
	FinalizeReload (1411ms)
		ReleaseScriptCaches (0ms)
		RebuildScriptCaches (0ms)
		SetupLoadedEditorAssemblies (1158ms)
			LogAssemblyErrors (0ms)
			InitializePlatformSupportModulesInManaged (3ms)
			SetLoadedEditorAssemblies (11ms)
			BeforeProcessingInitializeOnLoad (371ms)
			ProcessInitializeOnLoadAttributes (615ms)
			ProcessInitializeOnLoadMethodAttributes (154ms)
			AfterProcessingInitializeOnLoad (2ms)
			EditorAssembliesLoaded (1ms)
		ExecutionOrderSort2 (0ms)
		AwakeInstancesAfterBackupRestoration (20ms)
WARNING: Shader Unsupported: 'Universal Render Pipeline/VR/SpatialMapping/Wireframe' - All subshaders removed
WARNING: Shader Did you use #pragma only_renderers and omit this platform?
WARNING: Shader If subshaders removal was intentional, you may have forgotten turning Fallback off?
WARNING: Shader Unsupported: 'Universal Render Pipeline/VR/SpatialMapping/Wireframe' - All subshaders removed
WARNING: Shader Did you use #pragma only_renderers and omit this platform?
WARNING: Shader If subshaders removal was intentional, you may have forgotten turning Fallback off?
Refreshing native plugins compatible for Editor in 1.02 ms, found 2 plugins.
Preloading 0 native plugins for Editor in 0.00 ms.
Unloading 17 Unused Serialized files (Serialized files now loaded: 0)
Unloading 6906 unused Assets / (4.7 MB). Loaded Objects now: 7791.
Memory consumption went from 154.1 MB to 149.5 MB.
Total: 16.940666 ms (FindLiveObjects: 1.015833 ms CreateObjectMapping: 0.657750 ms MarkObjects: 11.433958 ms  DeleteObjects: 3.829292 ms)

Prepare: number of updated asset objects reloaded= 0
========================================================================
Received Import Request.
  Time since last request: 90.513581 seconds.
  path: Assets/Scenes/GameCurse/Parte 3/Escena 30.unity
  artifactKey: Guid(97bbf07c2ee67400db0b920f85eeffa3) Importer(815301076,1909f56bfc062723c751e8b465ee728b)
Start importing Assets/Scenes/GameCurse/Parte 3/Escena 30.unity using Guid(97bbf07c2ee67400db0b920f85eeffa3) Importer(815301076,1909f56bfc062723c751e8b465ee728b) (PreviewImporter) -> (artifact id: '4907c08e97610834020cc90278dc4461') in 0.01574825 seconds
Number of updated asset objects reloaded before import = 0Number of asset objects unloaded after import = 0

========================================================================
Received Import Request.
  Time since last request: 39.496180 seconds.
  path: Assets/Scenes/GameCurse/Parte 3/Escena 31.unity
  artifactKey: Guid(1e25da9e255eb4b78b7f20a73822167d) Importer(815301076,1909f56bfc062723c751e8b465ee728b)
Start importing Assets/Scenes/GameCurse/Parte 3/Escena 31.unity using Guid(1e25da9e255eb4b78b7f20a73822167d) Importer(815301076,1909f56bfc062723c751e8b465ee728b) (PreviewImporter) -> (artifact id: '4802a31bd61ba5f664355da0faa03096') in 0.002863667 seconds
Number of updated asset objects reloaded before import = 0Number of asset objects unloaded after import = 0

========================================================================
Received Import Request.
  Time since last request: 45.923797 seconds.
  path: Assets/Scenes/GameCurse/Parte 3/Escena 30.unity
  artifactKey: Guid(97bbf07c2ee67400db0b920f85eeffa3) Importer(815301076,1909f56bfc062723c751e8b465ee728b)
Start importing Assets/Scenes/GameCurse/Parte 3/Escena 30.unity using Guid(97bbf07c2ee67400db0b920f85eeffa3) Importer(815301076,1909f56bfc062723c751e8b465ee728b) (PreviewImporter) -> (artifact id: '679a5989e75565ea1a4bf735aaf41647') in 0.003230209 seconds
Number of updated asset objects reloaded before import = 0Number of asset objects unloaded after import = 0

========================================================================
Received Import Request.
  Time since last request: 1.444021 seconds.
  path: Assets/Scenes/GameCurse/Parte 3/Escena 31.unity
  artifactKey: Guid(1e25da9e255eb4b78b7f20a73822167d) Importer(815301076,1909f56bfc062723c751e8b465ee728b)
Start importing Assets/Scenes/GameCurse/Parte 3/Escena 31.unity using Guid(1e25da9e255eb4b78b7f20a73822167d) Importer(815301076,1909f56bfc062723c751e8b465ee728b) (PreviewImporter) -> (artifact id: '2825bb9770b2f607bd2ed0f8369dd1a4') in 0.001336333 seconds
Number of updated asset objects reloaded before import = 0Number of asset objects unloaded after import = 0

========================================================================
Received Import Request.
  Time since last request: 60.408938 seconds.
  path: Assets/Scenes/GameCurse/Parte 3/Escena 31.unity
  artifactKey: Guid(1e25da9e255eb4b78b7f20a73822167d) Importer(815301076,1909f56bfc062723c751e8b465ee728b)
Start importing Assets/Scenes/GameCurse/Parte 3/Escena 31.unity using Guid(1e25da9e255eb4b78b7f20a73822167d) Importer(815301076,1909f56bfc062723c751e8b465ee728b) (PreviewImporter) -> (artifact id: '4213dd08b23fa45ef9f419393ce50593') in 0.009133041 seconds
Number of updated asset objects reloaded before import = 0Number of asset objects unloaded after import = 0

